{
    "fbeta-1.0": 0.5595839953777265,
    "neg_prec": 0.44662208900161404,
    "pos_prec": 0.8797925541766994,
    "neg_rec": 0.7490332559938129,
    "pos_rec": 0.6643356643356644,
    "neg_f": 0.5595839953777265,
    "pos_f": 0.7570324328631763,
    "tn": 1937,
    "fp": 649,
    "fn": 2400,
    "tp": 4750,
    "sensitivity": 0.6643356643356644,
    "specificity": 0.7490332559938129,
    "acc": 0.6868323746918652
}