{
    "fbeta-1.0": 0.5209399720800373,
    "neg_prec": 0.40686898055606036,
    "pos_prec": 0.798251830852823,
    "neg_rec": 0.723892660847074,
    "pos_rec": 0.5086557278338101,
    "neg_f": 0.5209399720800373,
    "pos_f": 0.6213681500551673,
    "tn": 2239,
    "fp": 854,
    "fn": 3264,
    "tp": 3379,
    "sensitivity": 0.5086557278338101,
    "specificity": 0.723892660847074,
    "acc": 0.5770336894001643
}