{
    "fbeta-1.0": 0.57587724246869,
    "neg_prec": 0.4798796540052651,
    "pos_prec": 0.7752376641014034,
    "neg_rec": 0.7198871650211566,
    "pos_rec": 0.5532224196414149,
    "neg_f": 0.57587724246869,
    "pos_f": 0.6456781977566218,
    "tn": 2552,
    "fp": 993,
    "fn": 2766,
    "tp": 3425,
    "sensitivity": 0.5532224196414149,
    "specificity": 0.7198871650211566,
    "acc": 0.6139071487263763
}