{
    "fbeta-1.0": 0.5297194484070376,
    "neg_prec": 0.3668898891206499,
    "pos_prec": 0.733652312599681,
    "neg_rec": 0.9524080934739242,
    "pos_rec": 0.0738718484021198,
    "neg_f": 0.5297194484070376,
    "pos_f": 0.1342281879194631,
    "tn": 3342,
    "fp": 167,
    "fn": 5767,
    "tp": 460,
    "sensitivity": 0.0738718484021198,
    "specificity": 0.9524080934739242,
    "acc": 0.39050944946589977
}