{
    "fbeta-1.0": 0.595633345362685,
    "neg_prec": 0.4604547356674571,
    "pos_prec": 0.7608102843786522,
    "neg_rec": 0.8431673052362707,
    "pos_rec": 0.3355093626524652,
    "neg_f": 0.595633345362685,
    "pos_f": 0.46566523605150223,
    "tn": 3301,
    "fp": 614,
    "fn": 3868,
    "tp": 1953,
    "sensitivity": 0.3355093626524652,
    "specificity": 0.8431673052362707,
    "acc": 0.5396466721446179
}