{
    "fbeta-1.0": 0.5719870814210437,
    "neg_prec": 0.4362198599948146,
    "pos_prec": 0.6602373887240356,
    "neg_rec": 0.8304540967423495,
    "pos_rec": 0.2348698099929627,
    "neg_f": 0.5719870814210437,
    "pos_f": 0.34648325979756034,
    "tn": 3365,
    "fp": 687,
    "fn": 4349,
    "tp": 1335,
    "sensitivity": 0.2348698099929627,
    "specificity": 0.8304540967423495,
    "acc": 0.4827444535743632
}