{
    "fbeta-1.0": 0.6550933508024893,
    "neg_prec": 0.5757052389176741,
    "pos_prec": 0.7904972375690608,
    "neg_rec": 0.7598784194528876,
    "pos_rec": 0.6180027643400138,
    "neg_f": 0.6550933508024893,
    "pos_f": 0.693687578784059,
    "tn": 3000,
    "fp": 948,
    "fn": 2211,
    "tp": 3577,
    "sensitivity": 0.6180027643400138,
    "specificity": 0.7598784194528876,
    "acc": 0.6755341002465078
}