{
    "fbeta-1.0": 0.5707102451288498,
    "neg_prec": 0.460446247464503,
    "pos_prec": 0.7628272251308901,
    "neg_rec": 0.7504132231404959,
    "pos_rec": 0.4772355060596135,
    "neg_f": 0.5707102451288498,
    "pos_f": 0.5871448720531935,
    "tn": 2724,
    "fp": 906,
    "fn": 3192,
    "tp": 2914,
    "sensitivity": 0.4772355060596135,
    "specificity": 0.7504132231404959,
    "acc": 0.5790879211175021
}