{
    "fbeta-1.0": 0.4971764705882352,
    "neg_prec": 0.374645390070922,
    "pos_prec": 0.817626953125,
    "neg_rec": 0.7388111888111888,
    "pos_rec": 0.4870564281559046,
    "neg_f": 0.4971764705882352,
    "pos_f": 0.6104629967189208,
    "tn": 2113,
    "fp": 747,
    "fn": 3527,
    "tp": 3349,
    "sensitivity": 0.4870564281559046,
    "specificity": 0.7388111888111888,
    "acc": 0.5610106820049302
}