{
    "fbeta-1.0": 0.5669440242057489,
    "neg_prec": 0.429512893982808,
    "pos_prec": 0.7830188679245284,
    "neg_rec": 0.8337041156840934,
    "pos_rec": 0.35146579804560263,
    "neg_f": 0.5669440242057489,
    "pos_f": 0.48516187050359705,
    "tn": 2998,
    "fp": 598,
    "fn": 3982,
    "tp": 2158,
    "sensitivity": 0.35146579804560263,
    "specificity": 0.8337041156840934,
    "acc": 0.5295809367296631
}