{
    "fbeta-1.0": 0.5425425425425425,
    "neg_prec": 0.4310710498409332,
    "pos_prec": 0.7807748896517901,
    "neg_rec": 0.7317731773177317,
    "pos_rec": 0.49726690613774793,
    "neg_f": 0.5425425425425425,
    "pos_f": 0.6075756130140254,
    "tn": 2439,
    "fp": 894,
    "fn": 3219,
    "tp": 3184,
    "sensitivity": 0.49726690613774793,
    "specificity": 0.7317731773177317,
    "acc": 0.5775472473294988
}