{
    "fbeta-1.0": 0.6777506112469438,
    "neg_prec": 0.6130030959752322,
    "pos_prec": 0.8300728807057921,
    "neg_rec": 0.7577911427009295,
    "pos_rec": 0.7120763409016124,
    "neg_f": 0.6777506112469438,
    "pos_f": 0.7665603967410557,
    "tn": 2772,
    "fp": 886,
    "fn": 1750,
    "tp": 4328,
    "sensitivity": 0.7120763409016124,
    "specificity": 0.7577911427009295,
    "acc": 0.729252259654889
}