{
    "fbeta-1.0": 0.5945086398812679,
    "neg_prec": 0.4660904255319149,
    "pos_prec": 0.8352150537634409,
    "neg_rec": 0.8206028680128767,
    "pos_rec": 0.49169172337395156,
    "neg_f": 0.5945086398812679,
    "pos_f": 0.6189859547763721,
    "tn": 2804,
    "fp": 613,
    "fn": 3212,
    "tp": 3107,
    "sensitivity": 0.49169172337395156,
    "specificity": 0.8206028680128767,
    "acc": 0.6071281840591619
}