{
    "fbeta-1.0": 0.5708949163553678,
    "neg_prec": 0.4213617837449053,
    "pos_prec": 0.6721664275466284,
    "neg_rec": 0.884944612286002,
    "pos_rec": 0.16256072172102706,
    "neg_f": 0.5708949163553678,
    "pos_f": 0.2618049734562727,
    "tn": 3515,
    "fp": 457,
    "fn": 4827,
    "tp": 937,
    "sensitivity": 0.16256072172102706,
    "specificity": 0.884944612286002,
    "acc": 0.4572719802793755
}