{
    "fbeta-1.0": 0.5424995654441161,
    "neg_prec": 0.3962671406805485,
    "pos_prec": 0.7263440860215054,
    "neg_rec": 0.8597796143250689,
    "pos_rec": 0.22125777923354079,
    "neg_f": 0.5424995654441161,
    "pos_f": 0.3391915641476274,
    "tn": 3121,
    "fp": 509,
    "fn": 4755,
    "tp": 1351,
    "sensitivity": 0.22125777923354079,
    "specificity": 0.8597796143250689,
    "acc": 0.45932621199671325
}