{
    "fbeta-1.0": 0.5474717722140403,
    "neg_prec": 0.423257932290876,
    "pos_prec": 0.742775484280724,
    "neg_rec": 0.7748749305169539,
    "pos_rec": 0.381068752036494,
    "neg_f": 0.5474717722140403,
    "pos_f": 0.5037148702487347,
    "tn": 2788,
    "fp": 810,
    "fn": 3799,
    "tp": 2339,
    "sensitivity": 0.381068752036494,
    "specificity": 0.7748749305169539,
    "acc": 0.5266023007395234
}