{
    "fbeta-1.0": 0.5912012856568903,
    "neg_prec": 0.4947049924357035,
    "pos_prec": 0.7190388170055453,
    "neg_rec": 0.7344646867981033,
    "pos_rec": 0.475301099668354,
    "neg_f": 0.5912012856568903,
    "pos_f": 0.5722992854140395,
    "tn": 2943,
    "fp": 1064,
    "fn": 3006,
    "tp": 2723,
    "sensitivity": 0.475301099668354,
    "specificity": 0.7344646867981033,
    "acc": 0.5819638455217748
}