{
    "fbeta-1.0": 0.46566523605150206,
    "neg_prec": 0.31283037001441616,
    "pos_prec": 0.8186968838526912,
    "neg_rec": 0.9104895104895104,
    "pos_rec": 0.16812100058173357,
    "neg_f": 0.46566523605150206,
    "pos_f": 0.27895752895752896,
    "tn": 2604,
    "fp": 256,
    "fn": 5720,
    "tp": 1156,
    "sensitivity": 0.16812100058173357,
    "specificity": 0.9104895104895104,
    "acc": 0.3861955628594905
}