{
    "fbeta-1.0": 0.5738229132208622,
    "neg_prec": 0.510496370413969,
    "pos_prec": 0.7046777322698857,
    "neg_rec": 0.6550855991943605,
    "pos_rec": 0.5671408743927828,
    "neg_f": 0.5738229132208622,
    "pos_f": 0.6284725559934633,
    "tn": 2602,
    "fp": 1370,
    "fn": 2495,
    "tp": 3269,
    "sensitivity": 0.5671408743927828,
    "specificity": 0.6550855991943605,
    "acc": 0.6030197206244864
}