{
    "fbeta-1.0": 0.6882035119315623,
    "neg_prec": 0.6278496611213802,
    "pos_prec": 0.8031641668378878,
    "neg_rec": 0.7613947696139477,
    "pos_rec": 0.6832721552176193,
    "neg_f": 0.6882035119315623,
    "pos_f": 0.7383830751794485,
    "tn": 3057,
    "fp": 958,
    "fn": 1812,
    "tp": 3909,
    "sensitivity": 0.6832721552176193,
    "specificity": 0.7613947696139477,
    "acc": 0.7154889071487264
}