{
    "fbeta-1.0": 0.5042487446890691,
    "neg_prec": 0.3600882636877672,
    "pos_prec": 0.8012072434607646,
    "neg_rec": 0.840901771336554,
    "pos_rec": 0.3002563715879958,
    "neg_f": 0.5042487446890691,
    "pos_f": 0.43681439227731467,
    "tn": 2611,
    "fp": 494,
    "fn": 4640,
    "tp": 1991,
    "sensitivity": 0.3002563715879958,
    "specificity": 0.840901771336554,
    "acc": 0.4726787181594084
}