{
    "fbeta-1.0": 0.6363520570627946,
    "neg_prec": 0.5528995130588756,
    "pos_prec": 0.8399770026830203,
    "neg_rec": 0.7494749474947495,
    "pos_rec": 0.6845228799000469,
    "neg_f": 0.6363520570627946,
    "pos_f": 0.7543240684966871,
    "tn": 2498,
    "fp": 835,
    "fn": 2020,
    "tp": 4383,
    "sensitivity": 0.6845228799000469,
    "specificity": 0.7494749474947495,
    "acc": 0.706758422350041
}