{
    "fbeta-1.0": 0.4633808143199294,
    "neg_prec": 0.35150124306750813,
    "pos_prec": 0.807854448635456,
    "neg_rec": 0.6797337278106509,
    "pos_rec": 0.5177758816837316,
    "neg_f": 0.4633808143199294,
    "pos_f": 0.6310772163965682,
    "tn": 1838,
    "fp": 866,
    "fn": 3391,
    "tp": 3641,
    "sensitivity": 0.5177758816837316,
    "specificity": 0.6797337278106509,
    "acc": 0.5627567789646672
}