{
    "fbeta-1.0": 0.526106500691563,
    "neg_prec": 0.37332842596000493,
    "pos_prec": 0.7640378548895899,
    "neg_rec": 0.8905472636815921,
    "pos_rec": 0.19164424750751702,
    "neg_f": 0.526106500691563,
    "pos_f": 0.3064271255060729,
    "tn": 3043,
    "fp": 374,
    "fn": 5108,
    "tp": 1211,
    "sensitivity": 0.19164424750751702,
    "specificity": 0.8905472636815921,
    "acc": 0.43693508627773214
}