{
    "fbeta-1.0": 0.5347050397187134,
    "neg_prec": 0.4260219962647852,
    "pos_prec": 0.835875533862111,
    "neg_rec": 0.7178321678321679,
    "pos_rec": 0.5977312390924956,
    "neg_f": 0.5347050397187134,
    "pos_f": 0.697023658102264,
    "tn": 2053,
    "fp": 807,
    "fn": 2766,
    "tp": 4110,
    "sensitivity": 0.5977312390924956,
    "specificity": 0.7178321678321679,
    "acc": 0.633011503697617
}