{
    "fbeta-1.0": 0.5237983034872762,
    "neg_prec": 0.41296674716700726,
    "pos_prec": 0.7973811164713991,
    "neg_rec": 0.7159420289855073,
    "pos_rec": 0.5234504599607902,
    "neg_f": 0.5237983034872762,
    "pos_f": 0.6320101966496723,
    "tn": 2223,
    "fp": 882,
    "fn": 3160,
    "tp": 3471,
    "sensitivity": 0.5234504599607902,
    "specificity": 0.7159420289855073,
    "acc": 0.5848397699260477
}