{
    "fbeta-1.0": 0.665390138822403,
    "neg_prec": 0.5882352941176471,
    "pos_prec": 0.8303393213572854,
    "neg_rec": 0.7658402203856749,
    "pos_rec": 0.681297084834589,
    "neg_f": 0.665390138822403,
    "pos_f": 0.7484706729039223,
    "tn": 2780,
    "fp": 850,
    "fn": 1946,
    "tp": 4160,
    "sensitivity": 0.681297084834589,
    "specificity": 0.7658402203856749,
    "acc": 0.7128184059161874
}