{
    "fbeta-1.0": 0.45397969210612515,
    "neg_prec": 0.2964071856287425,
    "pos_prec": 0.7708333333333334,
    "neg_rec": 0.9692307692307692,
    "pos_rec": 0.04304828388598022,
    "neg_f": 0.45397969210612515,
    "pos_f": 0.0815426997245179,
    "tn": 2772,
    "fp": 88,
    "fn": 6580,
    "tp": 296,
    "sensitivity": 0.04304828388598022,
    "specificity": 0.9692307692307692,
    "acc": 0.31511914543960556
}