{
    "fbeta-1.0": 0.6118341607406413,
    "neg_prec": 0.5229357798165137,
    "pos_prec": 0.8487723214285714,
    "neg_rec": 0.7371483996120272,
    "pos_rec": 0.6868884540117417,
    "neg_f": 0.6118341607406413,
    "pos_f": 0.7592977785173476,
    "tn": 2280,
    "fp": 813,
    "fn": 2080,
    "tp": 4563,
    "sensitivity": 0.6868884540117417,
    "specificity": 0.7371483996120272,
    "acc": 0.7028553820870994
}