{
    "fbeta-1.0": 0.48720395592955673,
    "neg_prec": 0.33293810765947357,
    "pos_prec": 0.7811059907834101,
    "neg_rec": 0.9078564500484966,
    "pos_rec": 0.15309348186060515,
    "neg_f": 0.48720395592955673,
    "pos_f": 0.2560100692259283,
    "tn": 2808,
    "fp": 285,
    "fn": 5626,
    "tp": 1017,
    "sensitivity": 0.15309348186060515,
    "specificity": 0.9078564500484966,
    "acc": 0.39287181594083814
}