{
    "fbeta-1.0": 0.5439378923026098,
    "neg_prec": 0.4019284755278897,
    "pos_prec": 0.5968891769280622,
    "neg_rec": 0.8411238825031928,
    "pos_rec": 0.1582202370726679,
    "neg_f": 0.5439378923026098,
    "pos_f": 0.2501357957631722,
    "tn": 3293,
    "fp": 622,
    "fn": 4900,
    "tp": 921,
    "sensitivity": 0.1582202370726679,
    "specificity": 0.8411238825031928,
    "acc": 0.4328266228430567
}