{
    "fbeta-1.0": 0.5597238622944863,
    "neg_prec": 0.44001713796058267,
    "pos_prec": 0.6613021214337966,
    "neg_rec": 0.7689044172697779,
    "pos_rec": 0.31558736254145575,
    "neg_f": 0.5597238622944863,
    "pos_f": 0.42727165307810466,
    "tn": 3081,
    "fp": 926,
    "fn": 3921,
    "tp": 1808,
    "sensitivity": 0.31558736254145575,
    "specificity": 0.7689044172697779,
    "acc": 0.5021569433032046
}