{
    "fbeta-1.0": 0.4779113137173643,
    "neg_prec": 0.32133303611234953,
    "pos_prec": 0.725130890052356,
    "neg_rec": 0.9321047526673133,
    "pos_rec": 0.08339605599879572,
    "neg_f": 0.4779113137173643,
    "pos_f": 0.14958822735250438,
    "tn": 2883,
    "fp": 210,
    "fn": 6089,
    "tp": 554,
    "sensitivity": 0.08339605599879572,
    "specificity": 0.9321047526673133,
    "acc": 0.35301972062448644
}