{
    "fbeta-1.0": 0.5701053606576358,
    "neg_prec": 0.46417797888386125,
    "pos_prec": 0.8034747292418772,
    "neg_rec": 0.7386738673867387,
    "pos_rec": 0.5561455567702639,
    "neg_f": 0.5701053606576358,
    "pos_f": 0.6573142593447161,
    "tn": 2462,
    "fp": 871,
    "fn": 2842,
    "tp": 3561,
    "sensitivity": 0.5561455567702639,
    "specificity": 0.7386738673867387,
    "acc": 0.618631881676253
}