{
    "fbeta-1.0": 0.5399999999999999,
    "neg_prec": 0.43390089917734836,
    "pos_prec": 0.7992903082723442,
    "neg_rec": 0.7147809643870154,
    "pos_rec": 0.5491391132104221,
    "neg_f": 0.5399999999999999,
    "pos_f": 0.6510115606936415,
    "tn": 2268,
    "fp": 905,
    "fn": 2959,
    "tp": 3604,
    "sensitivity": 0.5491391132104221,
    "specificity": 0.7147809643870154,
    "acc": 0.6031224322103533
}