{
    "fbeta-1.0": 0.5514350209609804,
    "neg_prec": 0.45134612000703855,
    "pos_prec": 0.7396989884036517,
    "neg_rec": 0.7085635359116023,
    "pos_rec": 0.49018966644865924,
    "neg_f": 0.5514350209609804,
    "pos_f": 0.5896351656996756,
    "tn": 2565,
    "fp": 1055,
    "fn": 3118,
    "tp": 2998,
    "sensitivity": 0.49018966644865924,
    "specificity": 0.7085635359116023,
    "acc": 0.5713845521774856
}