{
    "fbeta-1.0": 0.6346741344195519,
    "neg_prec": 0.560981098109811,
    "pos_prec": 0.8263416477702192,
    "neg_rec": 0.7306565064478312,
    "pos_rec": 0.6914927261227072,
    "neg_f": 0.6346741344195519,
    "pos_f": 0.752926997245179,
    "tn": 2493,
    "fp": 919,
    "fn": 1951,
    "tp": 4373,
    "sensitivity": 0.6914927261227072,
    "specificity": 0.7306565064478312,
    "acc": 0.7052177485620378
}