{
    "fbeta-1.0": 0.5411992263056093,
    "neg_prec": 0.4393844221105528,
    "pos_prec": 0.6514251781472684,
    "neg_rec": 0.7044310171198389,
    "pos_rec": 0.3806384455239417,
    "neg_f": 0.5411992263056093,
    "pos_f": 0.4805081033727551,
    "tn": 2798,
    "fp": 1174,
    "fn": 3570,
    "tp": 2194,
    "sensitivity": 0.3806384455239417,
    "specificity": 0.7044310171198389,
    "acc": 0.5127362366474938
}