{
    "fbeta-1.0": 0.5772849462365591,
    "neg_prec": 0.4671863669325598,
    "pos_prec": 0.8021327014218009,
    "neg_rec": 0.7552754982415005,
    "pos_rec": 0.5352624920936117,
    "neg_f": 0.5772849462365591,
    "pos_f": 0.6420713201820941,
    "tn": 2577,
    "fp": 835,
    "fn": 2939,
    "tp": 3385,
    "sensitivity": 0.5352624920936117,
    "specificity": 0.7552754982415005,
    "acc": 0.612366474938373
}