{
    "fbeta-1.0": 0.546817208487444,
    "neg_prec": 0.4083442360808257,
    "pos_prec": 0.7948897444872244,
    "neg_rec": 0.8273932253313696,
    "pos_rec": 0.3581454029332913,
    "neg_f": 0.546817208487444,
    "pos_f": 0.4938030006523158,
    "tn": 2809,
    "fp": 586,
    "fn": 4070,
    "tp": 2271,
    "sensitivity": 0.3581454029332913,
    "specificity": 0.8273932253313696,
    "acc": 0.5217748562037798
}