{
    "fbeta-1.0": 0.6111431537662937,
    "neg_prec": 0.5205344861465907,
    "pos_prec": 0.7996556918442006,
    "neg_rec": 0.7399441340782122,
    "pos_rec": 0.603638726445744,
    "neg_f": 0.6111431537662937,
    "pos_f": 0.6879570489678793,
    "tn": 2649,
    "fp": 931,
    "fn": 2440,
    "tp": 3716,
    "sensitivity": 0.603638726445744,
    "specificity": 0.7399441340782122,
    "acc": 0.653759244042728
}