{
    "fbeta-1.0": 0.5480525843063607,
    "neg_prec": 0.3967841097186096,
    "pos_prec": 0.661189358372457,
    "neg_rec": 0.8857218263394036,
    "pos_rec": 0.14208844795695308,
    "neg_f": 0.5480525843063607,
    "pos_f": 0.2339100346020761,
    "tn": 3356,
    "fp": 433,
    "fn": 5102,
    "tp": 845,
    "sensitivity": 0.14208844795695308,
    "specificity": 0.8857218263394036,
    "acc": 0.4314913722267872
}