{
    "fbeta-1.0": 0.6258477039333463,
    "neg_prec": 0.5086614173228347,
    "pos_prec": 0.780862374483166,
    "neg_rec": 0.8131923464249748,
    "pos_rec": 0.4587092297015961,
    "neg_f": 0.6258477039333463,
    "pos_f": 0.5779234972677596,
    "tn": 3230,
    "fp": 742,
    "fn": 3120,
    "tp": 2644,
    "sensitivity": 0.4587092297015961,
    "specificity": 0.8131923464249748,
    "acc": 0.6033278553820871
}