{
    "fbeta-1.0": 0.5573919981762224,
    "neg_prec": 0.43136908962597037,
    "pos_prec": 0.8377581120943953,
    "neg_rec": 0.7874396135265701,
    "pos_rec": 0.5139496305232997,
    "neg_f": 0.5573919981762224,
    "pos_f": 0.6370688849425179,
    "tn": 2445,
    "fp": 660,
    "fn": 3223,
    "tp": 3408,
    "sensitivity": 0.5139496305232997,
    "specificity": 0.7874396135265701,
    "acc": 0.6011709120788825
}