{
    "fbeta-1.0": 0.6141664883372566,
    "neg_prec": 0.5012224938875306,
    "pos_prec": 0.8129675810473815,
    "neg_rec": 0.7928176795580111,
    "pos_rec": 0.5330281229561805,
    "neg_f": 0.6141664883372566,
    "pos_f": 0.6438870235038515,
    "tn": 2870,
    "fp": 750,
    "fn": 2856,
    "tp": 3260,
    "sensitivity": 0.5330281229561805,
    "specificity": 0.7928176795580111,
    "acc": 0.6296220213640099
}