{
    "fbeta-1.0": 0.5348703170028818,
    "neg_prec": 0.40857058996184326,
    "pos_prec": 0.7221081451060917,
    "neg_rec": 0.7741935483870968,
    "pos_rec": 0.34364820846905536,
    "neg_f": 0.5348703170028818,
    "pos_f": 0.46568086515118073,
    "tn": 2784,
    "fp": 812,
    "fn": 4030,
    "tp": 2110,
    "sensitivity": 0.34364820846905536,
    "specificity": 0.7741935483870968,
    "acc": 0.502670501232539
}