{
    "fbeta-1.0": 0.6353740137820832,
    "neg_prec": 0.5303434478159387,
    "pos_prec": 0.7768860353130016,
    "neg_rec": 0.7922789539227896,
    "pos_rec": 0.5076035658101731,
    "neg_f": 0.6353740137820832,
    "pos_f": 0.6140183951791945,
    "tn": 3181,
    "fp": 834,
    "fn": 2817,
    "tp": 2904,
    "sensitivity": 0.5076035658101731,
    "specificity": 0.7922789539227896,
    "acc": 0.625
}