{
    "fbeta-1.0": 0.6912556053811659,
    "neg_prec": 0.6333196384552178,
    "pos_prec": 0.8009449465899754,
    "neg_rec": 0.7608588351431392,
    "pos_rec": 0.6859605911330049,
    "neg_f": 0.6912556053811659,
    "pos_f": 0.7390068233510235,
    "tn": 3083,
    "fp": 969,
    "fn": 1785,
    "tp": 3899,
    "sensitivity": 0.6859605911330049,
    "specificity": 0.7608588351431392,
    "acc": 0.7171322925225966
}