{
    "fbeta-1.0": 0.5472718001019887,
    "neg_prec": 0.44457332228666113,
    "pos_prec": 0.706295595784923,
    "neg_rec": 0.7116710875331564,
    "pos_rec": 0.43814951391216894,
    "neg_f": 0.5472718001019887,
    "pos_f": 0.5408089376228405,
    "tn": 2683,
    "fp": 1087,
    "fn": 3352,
    "tp": 2614,
    "sensitivity": 0.43814951391216894,
    "specificity": 0.7116710875331564,
    "acc": 0.5440632703368941
}