{
    "fbeta-1.0": 0.6436840751222022,
    "neg_prec": 0.5713633249600365,
    "pos_prec": 0.8333022213925705,
    "neg_rec": 0.7369661266568484,
    "pos_rec": 0.703989906954739,
    "neg_f": 0.6436840751222022,
    "pos_f": 0.7632073858779278,
    "tn": 2502,
    "fp": 893,
    "fn": 1877,
    "tp": 4464,
    "sensitivity": 0.703989906954739,
    "specificity": 0.7369661266568484,
    "acc": 0.7154889071487264
}