{
    "fbeta-1.0": 0.5753727222528989,
    "neg_prec": 0.4386137224638698,
    "pos_prec": 0.7650440781908777,
    "neg_rec": 0.8360524204332709,
    "pos_rec": 0.3328330832082708,
    "neg_f": 0.5753727222528989,
    "pos_f": 0.46386242156634916,
    "tn": 3126,
    "fp": 613,
    "fn": 4001,
    "tp": 1996,
    "sensitivity": 0.3328330832082708,
    "specificity": 0.8360524204332709,
    "acc": 0.526088742810189
}