{
    "fbeta-1.0": 0.5442890442890443,
    "neg_prec": 0.43034864076178775,
    "pos_prec": 0.6951937984496124,
    "neg_rec": 0.7402906208718626,
    "pos_rec": 0.376743404469837,
    "neg_f": 0.5442890442890443,
    "pos_f": 0.488666085440279,
    "tn": 2802,
    "fp": 983,
    "fn": 3709,
    "tp": 2242,
    "sensitivity": 0.376743404469837,
    "specificity": 0.7402906208718626,
    "acc": 0.5180772391125719
}