{
    "fbeta-1.0": 0.5187432710188902,
    "neg_prec": 0.3884491351509821,
    "pos_prec": 0.744337680164722,
    "neg_rec": 0.780559646539028,
    "pos_rec": 0.34205961204857277,
    "neg_f": 0.5187432710188902,
    "pos_f": 0.46871961102106974,
    "tn": 2650,
    "fp": 745,
    "fn": 4172,
    "tp": 2169,
    "sensitivity": 0.34205961204857277,
    "specificity": 0.780559646539028,
    "acc": 0.4949671322925226
}