{
    "fbeta-1.0": 0.5932730356133408,
    "neg_prec": 0.4801006404391583,
    "pos_prec": 0.8872110365398956,
    "neg_rec": 0.7762573964497042,
    "pos_rec": 0.6767633674630261,
    "neg_f": 0.5932730356133408,
    "pos_f": 0.7678283317199096,
    "tn": 2099,
    "fp": 605,
    "fn": 2273,
    "tp": 4759,
    "sensitivity": 0.6767633674630261,
    "specificity": 0.7762573964497042,
    "acc": 0.7043960558751027
}