{
    "fbeta-1.0": 0.5399968066421842,
    "neg_prec": 0.38488676453852283,
    "pos_prec": 0.6238145416227608,
    "neg_rec": 0.9045199251136667,
    "pos_rec": 0.09871602467900617,
    "neg_f": 0.5399968066421842,
    "pos_f": 0.17045781744889146,
    "tn": 3382,
    "fp": 357,
    "fn": 5405,
    "tp": 592,
    "sensitivity": 0.09871602467900617,
    "specificity": 0.9045199251136667,
    "acc": 0.4081758422350041
}