{
    "fbeta-1.0": 0.5140442018138592,
    "neg_prec": 0.367632241813602,
    "pos_prec": 0.72271714922049,
    "neg_rec": 0.8542581211589113,
    "pos_rec": 0.2054122487735401,
    "neg_f": 0.5140442018138592,
    "pos_f": 0.31990141712877385,
    "tn": 2919,
    "fp": 498,
    "fn": 5021,
    "tp": 1298,
    "sensitivity": 0.2054122487735401,
    "specificity": 0.8542581211589113,
    "acc": 0.43313475760065734
}