{
    "fbeta-1.0": 0.5282788671023965,
    "neg_prec": 0.3806832454157247,
    "pos_prec": 0.7282976324689966,
    "neg_rec": 0.8627953316253913,
    "pos_rec": 0.20761690502972843,
    "neg_f": 0.5282788671023965,
    "pos_f": 0.3231211704389146,
    "tn": 3031,
    "fp": 482,
    "fn": 4931,
    "tp": 1292,
    "sensitivity": 0.20761690502972843,
    "specificity": 0.8627953316253913,
    "acc": 0.44402218570254726
}