{
    "fbeta-1.0": 0.6144325571638347,
    "neg_prec": 0.503524153343648,
    "pos_prec": 0.798928298035213,
    "neg_rec": 0.7880010761366694,
    "pos_rec": 0.5201860774214986,
    "neg_f": 0.6144325571638347,
    "pos_f": 0.6301066613000603,
    "tn": 2929,
    "fp": 788,
    "fn": 2888,
    "tp": 3131,
    "sensitivity": 0.5201860774214986,
    "specificity": 0.7880010761366694,
    "acc": 0.6224322103533279
}