{
    "fbeta-1.0": 0.6015037593984963,
    "neg_prec": 0.5014245014245015,
    "pos_prec": 0.8047416685305301,
    "neg_rec": 0.7514944491887275,
    "pos_rec": 0.578177727784027,
    "neg_f": 0.6015037593984963,
    "pos_f": 0.6729006919768095,
    "tn": 2640,
    "fp": 873,
    "fn": 2625,
    "tp": 3598,
    "sensitivity": 0.578177727784027,
    "specificity": 0.7514944491887275,
    "acc": 0.6407148726376335
}