{
    "fbeta-1.0": 0.5485067343353505,
    "neg_prec": 0.41117939713198715,
    "pos_prec": 0.7925568573397657,
    "neg_rec": 0.8235638921453693,
    "pos_rec": 0.36369386464263126,
    "neg_f": 0.5485067343353505,
    "pos_f": 0.4985909386516367,
    "tn": 2810,
    "fp": 602,
    "fn": 4024,
    "tp": 2300,
    "sensitivity": 0.36369386464263126,
    "specificity": 0.8235638921453693,
    "acc": 0.5248562037797864
}