{
    "fbeta-1.0": 0.5392451731832736,
    "neg_prec": 0.4370183991193584,
    "pos_prec": 0.6538347645839503,
    "neg_rec": 0.7039007092198581,
    "pos_rec": 0.38147892190739463,
    "neg_f": 0.5392451731832736,
    "pos_f": 0.4818330605564648,
    "tn": 2779,
    "fp": 1169,
    "fn": 3580,
    "tp": 2208,
    "sensitivity": 0.38147892190739463,
    "specificity": 0.7039007092198581,
    "acc": 0.5122226787181594
}