{
    "fbeta-1.0": 0.6000451161741485,
    "neg_prec": 0.5049354593773728,
    "pos_prec": 0.7900626678603402,
    "neg_rec": 0.7392996108949417,
    "pos_rec": 0.5751058976865429,
    "neg_f": 0.6000451161741485,
    "pos_f": 0.6656609466339808,
    "tn": 2660,
    "fp": 938,
    "fn": 2608,
    "tp": 3530,
    "sensitivity": 0.5751058976865429,
    "specificity": 0.7392996108949417,
    "acc": 0.635784716516023
}