{
    "fbeta-1.0": 0.5437577768560763,
    "neg_prec": 0.4352589641434263,
    "pos_prec": 0.7311422413793104,
    "neg_rec": 0.7243093922651934,
    "pos_rec": 0.4437540876389797,
    "neg_f": 0.5437577768560763,
    "pos_f": 0.5522995522995523,
    "tn": 2622,
    "fp": 998,
    "fn": 3402,
    "tp": 2714,
    "sensitivity": 0.4437540876389797,
    "specificity": 0.7243093922651934,
    "acc": 0.5480690221857025
}