{
    "fbeta-1.0": 0.6101585247492721,
    "neg_prec": 0.5013290802764487,
    "pos_prec": 0.804300024431957,
    "neg_rec": 0.7793388429752066,
    "pos_rec": 0.5391418277104487,
    "neg_f": 0.6101585247492721,
    "pos_f": 0.6455534856358466,
    "tn": 2829,
    "fp": 801,
    "fn": 2814,
    "tp": 3292,
    "sensitivity": 0.5391418277104487,
    "specificity": 0.7793388429752066,
    "acc": 0.6286976170912079
}