{
    "fbeta-1.0": 0.5662770680438525,
    "neg_prec": 0.43002614558965185,
    "pos_prec": 0.7387606318347509,
    "neg_rec": 0.8289124668435013,
    "pos_rec": 0.3057324840764331,
    "neg_f": 0.5662770680438525,
    "pos_f": 0.43248369887374033,
    "tn": 3125,
    "fp": 645,
    "fn": 4142,
    "tp": 1824,
    "sensitivity": 0.3057324840764331,
    "specificity": 0.8289124668435013,
    "acc": 0.5083196384552178
}