{
    "fbeta-1.0": 0.5115804509743903,
    "neg_prec": 0.42592592592592593,
    "pos_prec": 0.6342857142857142,
    "neg_rec": 0.6403575989782886,
    "pos_rec": 0.4195155471568459,
    "neg_f": 0.5115804509743903,
    "pos_f": 0.505014993278875,
    "tn": 2507,
    "fp": 1408,
    "fn": 3379,
    "tp": 2442,
    "sensitivity": 0.4195155471568459,
    "specificity": 0.6403575989782886,
    "acc": 0.5083196384552178
}