{
    "fbeta-1.0": 0.6170234559049473,
    "neg_prec": 0.5179707652622528,
    "pos_prec": 0.7612853863810253,
    "neg_rec": 0.7629179331306991,
    "pos_rec": 0.5157221838286109,
    "neg_f": 0.6170234559049473,
    "pos_f": 0.6148933978782574,
    "tn": 3012,
    "fp": 936,
    "fn": 2803,
    "tp": 2985,
    "sensitivity": 0.5157221838286109,
    "specificity": 0.7629179331306991,
    "acc": 0.6159613804437141
}