{
    "fbeta-1.0": 0.5714861055175192,
    "neg_prec": 0.46198925606381247,
    "pos_prec": 0.7353186752017813,
    "neg_rec": 0.7490102929532858,
    "pos_rec": 0.4442576088784261,
    "neg_f": 0.5714861055175192,
    "pos_f": 0.5538784067085954,
    "tn": 2838,
    "fp": 951,
    "fn": 3305,
    "tp": 2642,
    "sensitivity": 0.4442576088784261,
    "specificity": 0.7490102929532858,
    "acc": 0.5628594905505341
}