{
    "fbeta-1.0": 0.5097938585236507,
    "neg_prec": 0.35654462790141184,
    "pos_prec": 0.7438316400580551,
    "neg_rec": 0.8940894089408941,
    "pos_rec": 0.1600812119319069,
    "neg_f": 0.5097938585236507,
    "pos_f": 0.2634622799126076,
    "tn": 2980,
    "fp": 353,
    "fn": 5378,
    "tp": 1025,
    "sensitivity": 0.1600812119319069,
    "specificity": 0.8940894089408941,
    "acc": 0.41135990139687756
}