{
    "fbeta-1.0": 0.579087899177614,
    "neg_prec": 0.48601649336679814,
    "pos_prec": 0.7417027417027418,
    "neg_rec": 0.7162483487450463,
    "pos_rec": 0.5182322298773315,
    "neg_f": 0.579087899177614,
    "pos_f": 0.6101493718468692,
    "tn": 2711,
    "fp": 1074,
    "fn": 2867,
    "tp": 3084,
    "sensitivity": 0.5182322298773315,
    "specificity": 0.7162483487450463,
    "acc": 0.5952136400986031
}