{
    "fbeta-1.0": 0.5404984423676011,
    "neg_prec": 0.3983926521239954,
    "pos_prec": 0.6868740115972588,
    "neg_rec": 0.8401937046004843,
    "pos_rec": 0.21648114304701777,
    "neg_f": 0.5404984423676011,
    "pos_f": 0.32920667003537135,
    "tn": 3123,
    "fp": 594,
    "fn": 4716,
    "tp": 1303,
    "sensitivity": 0.21648114304701777,
    "specificity": 0.8401937046004843,
    "acc": 0.4546014790468365
}