{
    "fbeta-1.0": 0.6623899371069183,
    "neg_prec": 0.5934189767861168,
    "pos_prec": 0.8339309303642196,
    "neg_rec": 0.7495018502704242,
    "pos_rec": 0.7101076651132894,
    "neg_f": 0.6623899371069183,
    "pos_f": 0.7670543308453392,
    "tn": 2633,
    "fp": 880,
    "fn": 1804,
    "tp": 4419,
    "sensitivity": 0.7101076651132894,
    "specificity": 0.7495018502704242,
    "acc": 0.7243221035332785
}