{
    "fbeta-1.0": 0.6656686626746507,
    "neg_prec": 0.6036199095022624,
    "pos_prec": 0.8254326561324304,
    "neg_rec": 0.7419354838709677,
    "pos_rec": 0.714657980456026,
    "neg_f": 0.6656686626746507,
    "pos_f": 0.7660614525139665,
    "tn": 2668,
    "fp": 928,
    "fn": 1752,
    "tp": 4388,
    "sensitivity": 0.714657980456026,
    "specificity": 0.7419354838709677,
    "acc": 0.7247329498767461
}