{
    "fbeta-1.0": 0.5675349958283118,
    "neg_prec": 0.4371608111968009,
    "pos_prec": 0.7351865398683248,
    "neg_rec": 0.8087186261558784,
    "pos_rec": 0.337758359939506,
    "neg_f": 0.5675349958283118,
    "pos_f": 0.46286701208981,
    "tn": 3061,
    "fp": 724,
    "fn": 3941,
    "tp": 2010,
    "sensitivity": 0.337758359939506,
    "specificity": 0.8087186261558784,
    "acc": 0.5208504519309778
}