{
    "fbeta-1.0": 0.626095717884131,
    "neg_prec": 0.5022631749110895,
    "pos_prec": 0.8219718309859155,
    "neg_rec": 0.8309708478202728,
    "pos_rec": 0.48657662164415544,
    "neg_f": 0.626095717884131,
    "pos_f": 0.6112915051848749,
    "tn": 3107,
    "fp": 632,
    "fn": 3079,
    "tp": 2918,
    "sensitivity": 0.48657662164415544,
    "specificity": 0.8309708478202728,
    "acc": 0.6188373048479868
}