{
    "fbeta-1.0": 0.578568983224923,
    "neg_prec": 0.44073542834789414,
    "pos_prec": 0.6927914852443154,
    "neg_rec": 0.8418430884184309,
    "pos_rec": 0.25030589057857017,
    "neg_f": 0.578568983224923,
    "pos_f": 0.36774524910118134,
    "tn": 3380,
    "fp": 635,
    "fn": 4289,
    "tp": 1432,
    "sensitivity": 0.25030589057857017,
    "specificity": 0.8418430884184309,
    "acc": 0.4942481511914544
}