{
    "fbeta-1.0": 0.6328864353312303,
    "neg_prec": 0.5230568681766335,
    "pos_prec": 0.7785495971103085,
    "neg_rec": 0.801098078362865,
    "pos_rec": 0.48909059172630476,
    "neg_f": 0.6328864353312303,
    "pos_f": 0.6007718696397942,
    "tn": 3210,
    "fp": 797,
    "fn": 2927,
    "tp": 2802,
    "sensitivity": 0.48909059172630476,
    "specificity": 0.801098078362865,
    "acc": 0.6175020542317173
}