{
    "fbeta-1.0": 0.6135400516795866,
    "neg_prec": 0.5042473666326878,
    "pos_prec": 0.7867532467532468,
    "neg_rec": 0.7833201372393771,
    "pos_rec": 0.5093324365226164,
    "neg_f": 0.6135400516795866,
    "pos_f": 0.618352556905175,
    "tn": 2968,
    "fp": 821,
    "fn": 2918,
    "tp": 3029,
    "sensitivity": 0.5093324365226164,
    "specificity": 0.7833201372393771,
    "acc": 0.6159613804437141
}