{
    "fbeta-1.0": 0.4916801774895469,
    "neg_prec": 0.33711677978001403,
    "pos_prec": 0.7546218487394958,
    "neg_rec": 0.9079735266309487,
    "pos_rec": 0.13682767027274112,
    "neg_f": 0.4916801774895469,
    "pos_f": 0.23165226363988134,
    "tn": 2881,
    "fp": 292,
    "fn": 5665,
    "tp": 898,
    "sensitivity": 0.13682767027274112,
    "specificity": 0.9079735266309487,
    "acc": 0.3881470829909614
}