{
    "fbeta-1.0": 0.5363438992618323,
    "neg_prec": 0.38916194076874605,
    "pos_prec": 0.7268184342032205,
    "neg_rec": 0.8625698324022346,
    "pos_rec": 0.2126380766731644,
    "neg_f": 0.5363438992618323,
    "pos_f": 0.3290184742993591,
    "tn": 3088,
    "fp": 492,
    "fn": 4847,
    "tp": 1309,
    "sensitivity": 0.2126380766731644,
    "specificity": 0.8625698324022346,
    "acc": 0.4516228430566968
}