{
    "fbeta-1.0": 0.511686143572621,
    "neg_prec": 0.39727802981205446,
    "pos_prec": 0.7306397306397306,
    "neg_rec": 0.7186400937866354,
    "pos_rec": 0.4117647058823529,
    "neg_f": 0.511686143572621,
    "pos_f": 0.5266990291262136,
    "tn": 2452,
    "fp": 960,
    "fn": 3720,
    "tp": 2604,
    "sensitivity": 0.4117647058823529,
    "specificity": 0.7186400937866354,
    "acc": 0.5193097781429745
}