{
    "fbeta-1.0": 0.655946237849514,
    "neg_prec": 0.6266911258885577,
    "pos_prec": 0.7694883720930232,
    "neg_rec": 0.6880664652567976,
    "pos_rec": 0.7175572519083969,
    "neg_f": 0.655946237849514,
    "pos_f": 0.7426160337552743,
    "tn": 2733,
    "fp": 1239,
    "fn": 1628,
    "tp": 4136,
    "sensitivity": 0.7175572519083969,
    "specificity": 0.6880664652567976,
    "acc": 0.7055258833196385
}