{
    "fbeta-1.0": 0.5155982173465891,
    "neg_prec": 0.4306987399770905,
    "pos_prec": 0.7205424633170298,
    "neg_rec": 0.6421861656703672,
    "pos_rec": 0.5208098987626547,
    "neg_f": 0.5155982173465891,
    "pos_f": 0.6046077791250816,
    "tn": 2256,
    "fp": 1257,
    "fn": 2982,
    "tp": 3241,
    "sensitivity": 0.5208098987626547,
    "specificity": 0.6421861656703672,
    "acc": 0.5646055875102711
}