{
    "fbeta-1.0": 0.6224555388900793,
    "neg_prec": 0.5235177509461164,
    "pos_prec": 0.7898256508239789,
    "neg_rec": 0.7675033025099075,
    "pos_rec": 0.5557049235422618,
    "neg_f": 0.6224555388900793,
    "pos_f": 0.6523969224699152,
    "tn": 2905,
    "fp": 880,
    "fn": 2644,
    "tp": 3307,
    "sensitivity": 0.5557049235422618,
    "specificity": 0.7675033025099075,
    "acc": 0.6380443714050945
}