{
    "fbeta-1.0": 0.5199872760046654,
    "neg_prec": 0.42022279348757496,
    "pos_prec": 0.7067418610612664,
    "neg_rec": 0.681868743047831,
    "pos_rec": 0.4490228013029316,
    "neg_f": 0.5199872760046654,
    "pos_f": 0.5491484911861368,
    "tn": 2452,
    "fp": 1144,
    "fn": 3383,
    "tp": 2757,
    "sensitivity": 0.4490228013029316,
    "specificity": 0.681868743047831,
    "acc": 0.535024650780608
}