{
    "fbeta-1.0": 0.5359689502662696,
    "neg_prec": 0.3872440328681362,
    "pos_prec": 0.7858869018849686,
    "neg_rec": 0.8701641266119577,
    "pos_rec": 0.2571157495256167,
    "neg_f": 0.5359689502662696,
    "pos_f": 0.3874657452639105,
    "tn": 2969,
    "fp": 443,
    "fn": 4698,
    "tp": 1626,
    "sensitivity": 0.2571157495256167,
    "specificity": 0.8701641266119577,
    "acc": 0.47195973705834016
}