{
    "fbeta-1.0": 0.6619820692997335,
    "neg_prec": 0.602160017632797,
    "pos_prec": 0.8105404885554914,
    "neg_rec": 0.7350013451708367,
    "pos_rec": 0.7001162983884366,
    "neg_f": 0.6619820692997335,
    "pos_f": 0.7512925655197005,
    "tn": 2732,
    "fp": 985,
    "fn": 1805,
    "tp": 4214,
    "sensitivity": 0.7001162983884366,
    "specificity": 0.7350013451708367,
    "acc": 0.7134346754313886
}