{
    "fbeta-1.0": 0.5581339425273537,
    "neg_prec": 0.4831390507910075,
    "pos_prec": 0.7583130575831306,
    "neg_rec": 0.6606888699117563,
    "pos_rec": 0.6009963040334244,
    "neg_f": 0.5581339425273537,
    "pos_f": 0.6705513222770059,
    "tn": 2321,
    "fp": 1192,
    "fn": 2483,
    "tp": 3740,
    "sensitivity": 0.6009963040334244,
    "specificity": 0.6606888699117563,
    "acc": 0.6225349219391948
}