{
    "fbeta-1.0": 0.5835150457915395,
    "neg_prec": 0.46321620218106285,
    "pos_prec": 0.8183884819398838,
    "neg_rec": 0.7882179675994109,
    "pos_rec": 0.5109604163381171,
    "neg_f": 0.5835150457915395,
    "pos_f": 0.629126213592233,
    "tn": 2676,
    "fp": 719,
    "fn": 3101,
    "tp": 3240,
    "sensitivity": 0.5109604163381171,
    "specificity": 0.7882179675994109,
    "acc": 0.6076417419884963
}