{
    "fbeta-1.0": 0.5247773906310491,
    "neg_prec": 0.42465538847117795,
    "pos_prec": 0.6309665871121718,
    "neg_rec": 0.686676798378926,
    "pos_rec": 0.365411195577056,
    "neg_f": 0.5247773906310491,
    "pos_f": 0.462800875273523,
    "tn": 2711,
    "fp": 1237,
    "fn": 3673,
    "tp": 2115,
    "sensitivity": 0.365411195577056,
    "specificity": 0.686676798378926,
    "acc": 0.4956861133935908
}