{
    "fbeta-1.0": 0.659006671608599,
    "neg_prec": 0.593193950177936,
    "pos_prec": 0.8223282442748091,
    "neg_rec": 0.7412451361867705,
    "pos_rec": 0.702020202020202,
    "neg_f": 0.659006671608599,
    "pos_f": 0.7574266127614695,
    "tn": 2667,
    "fp": 931,
    "fn": 1829,
    "tp": 4309,
    "sensitivity": 0.702020202020202,
    "specificity": 0.7412451361867705,
    "acc": 0.7165160230073953
}