{
    "fbeta-1.0": 0.5486440677966101,
    "neg_prec": 0.40156308150353553,
    "pos_prec": 0.7002985074626865,
    "neg_rec": 0.8657395025407864,
    "pos_rec": 0.19559779889944973,
    "neg_f": 0.5486440677966101,
    "pos_f": 0.3057872784150157,
    "tn": 3237,
    "fp": 502,
    "fn": 4824,
    "tp": 1173,
    "sensitivity": 0.19559779889944973,
    "specificity": 0.8657395025407864,
    "acc": 0.4529580936729663
}