{
    "fbeta-1.0": 0.421323163654452,
    "neg_prec": 0.26815111861544955,
    "pos_prec": 0.8269230769230769,
    "neg_rec": 0.9825986078886311,
    "pos_rec": 0.03006993006993007,
    "neg_f": 0.421323163654452,
    "pos_f": 0.058029689608636977,
    "tn": 2541,
    "fp": 45,
    "fn": 6935,
    "tp": 215,
    "sensitivity": 0.03006993006993007,
    "specificity": 0.9825986078886311,
    "acc": 0.28307313064913725
}