{
    "fbeta-1.0": 0.6768300365377347,
    "neg_prec": 0.6221913365763262,
    "pos_prec": 0.8276434766562096,
    "neg_rec": 0.7419889502762431,
    "pos_rec": 0.7333224329627207,
    "neg_f": 0.6768300365377347,
    "pos_f": 0.7776332899869961,
    "tn": 2686,
    "fp": 934,
    "fn": 1631,
    "tp": 4485,
    "sensitivity": 0.7333224329627207,
    "specificity": 0.7419889502762431,
    "acc": 0.7365447822514379
}