{
    "fbeta-1.0": 0.5443968828888156,
    "neg_prec": 0.41209704220671317,
    "pos_prec": 0.835126412049489,
    "neg_rec": 0.8018105399288716,
    "pos_rec": 0.4674093030257414,
    "neg_f": 0.5443968828888156,
    "pos_f": 0.5993629958498216,
    "tn": 2480,
    "fp": 613,
    "fn": 3538,
    "tp": 3105,
    "sensitivity": 0.4674093030257414,
    "specificity": 0.8018105399288716,
    "acc": 0.573644207066557
}