{
    "fbeta-1.0": 0.5117260407368335,
    "neg_prec": 0.3531586021505376,
    "pos_prec": 0.7004950495049505,
    "neg_rec": 0.928718703976436,
    "pos_rec": 0.08926036902696735,
    "neg_f": 0.5117260407368335,
    "pos_f": 0.15834382431109245,
    "tn": 3153,
    "fp": 242,
    "fn": 5775,
    "tp": 566,
    "sensitivity": 0.08926036902696735,
    "specificity": 0.928718703976436,
    "acc": 0.3819843878389482
}