{
    "fbeta-1.0": 0.5077730275942479,
    "neg_prec": 0.3670459334176148,
    "pos_prec": 0.7860145204432556,
    "neg_rec": 0.8235108729908603,
    "pos_rec": 0.31342373914368427,
    "neg_f": 0.5077730275942479,
    "pos_f": 0.44814814814814813,
    "tn": 2613,
    "fp": 560,
    "fn": 4506,
    "tp": 2057,
    "sensitivity": 0.31342373914368427,
    "specificity": 0.8235108729908603,
    "acc": 0.4796631059983566
}