{
    "fbeta-1.0": 0.4158125915080528,
    "neg_prec": 0.26747922437673133,
    "pos_prec": 0.7580872011251758,
    "neg_rec": 0.9334880123743233,
    "pos_rec": 0.07538461538461538,
    "neg_f": 0.4158125915080528,
    "pos_f": 0.13713268032056988,
    "tn": 2414,
    "fp": 172,
    "fn": 6611,
    "tp": 539,
    "sensitivity": 0.07538461538461538,
    "specificity": 0.9334880123743233,
    "acc": 0.3033073130649137
}