{
    "fbeta-1.0": 0.607760532150776,
    "neg_prec": 0.5053466076696165,
    "pos_prec": 0.8017161410018553,
    "neg_rec": 0.7622358175750834,
    "pos_rec": 0.5630293159609121,
    "neg_f": 0.607760532150776,
    "pos_f": 0.6615001913509377,
    "tn": 2741,
    "fp": 855,
    "fn": 2683,
    "tp": 3457,
    "sensitivity": 0.5630293159609121,
    "specificity": 0.7622358175750834,
    "acc": 0.6366064092029581
}