{
    "fbeta-1.0": 0.568682771997884,
    "neg_prec": 0.44015285928756653,
    "pos_prec": 0.6720630967206309,
    "neg_rec": 0.8032378580323786,
    "pos_rec": 0.282992483831498,
    "neg_f": 0.568682771997884,
    "pos_f": 0.3982779827798278,
    "tn": 3225,
    "fp": 790,
    "fn": 4102,
    "tp": 1619,
    "sensitivity": 0.282992483831498,
    "specificity": 0.8032378580323786,
    "acc": 0.49753492193919474
}