{
    "fbeta-1.0": 0.561520825372564,
    "neg_prec": 0.4223307946544044,
    "pos_prec": 0.7947425279078142,
    "neg_rec": 0.8375605585636934,
    "pos_rec": 0.35442428135538784,
    "neg_f": 0.561520825372564,
    "pos_f": 0.49022656597067976,
    "tn": 2939,
    "fp": 570,
    "fn": 4020,
    "tp": 2207,
    "sensitivity": 0.35442428135538784,
    "specificity": 0.8375605585636934,
    "acc": 0.5285538208709942
}