{
    "fbeta-1.0": 0.6061279960464542,
    "neg_prec": 0.4916816997394267,
    "pos_prec": 0.8626500947967137,
    "neg_rec": 0.7900161030595814,
    "pos_rec": 0.6175539134368874,
    "neg_f": 0.6061279960464542,
    "pos_f": 0.7198101599578135,
    "tn": 2453,
    "fp": 652,
    "fn": 2536,
    "tp": 4095,
    "sensitivity": 0.6175539134368874,
    "specificity": 0.7900161030595814,
    "acc": 0.6725554642563681
}