{
    "fbeta-1.0": 0.5661672194898776,
    "neg_prec": 0.47937245787332944,
    "pos_prec": 0.758364312267658,
    "neg_rec": 0.6913407821229051,
    "pos_rec": 0.5633528265107213,
    "neg_f": 0.5661672194898776,
    "pos_f": 0.6464721782085935,
    "tn": 2475,
    "fp": 1105,
    "fn": 2688,
    "tp": 3468,
    "sensitivity": 0.5633528265107213,
    "specificity": 0.6913407821229051,
    "acc": 0.6104149548069022
}