{
    "fbeta-1.0": 0.5944121071012805,
    "neg_prec": 0.5060455896927651,
    "pos_prec": 0.7885312300149222,
    "neg_rec": 0.7201692524682651,
    "pos_rec": 0.5974802132127282,
    "neg_f": 0.5944121071012805,
    "pos_f": 0.6798382650248116,
    "tn": 2553,
    "fp": 992,
    "fn": 2492,
    "tp": 3699,
    "sensitivity": 0.5974802132127282,
    "specificity": 0.7201692524682651,
    "acc": 0.6421528348397699
}