{
    "fbeta-1.0": 0.6682892906815021,
    "neg_prec": 0.5896911433831049,
    "pos_prec": 0.8233959149989685,
    "neg_rec": 0.7710617812249264,
    "pos_rec": 0.6654994163748541,
    "neg_f": 0.6682892906815021,
    "pos_f": 0.7360752489856143,
    "tn": 2883,
    "fp": 856,
    "fn": 2006,
    "tp": 3991,
    "sensitivity": 0.6654994163748541,
    "specificity": 0.7710617812249264,
    "acc": 0.7060394412489729
}