{
    "fbeta-1.0": 0.5312361148138274,
    "neg_prec": 0.38597623966942146,
    "pos_prec": 0.7389558232931727,
    "neg_rec": 0.8518096323738957,
    "pos_rec": 0.23638991488678338,
    "neg_f": 0.5312361148138274,
    "pos_f": 0.3581944275459301,
    "tn": 2989,
    "fp": 520,
    "fn": 4755,
    "tp": 1472,
    "sensitivity": 0.23638991488678338,
    "specificity": 0.8518096323738957,
    "acc": 0.4581963845521775
}