{
    "fbeta-1.0": 0.6061257388500806,
    "neg_prec": 0.49214659685863876,
    "pos_prec": 0.8827639751552795,
    "neg_rec": 0.7888111888111888,
    "pos_rec": 0.6614310645724258,
    "neg_f": 0.6061257388500806,
    "pos_f": 0.7562354506152312,
    "tn": 2256,
    "fp": 604,
    "fn": 2328,
    "tp": 4548,
    "sensitivity": 0.6614310645724258,
    "specificity": 0.7888111888111888,
    "acc": 0.6988496302382908
}