{
    "fbeta-1.0": 0.5388349514563107,
    "neg_prec": 0.37639466199956245,
    "pos_prec": 0.6818181818181818,
    "neg_rec": 0.9479338842975207,
    "pos_rec": 0.06632820176875205,
    "neg_f": 0.5388349514563107,
    "pos_f": 0.12089552238805969,
    "tn": 3441,
    "fp": 189,
    "fn": 5701,
    "tp": 405,
    "sensitivity": 0.06632820176875205,
    "specificity": 0.9479338842975207,
    "acc": 0.39502875924404274
}