{
    "fbeta-1.0": 0.6829324968049262,
    "neg_prec": 0.6389130434782608,
    "pos_prec": 0.7920560747663551,
    "neg_rec": 0.7334664337409533,
    "pos_rec": 0.7100715657182755,
    "neg_f": 0.6829324968049262,
    "pos_f": 0.7488265071329958,
    "tn": 2939,
    "fp": 1068,
    "fn": 1661,
    "tp": 4068,
    "sensitivity": 0.7100715657182755,
    "specificity": 0.7334664337409533,
    "acc": 0.7197000821692687
}