{
    "fbeta-1.0": 0.6106699056339344,
    "neg_prec": 0.48863636363636365,
    "pos_prec": 0.7549212598425197,
    "neg_rec": 0.8139476961394769,
    "pos_rec": 0.4022024121657053,
    "neg_f": 0.6106699056339344,
    "pos_f": 0.5248032842969551,
    "tn": 3268,
    "fp": 747,
    "fn": 3420,
    "tp": 2301,
    "sensitivity": 0.4022024121657053,
    "specificity": 0.8139476961394769,
    "acc": 0.572000821692687
}