{
    "fbeta-1.0": 0.6362284986196646,
    "neg_prec": 0.5583302273574358,
    "pos_prec": 0.7583524027459955,
    "neg_rec": 0.7393879565646594,
    "pos_rec": 0.5830401125967628,
    "neg_f": 0.6362284986196646,
    "pos_f": 0.6592401034414164,
    "tn": 2996,
    "fp": 1056,
    "fn": 2370,
    "tp": 3314,
    "sensitivity": 0.5830401125967628,
    "specificity": 0.7393879565646594,
    "acc": 0.6481101068200493
}