{
    "fbeta-1.0": 0.5789645066753502,
    "neg_prec": 0.4801080108010801,
    "pos_prec": 0.7629753647452763,
    "neg_rec": 0.7290869327501367,
    "pos_rec": 0.5248436985850609,
    "neg_f": 0.5789645066753502,
    "pos_f": 0.6218929720245637,
    "tn": 2667,
    "fp": 991,
    "fn": 2888,
    "tp": 3190,
    "sensitivity": 0.5248436985850609,
    "specificity": 0.7290869327501367,
    "acc": 0.6015817584223501
}