{
    "fbeta-1.0": 0.6613106851830598,
    "neg_prec": 0.5850934199837531,
    "pos_prec": 0.8113050706566916,
    "neg_rec": 0.7603589337556084,
    "pos_rec": 0.6564654447620649,
    "neg_f": 0.6613106851830598,
    "pos_f": 0.7257180035319267,
    "tn": 2881,
    "fp": 908,
    "fn": 2043,
    "tp": 3904,
    "sensitivity": 0.6564654447620649,
    "specificity": 0.7603589337556084,
    "acc": 0.69689811010682
}