{
    "fbeta-1.0": 0.5139803416356522,
    "neg_prec": 0.37685418415897004,
    "pos_prec": 0.752895752895753,
    "neg_rec": 0.8079807980798079,
    "pos_rec": 0.3045447446509449,
    "neg_f": 0.5139803416356522,
    "pos_f": 0.4336706327143334,
    "tn": 2693,
    "fp": 640,
    "fn": 4453,
    "tp": 1950,
    "sensitivity": 0.3045447446509449,
    "specificity": 0.8079807980798079,
    "acc": 0.4768898931799507
}