{
    "fbeta-1.0": 0.5567256109676136,
    "neg_prec": 0.42141675439915777,
    "pos_prec": 0.8007774538386784,
    "neg_rec": 0.820017559262511,
    "pos_rec": 0.39120113942079443,
    "neg_f": 0.5567256109676136,
    "pos_f": 0.5256219434403572,
    "tn": 2802,
    "fp": 615,
    "fn": 3847,
    "tp": 2472,
    "sensitivity": 0.39120113942079443,
    "specificity": 0.820017559262511,
    "acc": 0.5417009038619556
}