{
    "fbeta-1.0": 0.5271938605271937,
    "neg_prec": 0.3742745469619803,
    "pos_prec": 0.7022428460943542,
    "neg_rec": 0.8913963328631875,
    "pos_rec": 0.1466645130027459,
    "neg_f": 0.5271938605271937,
    "pos_f": 0.24265098877605557,
    "tn": 3160,
    "fp": 385,
    "fn": 5283,
    "tp": 908,
    "sensitivity": 0.1466645130027459,
    "specificity": 0.8913963328631875,
    "acc": 0.4178307313064914
}