{
    "fbeta-1.0": 0.6109929474980409,
    "neg_prec": 0.517345971563981,
    "pos_prec": 0.7917507285362027,
    "neg_rec": 0.7460360852925095,
    "pos_rec": 0.5811122079631458,
    "neg_f": 0.6109929474980409,
    "pos_f": 0.6702723218521681,
    "tn": 2729,
    "fp": 929,
    "fn": 2546,
    "tp": 3532,
    "sensitivity": 0.5811122079631458,
    "specificity": 0.7460360852925095,
    "acc": 0.6430772391125719
}