{
    "fbeta-1.0": 0.617182262235418,
    "neg_prec": 0.5043042729691658,
    "pos_prec": 0.7520167314012548,
    "neg_rec": 0.7951628825271471,
    "pos_rec": 0.4428219563687544,
    "neg_f": 0.617182262235418,
    "pos_f": 0.557413354002879,
    "tn": 3222,
    "fp": 830,
    "fn": 3167,
    "tp": 2517,
    "sensitivity": 0.4428219563687544,
    "specificity": 0.7951628825271471,
    "acc": 0.5894617912900575
}