{
    "fbeta-1.0": 0.5771594953089614,
    "neg_prec": 0.4862802107941123,
    "pos_prec": 0.7415544531065438,
    "neg_rec": 0.709814323607427,
    "pos_rec": 0.5261481729802212,
    "neg_f": 0.5771594953089614,
    "pos_f": 0.6155505441709971,
    "tn": 2676,
    "fp": 1094,
    "fn": 2827,
    "tp": 3139,
    "sensitivity": 0.5261481729802212,
    "specificity": 0.709814323607427,
    "acc": 0.5972678718159409
}