{
    "fbeta-1.0": 0.6463918618204937,
    "neg_prec": 0.5523361101050344,
    "pos_prec": 0.7947318462268629,
    "neg_rec": 0.7790549169859514,
    "pos_rec": 0.5753306991925786,
    "neg_f": 0.6463918618204937,
    "pos_f": 0.6674638764324863,
    "tn": 3050,
    "fp": 865,
    "fn": 2472,
    "tp": 3349,
    "sensitivity": 0.5753306991925786,
    "specificity": 0.7790549169859514,
    "acc": 0.6572514379622021
}