{
    "fbeta-1.0": 0.5661295736824438,
    "neg_prec": 0.4264761663927172,
    "pos_prec": 0.6529830322933772,
    "neg_rec": 0.841776890441727,
    "pos_rec": 0.20823878512829463,
    "neg_f": 0.5661295736824438,
    "pos_f": 0.3157755426151403,
    "tn": 3373,
    "fp": 634,
    "fn": 4536,
    "tp": 1193,
    "sensitivity": 0.20823878512829463,
    "specificity": 0.841776890441727,
    "acc": 0.4689811010682005
}