{
    "fbeta-1.0": 0.5553368943866553,
    "neg_prec": 0.422501069442464,
    "pos_prec": 0.7447668013220713,
    "neg_rec": 0.8100054674685621,
    "pos_rec": 0.3336623889437315,
    "neg_f": 0.5553368943866553,
    "pos_f": 0.46085672082717877,
    "tn": 2963,
    "fp": 695,
    "fn": 4050,
    "tp": 2028,
    "sensitivity": 0.3336623889437315,
    "specificity": 0.8100054674685621,
    "acc": 0.512633525061627
}