{
    "fbeta-1.0": 0.6764275256222548,
    "neg_prec": 0.6262991414369634,
    "pos_prec": 0.8120527306967985,
    "neg_rec": 0.7352785145888594,
    "pos_rec": 0.7227623198122696,
    "neg_f": 0.6764275256222548,
    "pos_f": 0.7648102163887903,
    "tn": 2772,
    "fp": 998,
    "fn": 1654,
    "tp": 4312,
    "sensitivity": 0.7227623198122696,
    "specificity": 0.7352785145888594,
    "acc": 0.727608874281019
}