{
    "fbeta-1.0": 0.5734814938591362,
    "neg_prec": 0.42787682333873583,
    "pos_prec": 0.6991253644314869,
    "neg_rec": 0.8693009118541033,
    "pos_rec": 0.20715272978576366,
    "neg_f": 0.5734814938591362,
    "pos_f": 0.3196054911368786,
    "tn": 3432,
    "fp": 516,
    "fn": 4589,
    "tp": 1199,
    "sensitivity": 0.20715272978576366,
    "specificity": 0.8693009118541033,
    "acc": 0.4756573541495481
}