{
    "fbeta-1.0": 0.6745003028467595,
    "neg_prec": 0.6228187919463087,
    "pos_prec": 0.8099126471705279,
    "neg_rec": 0.7355350066050198,
    "pos_rec": 0.7166862712149219,
    "neg_f": 0.6745003028467595,
    "pos_f": 0.7604528840153338,
    "tn": 2784,
    "fp": 1001,
    "fn": 1686,
    "tp": 4265,
    "sensitivity": 0.7166862712149219,
    "specificity": 0.7355350066050198,
    "acc": 0.7240139687756779
}