{
    "fbeta-1.0": 0.6345587293454592,
    "neg_prec": 0.5345274061286146,
    "pos_prec": 0.8635829086632693,
    "neg_rec": 0.7806492278600693,
    "pos_rec": 0.6713393265275026,
    "neg_f": 0.6345587293454592,
    "pos_f": 0.7554222031718817,
    "tn": 2477,
    "fp": 696,
    "fn": 2157,
    "tp": 4406,
    "sensitivity": 0.6713393265275026,
    "specificity": 0.7806492278600693,
    "acc": 0.7069638455217748
}