{
    "fbeta-1.0": 0.5229461047892962,
    "neg_prec": 0.3950500661250709,
    "pos_prec": 0.8620301598019356,
    "neg_rec": 0.7732988165680473,
    "pos_rec": 0.5446530147895335,
    "neg_f": 0.5229461047892962,
    "pos_f": 0.6675381263616558,
    "tn": 2091,
    "fp": 613,
    "fn": 3202,
    "tp": 3830,
    "sensitivity": 0.5446530147895335,
    "specificity": 0.7732988165680473,
    "acc": 0.6081552999178307
}