{
    "fbeta-1.0": 0.5926780656666317,
    "neg_prec": 0.46895750332005315,
    "pos_prec": 0.8157327586206896,
    "neg_rec": 0.805072670276432,
    "pos_rec": 0.48626947165569295,
    "neg_f": 0.5926780656666317,
    "pos_f": 0.609316832679344,
    "tn": 2825,
    "fp": 684,
    "fn": 3199,
    "tp": 3028,
    "sensitivity": 0.48626947165569295,
    "specificity": 0.805072670276432,
    "acc": 0.6011709120788825
}