{
    "fbeta-1.0": 0.4854992251494354,
    "neg_prec": 0.34010545905707196,
    "pos_prec": 0.8804744525547445,
    "neg_rec": 0.8480278422273781,
    "pos_rec": 0.4048951048951049,
    "neg_f": 0.4854992251494354,
    "pos_f": 0.5547039662770645,
    "tn": 2193,
    "fp": 393,
    "fn": 4255,
    "tp": 2895,
    "sensitivity": 0.4048951048951049,
    "specificity": 0.8480278422273781,
    "acc": 0.5225965488907148
}