{
    "fbeta-1.0": 0.54496143740995,
    "neg_prec": 0.3977975748577085,
    "pos_prec": 0.6964933494558646,
    "neg_rec": 0.8649448479956955,
    "pos_rec": 0.19139391925569033,
    "neg_f": 0.54496143740995,
    "pos_f": 0.3002736869542552,
    "tn": 3215,
    "fp": 502,
    "fn": 4867,
    "tp": 1152,
    "sensitivity": 0.19139391925569033,
    "specificity": 0.8649448479956955,
    "acc": 0.4485414954806902
}