{
    "fbeta-1.0": 0.45600798846111174,
    "neg_prec": 0.3257251545411317,
    "pos_prec": 0.8106215348701488,
    "neg_rec": 0.7599852071005917,
    "pos_rec": 0.39505119453924914,
    "neg_f": 0.45600798846111174,
    "pos_f": 0.5312171335691749,
    "tn": 2055,
    "fp": 649,
    "fn": 4254,
    "tp": 2778,
    "sensitivity": 0.39505119453924914,
    "specificity": 0.7599852071005917,
    "acc": 0.49640509449465897
}