{
    "fbeta-1.0": 0.6196563285834032,
    "neg_prec": 0.5121233113959127,
    "pos_prec": 0.7948006057546694,
    "neg_rec": 0.7843501326259947,
    "pos_rec": 0.5278243379148508,
    "neg_f": 0.6196563285834032,
    "pos_f": 0.6343674456083804,
    "tn": 2957,
    "fp": 813,
    "fn": 2817,
    "tp": 3149,
    "sensitivity": 0.5278243379148508,
    "specificity": 0.7843501326259947,
    "acc": 0.6271569433032046
}