{
    "fbeta-1.0": 0.5611447440836543,
    "neg_prec": 0.46455257882267176,
    "pos_prec": 0.7531183807954813,
    "neg_rec": 0.7084491384102279,
    "pos_rec": 0.5213424568263278,
    "neg_f": 0.5611447440836543,
    "pos_f": 0.616154808895735,
    "tn": 2549,
    "fp": 1049,
    "fn": 2938,
    "tp": 3200,
    "sensitivity": 0.5213424568263278,
    "specificity": 0.7084491384102279,
    "acc": 0.5904889071487264
}