{
    "fbeta-1.0": 0.4884410195613515,
    "neg_prec": 0.3594486128075379,
    "pos_prec": 0.8392009987515605,
    "neg_rec": 0.7618343195266272,
    "pos_rec": 0.4779579067121729,
    "neg_f": 0.4884410195613515,
    "pos_f": 0.6090423122225243,
    "tn": 2060,
    "fp": 644,
    "fn": 3671,
    "tp": 3361,
    "sensitivity": 0.4779579067121729,
    "specificity": 0.7618343195266272,
    "acc": 0.5567995069843878
}