{
    "fbeta-1.0": 0.4825386439846242,
    "neg_prec": 0.3233939925454944,
    "pos_prec": 0.747557003257329,
    "neg_rec": 0.9500805152979066,
    "pos_rec": 0.0692203287588599,
    "neg_f": 0.4825386439846242,
    "pos_f": 0.1267080745341615,
    "tn": 2950,
    "fp": 155,
    "fn": 6172,
    "tp": 459,
    "sensitivity": 0.0692203287588599,
    "specificity": 0.9500805152979066,
    "acc": 0.35014379622021363
}