{
    "fbeta-1.0": 0.5445111405025944,
    "neg_prec": 0.42822851656265004,
    "pos_prec": 0.7407513622024663,
    "neg_rec": 0.7474860335195531,
    "pos_rec": 0.4195906432748538,
    "neg_f": 0.5445111405025944,
    "pos_f": 0.5357253966607902,
    "tn": 2676,
    "fp": 904,
    "fn": 3573,
    "tp": 2583,
    "sensitivity": 0.4195906432748538,
    "specificity": 0.7474860335195531,
    "acc": 0.5401602300739523
}