{
    "fbeta-1.0": 0.5758842807096847,
    "neg_prec": 0.448907681465821,
    "pos_prec": 0.8460591133004927,
    "neg_rec": 0.8030255278915852,
    "pos_rec": 0.523388694194728,
    "neg_f": 0.5758842807096847,
    "pos_f": 0.6467099689353291,
    "tn": 2548,
    "fp": 625,
    "fn": 3128,
    "tp": 3435,
    "sensitivity": 0.523388694194728,
    "specificity": 0.8030255278915852,
    "acc": 0.6145234182415776
}