{
    "fbeta-1.0": 0.6471816283924843,
    "neg_prec": 0.5686232196806215,
    "pos_prec": 0.8286946295570364,
    "neg_rec": 0.7509261897976631,
    "pos_rec": 0.6789786414003534,
    "neg_f": 0.6471816283924843,
    "pos_f": 0.7464030364551152,
    "tn": 2635,
    "fp": 874,
    "fn": 1999,
    "tp": 4228,
    "sensitivity": 0.6789786414003534,
    "specificity": 0.7509261897976631,
    "acc": 0.7049096138044372
}