{
    "fbeta-1.0": 0.5664939550949913,
    "neg_prec": 0.408931202538819,
    "pos_prec": 0.6637458926615553,
    "neg_rec": 0.9215836526181354,
    "pos_rec": 0.10410582374162515,
    "neg_f": 0.5664939550949913,
    "pos_f": 0.17998217998218,
    "tn": 3608,
    "fp": 307,
    "fn": 5215,
    "tp": 606,
    "sensitivity": 0.10410582374162515,
    "specificity": 0.9215836526181354,
    "acc": 0.4328266228430567
}