{
    "fbeta-1.0": 0.5357585779247623,
    "neg_prec": 0.38131105095916207,
    "pos_prec": 0.7110573042776432,
    "neg_rec": 0.9005002779321846,
    "pos_rec": 0.14353209514499837,
    "neg_f": 0.5357585779247623,
    "pos_f": 0.2388504812254304,
    "tn": 3240,
    "fp": 358,
    "fn": 5257,
    "tp": 881,
    "sensitivity": 0.14353209514499837,
    "specificity": 0.9005002779321846,
    "acc": 0.4232744453574363
}