{
    "fbeta-1.0": 0.5558697436832984,
    "neg_prec": 0.4247281851129077,
    "pos_prec": 0.7103825136612022,
    "neg_rec": 0.8041699656901558,
    "pos_rec": 0.3060366571380528,
    "neg_f": 0.5558697436832984,
    "pos_f": 0.4277823481020096,
    "tn": 3047,
    "fp": 742,
    "fn": 4127,
    "tp": 1820,
    "sensitivity": 0.3060366571380528,
    "specificity": 0.8041699656901558,
    "acc": 0.4998972884141331
}