{
    "fbeta-1.0": 0.6601023017902813,
    "neg_prec": 0.5861912332500567,
    "pos_prec": 0.8432402025126571,
    "neg_rec": 0.755340942347088,
    "pos_rec": 0.7116632378540908,
    "neg_f": 0.6601023017902813,
    "pos_f": 0.7718846549948506,
    "tn": 2581,
    "fp": 836,
    "fn": 1822,
    "tp": 4497,
    "sensitivity": 0.7116632378540908,
    "specificity": 0.755340942347088,
    "acc": 0.7269926047658176
}