{
    "fbeta-1.0": 0.6421972534332084,
    "neg_prec": 0.5760358342665174,
    "pos_prec": 0.8154050464807437,
    "neg_rec": 0.7255289139633286,
    "pos_rec": 0.6942335648522048,
    "neg_f": 0.6421972534332084,
    "pos_f": 0.749956377595533,
    "tn": 2572,
    "fp": 973,
    "fn": 1893,
    "tp": 4298,
    "sensitivity": 0.6942335648522048,
    "specificity": 0.7255289139633286,
    "acc": 0.7056285949055053
}