{
    "fbeta-1.0": 0.5475607459031833,
    "neg_prec": 0.4109995758518309,
    "pos_prec": 0.7604205782951559,
    "neg_rec": 0.8200282087447108,
    "pos_rec": 0.3270877079631723,
    "neg_f": 0.5475607459031833,
    "pos_f": 0.45742037497176413,
    "tn": 2907,
    "fp": 638,
    "fn": 4166,
    "tp": 2025,
    "sensitivity": 0.3270877079631723,
    "specificity": 0.8200282087447108,
    "acc": 0.5065735414954807
}