{
    "fbeta-1.0": 0.536348164356917,
    "neg_prec": 0.38117728372307336,
    "pos_prec": 0.6691943127962086,
    "neg_rec": 0.9045926735921268,
    "pos_rec": 0.11615663047054953,
    "neg_f": 0.536348164356917,
    "pos_f": 0.19795317538202722,
    "tn": 3309,
    "fp": 349,
    "fn": 5372,
    "tp": 706,
    "sensitivity": 0.11615663047054953,
    "specificity": 0.9045926735921268,
    "acc": 0.41238701725554644
}