{
    "fbeta-1.0": 0.5748566387295986,
    "neg_prec": 0.4473431278319374,
    "pos_prec": 0.6763147166734611,
    "neg_rec": 0.8040473840078973,
    "pos_rec": 0.291871921182266,
    "neg_f": 0.5748566387295986,
    "pos_f": 0.4077669902912621,
    "tn": 3258,
    "fp": 794,
    "fn": 4025,
    "tp": 1659,
    "sensitivity": 0.291871921182266,
    "specificity": 0.8040473840078973,
    "acc": 0.5050328677074774
}