{
    "fbeta-1.0": 0.45442317640972585,
    "neg_prec": 0.31021330696426047,
    "pos_prec": 0.8532179149416635,
    "neg_rec": 0.8491879350348028,
    "pos_rec": 0.3170629370629371,
    "neg_f": 0.45442317640972585,
    "pos_f": 0.4623228306311819,
    "tn": 2196,
    "fp": 390,
    "fn": 4883,
    "tp": 2267,
    "sensitivity": 0.3170629370629371,
    "specificity": 0.8491879350348028,
    "acc": 0.45840180772391126
}