{
    "fbeta-1.0": 0.5710993316432357,
    "neg_prec": 0.48991696322657174,
    "pos_prec": 0.7558785805899957,
    "neg_rec": 0.6845303867403315,
    "pos_rec": 0.578155657292348,
    "neg_f": 0.5710993316432357,
    "pos_f": 0.6551788030387253,
    "tn": 2478,
    "fp": 1142,
    "fn": 2580,
    "tp": 3536,
    "sensitivity": 0.578155657292348,
    "specificity": 0.6845303867403315,
    "acc": 0.6177074774034511
}