{
    "fbeta-1.0": 0.5415270675365897,
    "neg_prec": 0.40275409836065573,
    "pos_prec": 0.693983893889152,
    "neg_rec": 0.8262039278988431,
    "pos_rec": 0.24339591294234922,
    "neg_f": 0.5415270675365897,
    "pos_f": 0.36039360393603936,
    "tn": 3071,
    "fp": 646,
    "fn": 4554,
    "tp": 1465,
    "sensitivity": 0.24339591294234922,
    "specificity": 0.8262039278988431,
    "acc": 0.4658997534921939
}