{
    "fbeta-1.0": 0.6690585178770257,
    "neg_prec": 0.6004885631801021,
    "pos_prec": 0.8326008025988917,
    "neg_rec": 0.7553072625698324,
    "pos_rec": 0.7077647823261858,
    "neg_f": 0.6690585178770257,
    "pos_f": 0.7651242426903152,
    "tn": 2704,
    "fp": 876,
    "fn": 1799,
    "tp": 4357,
    "sensitivity": 0.7077647823261858,
    "specificity": 0.7553072625698324,
    "acc": 0.7252465078060806
}