{
    "fbeta-1.0": 0.5973464089991347,
    "neg_prec": 0.5391825045561052,
    "pos_prec": 0.8266327396098389,
    "neg_rec": 0.6695764629809247,
    "pos_rec": 0.7335541171157609,
    "neg_f": 0.5973464089991347,
    "pos_f": 0.7773169564523847,
    "tn": 2071,
    "fp": 1022,
    "fn": 1770,
    "tp": 4873,
    "sensitivity": 0.7335541171157609,
    "specificity": 0.6695764629809247,
    "acc": 0.7132292522596549
}