{
    "fbeta-1.0": 0.5131837859110586,
    "neg_prec": 0.5477457294875385,
    "pos_prec": 0.6600162206001622,
    "neg_rec": 0.4827245804540967,
    "pos_rec": 0.7158691062631949,
    "neg_f": 0.5131837859110586,
    "pos_f": 0.6868090134188539,
    "tn": 1956,
    "fp": 2096,
    "fn": 1615,
    "tp": 4069,
    "sensitivity": 0.7158691062631949,
    "specificity": 0.4827245804540967,
    "acc": 0.6188373048479868
}