{
    "fbeta-1.0": 0.5537842883814448,
    "neg_prec": 0.49819121447028425,
    "pos_prec": 0.8013978861234231,
    "neg_rec": 0.6233430326543808,
    "pos_rec": 0.7076622008128858,
    "neg_f": 0.5537842883814448,
    "pos_f": 0.7516188344392037,
    "tn": 1928,
    "fp": 1165,
    "fn": 1942,
    "tp": 4701,
    "sensitivity": 0.7076622008128858,
    "specificity": 0.6233430326543808,
    "acc": 0.6808751027115859
}