{
    "fbeta-1.0": 0.47467018469656996,
    "neg_prec": 0.4657002329795496,
    "pos_prec": 0.6734207389749702,
    "neg_rec": 0.4839924670433145,
    "pos_rec": 0.6570858946668882,
    "neg_f": 0.47467018469656996,
    "pos_f": 0.6651530440632358,
    "tn": 1799,
    "fp": 1918,
    "fn": 2064,
    "tp": 3955,
    "sensitivity": 0.6570858946668882,
    "specificity": 0.4839924670433145,
    "acc": 0.5910024650780608
}