{
    "fbeta-1.0": 0.6307210031347962,
    "neg_prec": 0.63510101010101,
    "pos_prec": 0.7403047091412742,
    "neg_rec": 0.6264009962640099,
    "pos_rec": 0.7474217794091942,
    "neg_f": 0.6307210031347962,
    "pos_f": 0.74384622075324,
    "tn": 2515,
    "fp": 1500,
    "fn": 1445,
    "tp": 4276,
    "sensitivity": 0.7474217794091942,
    "specificity": 0.6264009962640099,
    "acc": 0.6975143796220213
}