{
    "fbeta-1.0": 0.5483122906467406,
    "neg_prec": 0.533066132264529,
    "pos_prec": 0.7141364902506964,
    "neg_rec": 0.5644562334217507,
    "pos_rec": 0.6875628561850486,
    "neg_f": 0.5483122906467406,
    "pos_f": 0.7005977796754911,
    "tn": 2128,
    "fp": 1642,
    "fn": 1864,
    "tp": 4102,
    "sensitivity": 0.6875628561850486,
    "specificity": 0.5644562334217507,
    "acc": 0.6398931799506984
}