{
    "fbeta-1.0": 0.49373663305835624,
    "neg_prec": 0.43841562669560497,
    "pos_prec": 0.7943801652892561,
    "neg_rec": 0.5650349650349651,
    "pos_rec": 0.6989528795811518,
    "neg_f": 0.49373663305835624,
    "pos_f": 0.7436175150858734,
    "tn": 1616,
    "fp": 1244,
    "fn": 2070,
    "tp": 4806,
    "sensitivity": 0.6989528795811518,
    "specificity": 0.5650349650349651,
    "acc": 0.6596138044371405
}