{
    "fbeta-1.0": 0.4583270761375582,
    "neg_prec": 0.37466241099926345,
    "pos_prec": 0.8128200600388487,
    "neg_rec": 0.5901005413766435,
    "pos_rec": 0.6437762237762238,
    "neg_f": 0.4583270761375582,
    "pos_f": 0.7184890345742605,
    "tn": 1526,
    "fp": 1060,
    "fn": 2547,
    "tp": 4603,
    "sensitivity": 0.6437762237762238,
    "specificity": 0.5901005413766435,
    "acc": 0.629519309778143
}