{
    "fbeta-1.0": 0.5505572713844501,
    "neg_prec": 0.5326058716549753,
    "pos_prec": 0.7370477322914897,
    "neg_rec": 0.5697609783212896,
    "pos_rec": 0.7069077875529488,
    "neg_f": 0.5505572713844501,
    "pos_f": 0.7216632016632015,
    "tn": 2050,
    "fp": 1548,
    "fn": 1799,
    "tp": 4339,
    "sensitivity": 0.7069077875529488,
    "specificity": 0.5697609783212896,
    "acc": 0.6562243221035333
}