{
    "fbeta-1.0": 0.42232854864433816,
    "neg_prec": 0.35939196525515743,
    "pos_prec": 0.7914738929279577,
    "neg_rec": 0.5119876256767208,
    "pos_rec": 0.66993006993007,
    "neg_f": 0.42232854864433816,
    "pos_f": 0.7256476291470988,
    "tn": 1324,
    "fp": 1262,
    "fn": 2360,
    "tp": 4790,
    "sensitivity": 0.66993006993007,
    "specificity": 0.5119876256767208,
    "acc": 0.6279786359901397
}