{
    "fbeta-1.0": 0.5394591611479028,
    "neg_prec": 0.5353231106243155,
    "pos_prec": 0.730276134122288,
    "neg_rec": 0.5436596218020022,
    "pos_rec": 0.7236156351791531,
    "neg_f": 0.5394591611479028,
    "pos_f": 0.7269306282722513,
    "tn": 1955,
    "fp": 1641,
    "fn": 1697,
    "tp": 4443,
    "sensitivity": 0.7236156351791531,
    "specificity": 0.5436596218020022,
    "acc": 0.6571487263763353
}