{
    "fbeta-1.0": 0.5505901074128099,
    "neg_prec": 0.5308105343901816,
    "pos_prec": 0.7332188841201717,
    "neg_rec": 0.571900826446281,
    "pos_rec": 0.699475925319358,
    "neg_f": 0.5505901074128099,
    "pos_f": 0.7159500460983991,
    "tn": 2076,
    "fp": 1554,
    "fn": 1835,
    "tp": 4271,
    "sensitivity": 0.699475925319358,
    "specificity": 0.571900826446281,
    "acc": 0.6519104354971241
}