{
    "fbeta-1.0": 0.5025304335932158,
    "neg_prec": 0.4717514124293785,
    "pos_prec": 0.7295446764806574,
    "neg_rec": 0.5376060872110038,
    "pos_rec": 0.6744738091470169,
    "neg_f": 0.5025304335932158,
    "pos_f": 0.700929199901324,
    "tn": 1837,
    "fp": 1580,
    "fn": 2057,
    "tp": 4262,
    "sensitivity": 0.6744738091470169,
    "specificity": 0.5376060872110038,
    "acc": 0.6264379622021364
}