{
    "fbeta-1.0": 0.5316091954022989,
    "neg_prec": 0.5523887079261672,
    "pos_prec": 0.6799405155320555,
    "neg_rec": 0.5123363544813696,
    "pos_rec": 0.713913948646773,
    "neg_f": 0.5316091954022989,
    "pos_f": 0.696513202437373,
    "tn": 2035,
    "fp": 1937,
    "fn": 1649,
    "tp": 4115,
    "sensitivity": 0.713913948646773,
    "specificity": 0.5123363544813696,
    "acc": 0.6316762530813476
}