{
    "fbeta-1.0": 0.4428917724226436,
    "neg_prec": 0.3739465446665061,
    "pos_prec": 0.7658964714311303,
    "neg_rec": 0.543006993006993,
    "pos_rec": 0.6218731820826061,
    "neg_f": 0.4428917724226436,
    "pos_f": 0.6864114294887229,
    "tn": 1553,
    "fp": 1307,
    "fn": 2600,
    "tp": 4276,
    "sensitivity": 0.6218731820826061,
    "specificity": 0.543006993006993,
    "acc": 0.5987058340180772
}