{
    "fbeta-1.0": 0.633581692389569,
    "neg_prec": 0.5995970788214555,
    "pos_prec": 0.7980919340849957,
    "neg_rec": 0.6716502115655854,
    "pos_rec": 0.7431755774511387,
    "neg_f": 0.633581692389569,
    "pos_f": 0.7696554031448646,
    "tn": 2381,
    "fp": 1164,
    "fn": 1590,
    "tp": 4601,
    "sensitivity": 0.7431755774511387,
    "specificity": 0.6716502115655854,
    "acc": 0.7171322925225966
}