{
    "fbeta-1.0": 0.5867601456114332,
    "neg_prec": 0.5619834710743802,
    "pos_prec": 0.7665416098226466,
    "neg_rec": 0.6138222849083216,
    "pos_rec": 0.7260539492812147,
    "neg_f": 0.5867601456114332,
    "pos_f": 0.7457486520116134,
    "tn": 2176,
    "fp": 1369,
    "fn": 1696,
    "tp": 4495,
    "sensitivity": 0.7260539492812147,
    "specificity": 0.6138222849083216,
    "acc": 0.6851889893179951
}