{
    "fbeta-1.0": 0.6301265822784811,
    "neg_prec": 0.5545900178253119,
    "pos_prec": 0.8241234756097561,
    "neg_rec": 0.7294841735052755,
    "pos_rec": 0.6839025932953827,
    "neg_f": 0.6301265822784811,
    "pos_f": 0.7474939509160041,
    "tn": 2489,
    "fp": 923,
    "fn": 1999,
    "tp": 4325,
    "sensitivity": 0.6839025932953827,
    "specificity": 0.7294841735052755,
    "acc": 0.6998767460969597
}