{
    "fbeta-1.0": 0.44977749523204064,
    "neg_prec": 0.3818132757690232,
    "pos_prec": 0.805804311774461,
    "neg_rec": 0.5471771075019335,
    "pos_rec": 0.6795804195804196,
    "neg_f": 0.44977749523204064,
    "pos_f": 0.7373292867981791,
    "tn": 1415,
    "fp": 1171,
    "fn": 2291,
    "tp": 4859,
    "sensitivity": 0.6795804195804196,
    "specificity": 0.5471771075019335,
    "acc": 0.6444124897288415
}