{
    "fbeta-1.0": 0.5362621180512946,
    "neg_prec": 0.5333170612643398,
    "pos_prec": 0.6689129278240823,
    "neg_rec": 0.5392398815399803,
    "pos_rec": 0.6636171710063336,
    "neg_f": 0.5362621180512946,
    "pos_f": 0.6662545261856399,
    "tn": 2185,
    "fp": 1867,
    "fn": 1912,
    "tp": 3772,
    "sensitivity": 0.6636171710063336,
    "specificity": 0.5392398815399803,
    "acc": 0.6118529170090387
}