{
    "fbeta-1.0": 0.5852256395515953,
    "neg_prec": 0.5379128137384412,
    "pos_prec": 0.8089396740043691,
    "neg_rec": 0.6416640403403718,
    "pos_rec": 0.7335060185890598,
    "neg_f": 0.5852256395515953,
    "pos_f": 0.7693782963081348,
    "tn": 2036,
    "fp": 1137,
    "fn": 1749,
    "tp": 4814,
    "sensitivity": 0.7335060185890598,
    "specificity": 0.6416640403403718,
    "acc": 0.7035743631881676
}