{
    "fbeta-1.0": 0.5063164477798623,
    "neg_prec": 0.4601045692202773,
    "pos_prec": 0.7054525014052838,
    "neg_rec": 0.5628476084538376,
    "pos_rec": 0.6131921824104235,
    "neg_f": 0.5063164477798623,
    "pos_f": 0.6560947982922367,
    "tn": 2024,
    "fp": 1572,
    "fn": 2375,
    "tp": 3765,
    "sensitivity": 0.6131921824104235,
    "specificity": 0.5628476084538376,
    "acc": 0.5945973705834018
}