{
    "fbeta-1.0": 0.4692033944702984,
    "neg_prec": 0.451885051410493,
    "pos_prec": 0.6972909305064782,
    "neg_rec": 0.4879020779960148,
    "pos_rec": 0.6659167604049494,
    "neg_f": 0.4692033944702984,
    "pos_f": 0.6812428078250863,
    "tn": 1714,
    "fp": 1799,
    "fn": 2079,
    "tp": 4144,
    "sensitivity": 0.6659167604049494,
    "specificity": 0.4879020779960148,
    "acc": 0.6016844700082169
}