{
    "fbeta-1.0": 0.6622632103688935,
    "neg_prec": 0.6245886224729666,
    "pos_prec": 0.7969719080627509,
    "neg_rec": 0.7047745358090186,
    "pos_rec": 0.7323164599396581,
    "neg_f": 0.6622632103688935,
    "pos_f": 0.7632774283717679,
    "tn": 2657,
    "fp": 1113,
    "fn": 1597,
    "tp": 4369,
    "sensitivity": 0.7323164599396581,
    "specificity": 0.7047745358090186,
    "acc": 0.7216516023007395
}