{
    "fbeta-1.0": 0.5758754863813229,
    "neg_prec": 0.536370696349987,
    "pos_prec": 0.7852886088881321,
    "neg_rec": 0.6216621662166216,
    "pos_rec": 0.7202873652975168,
    "neg_f": 0.5758754863813229,
    "pos_f": 0.751384815900945,
    "tn": 2072,
    "fp": 1261,
    "fn": 1791,
    "tp": 4612,
    "sensitivity": 0.7202873652975168,
    "specificity": 0.6216621662166216,
    "acc": 0.6865242399342646
}