{
    "fbeta-1.0": 0.5393258426966292,
    "neg_prec": 0.46845425867507884,
    "pos_prec": 0.7077615780445969,
    "neg_rec": 0.6354640278149237,
    "pos_rec": 0.5504418876104719,
    "neg_f": 0.5393258426966292,
    "pos_f": 0.6192664853203265,
    "tn": 2376,
    "fp": 1363,
    "fn": 2696,
    "tp": 3301,
    "sensitivity": 0.5504418876104719,
    "specificity": 0.6354640278149237,
    "acc": 0.5830936729663106
}