{
    "fbeta-1.0": 0.6166449934980494,
    "neg_prec": 0.5768856447688564,
    "pos_prec": 0.7851048702452897,
    "neg_rec": 0.662290502793296,
    "pos_rec": 0.717511371020143,
    "neg_f": 0.6166449934980494,
    "pos_f": 0.7497878119164828,
    "tn": 2371,
    "fp": 1209,
    "fn": 1739,
    "tp": 4417,
    "sensitivity": 0.717511371020143,
    "specificity": 0.662290502793296,
    "acc": 0.6972062448644207
}