{
    "fbeta-1.0": 0.5591847400052261,
    "neg_prec": 0.5941143808995003,
    "pos_prec": 0.6882947505705902,
    "neg_rec": 0.5281342546890424,
    "pos_rec": 0.742786769880366,
    "neg_f": 0.5591847400052261,
    "pos_f": 0.7145033000507701,
    "tn": 2140,
    "fp": 1912,
    "fn": 1462,
    "tp": 4222,
    "sensitivity": 0.742786769880366,
    "specificity": 0.5281342546890424,
    "acc": 0.6534511092851274
}