{
    "fbeta-1.0": 0.5620052770448549,
    "neg_prec": 0.5430902600713922,
    "pos_prec": 0.7371861025111799,
    "neg_rec": 0.5822854018589393,
    "pos_rec": 0.705166173083251,
    "neg_f": 0.5620052770448549,
    "pos_f": 0.7208207198116381,
    "tn": 2130,
    "fp": 1528,
    "fn": 1792,
    "tp": 4286,
    "sensitivity": 0.705166173083251,
    "specificity": 0.5822854018589393,
    "acc": 0.6589975349219392
}