{
    "fbeta-1.0": 0.5342950077782492,
    "neg_prec": 0.5309162450815065,
    "pos_prec": 0.737131757850437,
    "neg_rec": 0.5377170509536009,
    "pos_rec": 0.7318013819701109,
    "neg_f": 0.5342950077782492,
    "pos_f": 0.7344568986372068,
    "tn": 1889,
    "fp": 1624,
    "fn": 1669,
    "tp": 4554,
    "sensitivity": 0.7318013819701109,
    "specificity": 0.5377170509536009,
    "acc": 0.6617707477403451
}