{
    "fbeta-1.0": 0.5230183893468611,
    "neg_prec": 0.50341796875,
    "pos_prec": 0.6937943262411348,
    "neg_rec": 0.544206914753233,
    "pos_rec": 0.6579788128468135,
    "neg_f": 0.5230183893468611,
    "pos_f": 0.6754120997669801,
    "tn": 2062,
    "fp": 1727,
    "fn": 2034,
    "tp": 3913,
    "sensitivity": 0.6579788128468135,
    "specificity": 0.544206914753233,
    "acc": 0.6137017255546425
}