{
    "fbeta-1.0": 0.6080521760943184,
    "neg_prec": 0.5973385904386397,
    "pos_prec": 0.7374075378654456,
    "neg_rec": 0.6191570881226054,
    "pos_rec": 0.7192922178319876,
    "neg_f": 0.6080521760943184,
    "pos_f": 0.7282372380206975,
    "tn": 2424,
    "fp": 1491,
    "fn": 1634,
    "tp": 4187,
    "sensitivity": 0.7192922178319876,
    "specificity": 0.6191570881226054,
    "acc": 0.6790262941659819
}