{
    "fbeta-1.0": 0.4898600399885747,
    "neg_prec": 0.4674298173889343,
    "pos_prec": 0.7333113565188726,
    "neg_rec": 0.5145514551455146,
    "pos_rec": 0.6948305481805404,
    "neg_f": 0.4898600399885747,
    "pos_f": 0.7135525260625502,
    "tn": 1715,
    "fp": 1618,
    "fn": 1954,
    "tp": 4449,
    "sensitivity": 0.6948305481805404,
    "specificity": 0.5145514551455146,
    "acc": 0.633114215283484
}