{
    "fbeta-1.0": 0.6695384615384615,
    "neg_prec": 0.6605148130160272,
    "pos_prec": 0.7709149163403346,
    "neg_rec": 0.6788120788619915,
    "pos_rec": 0.755978355733985,
    "neg_f": 0.6695384615384615,
    "pos_f": 0.7633735789195382,
    "tn": 2720,
    "fp": 1287,
    "fn": 1398,
    "tp": 4331,
    "sensitivity": 0.755978355733985,
    "specificity": 0.6788120788619915,
    "acc": 0.7242193919474117
}