{
    "fbeta-1.0": 0.5064805583250249,
    "neg_prec": 0.47981109799291616,
    "pos_prec": 0.6806035266315216,
    "neg_rec": 0.5362892583795197,
    "pos_rec": 0.6295611232554229,
    "neg_f": 0.5064805583250249,
    "pos_f": 0.6540880503144654,
    "tn": 2032,
    "fp": 1757,
    "fn": 2203,
    "tp": 3744,
    "sensitivity": 0.6295611232554229,
    "specificity": 0.5362892583795197,
    "acc": 0.5932621199671323
}