{
    "fbeta-1.0": 0.5295435782521524,
    "neg_prec": 0.4629820581563209,
    "pos_prec": 0.7165950480867608,
    "neg_rec": 0.6184573002754821,
    "pos_rec": 0.5735342286275794,
    "neg_f": 0.5295435782521524,
    "pos_f": 0.6371327208223415,
    "tn": 2245,
    "fp": 1385,
    "fn": 2604,
    "tp": 3502,
    "sensitivity": 0.5735342286275794,
    "specificity": 0.6184573002754821,
    "acc": 0.5902834839769926
}