{
    "fbeta-1.0": 0.5991505176533051,
    "neg_prec": 0.5453007972940324,
    "pos_prec": 0.7966767911381097,
    "neg_rec": 0.66480117820324,
    "pos_rec": 0.7032013877937234,
    "neg_f": 0.5991505176533051,
    "pos_f": 0.7470263025632435,
    "tn": 2257,
    "fp": 1138,
    "fn": 1882,
    "tp": 4459,
    "sensitivity": 0.7032013877937234,
    "specificity": 0.66480117820324,
    "acc": 0.6898110106820049
}