{
    "fbeta-1.0": 0.5426263113469192,
    "neg_prec": 0.4792332268370607,
    "pos_prec": 0.7325927395358064,
    "neg_rec": 0.6253474152306837,
    "pos_rec": 0.6016617790811339,
    "neg_f": 0.5426263113469192,
    "pos_f": 0.6607031040343501,
    "tn": 2250,
    "fp": 1348,
    "fn": 2445,
    "tp": 3693,
    "sensitivity": 0.6016617790811339,
    "specificity": 0.6253474152306837,
    "acc": 0.6104149548069022
}