{
    "fbeta-1.0": 0.60895202358617,
    "neg_prec": 0.5852653271509531,
    "pos_prec": 0.7765630338230269,
    "neg_rec": 0.6346368715083799,
    "pos_rec": 0.7384665367121508,
    "neg_f": 0.60895202358617,
    "pos_f": 0.7570358034970858,
    "tn": 2272,
    "fp": 1308,
    "fn": 1610,
    "tp": 4546,
    "sensitivity": 0.7384665367121508,
    "specificity": 0.6346368715083799,
    "acc": 0.7002875924404273
}