{
    "fbeta-1.0": 0.5294279427942794,
    "neg_prec": 0.49870466321243523,
    "pos_prec": 0.7469366916269571,
    "neg_rec": 0.5641852286049238,
    "pos_rec": 0.6940227703984819,
    "neg_f": 0.5294279427942794,
    "pos_f": 0.7195081967213113,
    "tn": 1925,
    "fp": 1487,
    "fn": 1935,
    "tp": 4389,
    "sensitivity": 0.6940227703984819,
    "specificity": 0.5641852286049238,
    "acc": 0.6485209531635169
}