{
    "fbeta-1.0": 0.48831030818278426,
    "neg_prec": 0.4703172978505629,
    "pos_prec": 0.6942347288949897,
    "neg_rec": 0.5077348066298343,
    "pos_rec": 0.6615434924787443,
    "neg_f": 0.48831030818278426,
    "pos_f": 0.6774949765572673,
    "tn": 1838,
    "fp": 1782,
    "fn": 2070,
    "tp": 4046,
    "sensitivity": 0.6615434924787443,
    "specificity": 0.5077348066298343,
    "acc": 0.604354971240756
}