{
    "fbeta-1.0": 0.4574468085106383,
    "neg_prec": 0.39561217268223636,
    "pos_prec": 0.7424049481535383,
    "neg_rec": 0.542192046556741,
    "pos_rec": 0.6143308746048473,
    "neg_f": 0.4574468085106383,
    "pos_f": 0.6723228995057661,
    "tn": 1677,
    "fp": 1416,
    "fn": 2562,
    "tp": 4081,
    "sensitivity": 0.6143308746048473,
    "specificity": 0.542192046556741,
    "acc": 0.5914133114215283
}