{
    "fbeta-1.0": 0.5803152961227098,
    "neg_prec": 0.5190548780487805,
    "pos_prec": 0.8168965517241379,
    "neg_rec": 0.6579710144927536,
    "pos_rec": 0.7145226964258784,
    "neg_f": 0.5803152961227098,
    "pos_f": 0.7622878288150592,
    "tn": 2043,
    "fp": 1062,
    "fn": 1893,
    "tp": 4738,
    "sensitivity": 0.7145226964258784,
    "specificity": 0.6579710144927536,
    "acc": 0.6964872637633525
}