{
    "fbeta-1.0": 0.5372071658245292,
    "neg_prec": 0.4686435584051292,
    "pos_prec": 0.7095890410958904,
    "neg_rec": 0.6292709174065106,
    "pos_rec": 0.5593952483801296,
    "neg_f": 0.5372071658245292,
    "pos_f": 0.6256038647342995,
    "tn": 2339,
    "fp": 1378,
    "fn": 2652,
    "tp": 3367,
    "sensitivity": 0.5593952483801296,
    "specificity": 0.6292709174065106,
    "acc": 0.5860723089564502
}