{
    "fbeta-1.0": 0.6339797869434581,
    "neg_prec": 0.5910364145658263,
    "pos_prec": 0.8151144775348597,
    "neg_rec": 0.6836524300441826,
    "pos_rec": 0.7467276454817852,
    "neg_f": 0.6339797869434581,
    "pos_f": 0.7794238683127571,
    "tn": 2321,
    "fp": 1074,
    "fn": 1606,
    "tp": 4735,
    "sensitivity": 0.7467276454817852,
    "specificity": 0.6836524300441826,
    "acc": 0.7247329498767461
}