{
    "fbeta-1.0": 0.49977976802231683,
    "neg_prec": 0.4577729962345347,
    "pos_prec": 0.7688600864074443,
    "neg_rec": 0.5502748140963466,
    "pos_rec": 0.6965226554267651,
    "neg_f": 0.49977976802231683,
    "pos_f": 0.7309059316009794,
    "tn": 1702,
    "fp": 1391,
    "fn": 2016,
    "tp": 4627,
    "sensitivity": 0.6965226554267651,
    "specificity": 0.5502748140963466,
    "acc": 0.6500616269515201
}