{
    "fbeta-1.0": 0.6580562659846546,
    "neg_prec": 0.6140811455847255,
    "pos_prec": 0.8094121889650199,
    "neg_rec": 0.7088154269972452,
    "pos_rec": 0.7351785129380937,
    "neg_f": 0.6580562659846546,
    "pos_f": 0.7705115001716444,
    "tn": 2573,
    "fp": 1057,
    "fn": 1617,
    "tp": 4489,
    "sensitivity": 0.7351785129380937,
    "specificity": 0.7088154269972452,
    "acc": 0.7253492193919474
}