{
    "fbeta-1.0": 0.672613737734166,
    "neg_prec": 0.6496799606105367,
    "pos_prec": 0.7980260838914346,
    "neg_rec": 0.697225891677675,
    "pos_rec": 0.7608805242816333,
    "neg_f": 0.672613737734166,
    "pos_f": 0.7790107526881721,
    "tn": 2639,
    "fp": 1146,
    "fn": 1423,
    "tp": 4528,
    "sensitivity": 0.7608805242816333,
    "specificity": 0.697225891677675,
    "acc": 0.7361339359079704
}