{
    "fbeta-1.0": 0.6384843407655626,
    "neg_prec": 0.6540797465011883,
    "pos_prec": 0.7486972600437048,
    "neg_rec": 0.6236153071500503,
    "pos_rec": 0.7727272727272727,
    "neg_f": 0.6384843407655626,
    "pos_f": 0.760522496371553,
    "tn": 2477,
    "fp": 1495,
    "fn": 1310,
    "tp": 4454,
    "sensitivity": 0.7727272727272727,
    "specificity": 0.6236153071500503,
    "acc": 0.7118940016433853
}