{
    "fbeta-1.0": 0.5528539851774801,
    "neg_prec": 0.5783460282916213,
    "pos_prec": 0.6882838283828383,
    "neg_rec": 0.5295143212951432,
    "pos_rec": 0.7290683446949834,
    "neg_f": 0.5528539851774801,
    "pos_f": 0.7080892963245906,
    "tn": 2126,
    "fp": 1889,
    "fn": 1550,
    "tp": 4171,
    "sensitivity": 0.7290683446949834,
    "specificity": 0.5295143212951432,
    "acc": 0.6467748562037798
}