{
    "fbeta-1.0": 0.5630166787527194,
    "neg_prec": 0.45045254119285216,
    "pos_prec": 0.8811498065229408,
    "neg_rec": 0.7505800464037123,
    "pos_rec": 0.6688111888111888,
    "neg_f": 0.5630166787527194,
    "pos_f": 0.7604357159895045,
    "tn": 1941,
    "fp": 645,
    "fn": 2368,
    "tp": 4782,
    "sensitivity": 0.6688111888111888,
    "specificity": 0.7505800464037123,
    "acc": 0.6905299917830732
}