{
    "fbeta-1.0": 0.648082711686952,
    "neg_prec": 0.6124165223843681,
    "pos_prec": 0.8029158615844019,
    "neg_rec": 0.688160088938299,
    "pos_rec": 0.7447051156728576,
    "neg_f": 0.648082711686952,
    "pos_f": 0.7727157467669681,
    "tn": 2476,
    "fp": 1122,
    "fn": 1567,
    "tp": 4571,
    "sensitivity": 0.7447051156728576,
    "specificity": 0.688160088938299,
    "acc": 0.7238085456039441
}