{
    "fbeta-1.0": 0.5155578700690014,
    "neg_prec": 0.48280907095830283,
    "pos_prec": 0.7160603371783496,
    "neg_rec": 0.553072625698324,
    "pos_rec": 0.655458089668616,
    "neg_f": 0.5155578700690014,
    "pos_f": 0.6844203205834959,
    "tn": 1980,
    "fp": 1600,
    "fn": 2121,
    "tp": 4035,
    "sensitivity": 0.655458089668616,
    "specificity": 0.553072625698324,
    "acc": 0.6178101889893179
}