{
    "fbeta-1.0": 0.6050288108957569,
    "neg_prec": 0.56465411879736,
    "pos_prec": 0.7812223206377326,
    "neg_rec": 0.6516220028208745,
    "pos_rec": 0.7123243417864642,
    "neg_f": 0.6050288108957569,
    "pos_f": 0.7451841838458939,
    "tn": 2310,
    "fp": 1235,
    "fn": 1781,
    "tp": 4410,
    "sensitivity": 0.7123243417864642,
    "specificity": 0.6516220028208745,
    "acc": 0.6902218570254725
}