{
    "fbeta-1.0": 0.5454545454545455,
    "neg_prec": 0.5522555337629588,
    "pos_prec": 0.7264472190692395,
    "neg_rec": 0.5388190267905959,
    "pos_rec": 0.7370845672918723,
    "neg_f": 0.5454545454545455,
    "pos_f": 0.7317272356063699,
    "tn": 1971,
    "fp": 1687,
    "fn": 1598,
    "tp": 4480,
    "sensitivity": 0.7370845672918723,
    "specificity": 0.5388190267905959,
    "acc": 0.6625924404272802
}