{
    "fbeta-1.0": 0.6298342541436465,
    "neg_prec": 0.5835679549526491,
    "pos_prec": 0.8193515182707154,
    "neg_rec": 0.684068406840684,
    "pos_rec": 0.7459003592066219,
    "neg_f": 0.6298342541436465,
    "pos_f": 0.7809025506867233,
    "tn": 2280,
    "fp": 1053,
    "fn": 1627,
    "tp": 4776,
    "sensitivity": 0.7459003592066219,
    "specificity": 0.684068406840684,
    "acc": 0.7247329498767461
}