{
    "fbeta-1.0": 0.5891325071496663,
    "neg_prec": 0.5394014962593516,
    "pos_prec": 0.7956688787984632,
    "neg_rec": 0.648964896489649,
    "pos_rec": 0.7115414649383102,
    "neg_f": 0.5891325071496663,
    "pos_f": 0.7512573171737158,
    "tn": 2163,
    "fp": 1170,
    "fn": 1847,
    "tp": 4556,
    "sensitivity": 0.7115414649383102,
    "specificity": 0.648964896489649,
    "acc": 0.6901191454396056
}