{
    "fbeta-1.0": 0.5019859064702114,
    "neg_prec": 0.51688654353562,
    "pos_prec": 0.6542213252606794,
    "neg_rec": 0.48792029887920296,
    "pos_rec": 0.6799510575074288,
    "neg_f": 0.5019859064702114,
    "pos_f": 0.6668380903402761,
    "tn": 1959,
    "fp": 2056,
    "fn": 1831,
    "tp": 3890,
    "sensitivity": 0.6799510575074288,
    "specificity": 0.48792029887920296,
    "acc": 0.600760065735415
}