{
    "fbeta-1.0": 0.5955164351533488,
    "neg_prec": 0.5283064909712054,
    "pos_prec": 0.8212131961688542,
    "neg_rec": 0.6823195713835487,
    "pos_rec": 0.7054700594240438,
    "neg_f": 0.5955164351533488,
    "pos_f": 0.7589541840832719,
    "tn": 2165,
    "fp": 1008,
    "fn": 1933,
    "tp": 4630,
    "sensitivity": 0.7054700594240438,
    "specificity": 0.6823195713835487,
    "acc": 0.6979252259654889
}