{
    "fbeta-1.0": 0.5375068946497518,
    "neg_prec": 0.5207053165909699,
    "pos_prec": 0.7396963123644251,
    "neg_rec": 0.5554288971216871,
    "pos_rec": 0.7118997912317327,
    "neg_f": 0.5375068946497518,
    "pos_f": 0.725531914893617,
    "tn": 1949,
    "fp": 1560,
    "fn": 1794,
    "tp": 4433,
    "sensitivity": 0.7118997912317327,
    "specificity": 0.5554288971216871,
    "acc": 0.655505341002465
}