{
    "fbeta-1.0": 0.6719504643962847,
    "neg_prec": 0.6057155615092654,
    "pos_prec": 0.8320334791706296,
    "neg_rec": 0.7544493882091212,
    "pos_rec": 0.7123778501628665,
    "neg_f": 0.6719504643962847,
    "pos_f": 0.7675704132666491,
    "tn": 2713,
    "fp": 883,
    "fn": 1766,
    "tp": 4374,
    "sensitivity": 0.7123778501628665,
    "specificity": 0.7544493882091212,
    "acc": 0.7279170090386196
}