{
    "fbeta-1.0": 0.4958881578947369,
    "neg_prec": 0.4387581857870483,
    "pos_prec": 0.756992695528238,
    "neg_rec": 0.5701229120705956,
    "pos_rec": 0.6474173396312662,
    "neg_f": 0.4958881578947369,
    "pos_f": 0.6979303547963207,
    "tn": 1809,
    "fp": 1364,
    "fn": 2314,
    "tp": 4249,
    "sensitivity": 0.6474173396312662,
    "specificity": 0.5701229120705956,
    "acc": 0.6222267871815941
}