{
    "fbeta-1.0": 0.5430058850158443,
    "neg_prec": 0.4579992363497518,
    "pos_prec": 0.7334370831480658,
    "neg_rec": 0.6667593107281823,
    "pos_rec": 0.5374714890843924,
    "neg_f": 0.5430058850158443,
    "pos_f": 0.6203459947348626,
    "tn": 2399,
    "fp": 1199,
    "fn": 2839,
    "tp": 3299,
    "sensitivity": 0.5374714890843924,
    "specificity": 0.6667593107281823,
    "acc": 0.5852506162695152
}