{
    "fbeta-1.0": 0.5551196051132768,
    "neg_prec": 0.5631741140215717,
    "pos_prec": 0.6894899007189319,
    "neg_rec": 0.5472922385824807,
    "pos_rec": 0.7030895444231104,
    "neg_f": 0.5551196051132768,
    "pos_f": 0.696223316912972,
    "tn": 2193,
    "fp": 1814,
    "fn": 1701,
    "tp": 4028,
    "sensitivity": 0.7030895444231104,
    "specificity": 0.5472922385824807,
    "acc": 0.6389687756778965
}