{
    "fbeta-1.0": 0.5234633179114343,
    "neg_prec": 0.5424657534246575,
    "pos_prec": 0.682057180414065,
    "neg_rec": 0.5057471264367817,
    "pos_rec": 0.713107713451297,
    "neg_f": 0.5234633179114343,
    "pos_f": 0.6972369194591417,
    "tn": 1980,
    "fp": 1935,
    "fn": 1670,
    "tp": 4151,
    "sensitivity": 0.713107713451297,
    "specificity": 0.5057471264367817,
    "acc": 0.6297247329498767
}