{
    "fbeta-1.0": 0.6697179614052449,
    "neg_prec": 0.6010213143872114,
    "pos_prec": 0.8331422018348624,
    "neg_rec": 0.756145251396648,
    "pos_rec": 0.7080896686159844,
    "neg_f": 0.6697179614052449,
    "pos_f": 0.7655426765015807,
    "tn": 2707,
    "fp": 873,
    "fn": 1797,
    "tp": 4359,
    "sensitivity": 0.7080896686159844,
    "specificity": 0.756145251396648,
    "acc": 0.725760065735415
}