{
    "fbeta-1.0": 0.6234979973297731,
    "neg_prec": 0.603359173126615,
    "pos_prec": 0.7809410160245482,
    "neg_rec": 0.6450276243093923,
    "pos_rec": 0.7490189666448659,
    "neg_f": 0.6234979973297731,
    "pos_f": 0.7646469704556834,
    "tn": 2335,
    "fp": 1285,
    "fn": 1535,
    "tp": 4581,
    "sensitivity": 0.7490189666448659,
    "specificity": 0.6450276243093923,
    "acc": 0.7103533278553821
}