{
    "fbeta-1.0": 0.4912384912384913,
    "neg_prec": 0.4104218362282878,
    "pos_prec": 0.8159831756046267,
    "neg_rec": 0.6116863905325444,
    "pos_rec": 0.6621160409556314,
    "neg_f": 0.4912384912384913,
    "pos_f": 0.731040979745643,
    "tn": 1654,
    "fp": 1050,
    "fn": 2376,
    "tp": 4656,
    "sensitivity": 0.6621160409556314,
    "specificity": 0.6116863905325444,
    "acc": 0.6481101068200493
}