{
    "fbeta-1.0": 0.625,
    "neg_prec": 0.617654740141029,
    "pos_prec": 0.7673946165566278,
    "neg_rec": 0.6325220647231881,
    "pos_rec": 0.7558779389694847,
    "neg_f": 0.625,
    "pos_f": 0.7615927419354838,
    "tn": 2365,
    "fp": 1374,
    "fn": 1464,
    "tp": 4533,
    "sensitivity": 0.7558779389694847,
    "specificity": 0.6325220647231881,
    "acc": 0.7085045193097781
}