{
    "fbeta-1.0": 0.5334069574820541,
    "neg_prec": 0.5298957761930884,
    "pos_prec": 0.7264367816091954,
    "neg_rec": 0.5369649805447471,
    "pos_rec": 0.7207559465623982,
    "neg_f": 0.5334069574820541,
    "pos_f": 0.7235852142623488,
    "tn": 1932,
    "fp": 1666,
    "fn": 1714,
    "tp": 4424,
    "sensitivity": 0.7207559465623982,
    "specificity": 0.5369649805447471,
    "acc": 0.6528348397699261
}