{
    "fbeta-1.0": 0.5443085843943023,
    "neg_prec": 0.5204918032786885,
    "pos_prec": 0.7090193271295634,
    "neg_rec": 0.5704095112285337,
    "pos_rec": 0.6657704587464292,
    "neg_f": 0.5443085843943023,
    "pos_f": 0.6867146199844008,
    "tn": 2159,
    "fp": 1626,
    "fn": 1989,
    "tp": 3962,
    "sensitivity": 0.6657704587464292,
    "specificity": 0.5704095112285337,
    "acc": 0.6286976170912079
}