{
    "fbeta-1.0": 0.6293724279835392,
    "neg_prec": 0.5902074288470815,
    "pos_prec": 0.7883720930232558,
    "neg_rec": 0.6741046831955922,
    "pos_rec": 0.7217490992466427,
    "neg_f": 0.6293724279835392,
    "pos_f": 0.7535909712722298,
    "tn": 2447,
    "fp": 1183,
    "fn": 1699,
    "tp": 4407,
    "sensitivity": 0.7217490992466427,
    "specificity": 0.6741046831955922,
    "acc": 0.7039852095316351
}