{
    "fbeta-1.0": 0.6335685483870969,
    "neg_prec": 0.6252176075603084,
    "pos_prec": 0.7548556430446194,
    "neg_rec": 0.6421455938697318,
    "pos_rec": 0.7411097749527572,
    "neg_f": 0.6335685483870969,
    "pos_f": 0.7479195561719832,
    "tn": 2514,
    "fp": 1401,
    "fn": 1507,
    "tp": 4314,
    "sensitivity": 0.7411097749527572,
    "specificity": 0.6421455938697318,
    "acc": 0.7013147082990961
}