{
    "fbeta-1.0": 0.6630811521453329,
    "neg_prec": 0.6277438334464811,
    "pos_prec": 0.7791987963137107,
    "neg_rec": 0.7026342451874367,
    "pos_rec": 0.7157912923289564,
    "neg_f": 0.6630811521453329,
    "pos_f": 0.7461503827104908,
    "tn": 2774,
    "fp": 1174,
    "fn": 1645,
    "tp": 4143,
    "sensitivity": 0.7157912923289564,
    "specificity": 0.7026342451874367,
    "acc": 0.710456039441249
}