{
    "fbeta-1.0": 0.48513674197384066,
    "neg_prec": 0.45045542368203145,
    "pos_prec": 0.7590381154915753,
    "neg_rec": 0.5256038647342995,
    "pos_rec": 0.6997436284120042,
    "neg_f": 0.48513674197384066,
    "pos_f": 0.7281858129315756,
    "tn": 1632,
    "fp": 1473,
    "fn": 1991,
    "tp": 4640,
    "sensitivity": 0.6997436284120042,
    "specificity": 0.5256038647342995,
    "acc": 0.6442070665571077
}