{
    "fbeta-1.0": 0.5305395781977541,
    "neg_prec": 0.5403068340306834,
    "pos_prec": 0.710616159973988,
    "neg_rec": 0.5211191821361313,
    "pos_rec": 0.7262003655092208,
    "neg_f": 0.5305395781977541,
    "pos_f": 0.7183237469186524,
    "tn": 1937,
    "fp": 1780,
    "fn": 1648,
    "tp": 4371,
    "sensitivity": 0.7262003655092208,
    "specificity": 0.5211191821361313,
    "acc": 0.6479046836483155
}