{
    "fbeta-1.0": 0.5902101486417222,
    "neg_prec": 0.5921830804834147,
    "pos_prec": 0.724303061399008,
    "neg_rec": 0.5882503192848021,
    "pos_rec": 0.7275382236729084,
    "neg_f": 0.5902101486417222,
    "pos_f": 0.7259170380527941,
    "tn": 2303,
    "fp": 1612,
    "fn": 1586,
    "tp": 4235,
    "sensitivity": 0.7275382236729084,
    "specificity": 0.5882503192848021,
    "acc": 0.6715283483976993
}