{
    "fbeta-1.0": 0.63097220443192,
    "neg_prec": 0.5936370209689081,
    "pos_prec": 0.7861106139251834,
    "neg_rec": 0.6733187534171678,
    "pos_rec": 0.7226061204343535,
    "neg_f": 0.63097220443192,
    "pos_f": 0.7530218602657522,
    "tn": 2463,
    "fp": 1195,
    "fn": 1686,
    "tp": 4392,
    "sensitivity": 0.7226061204343535,
    "specificity": 0.6733187534171678,
    "acc": 0.7040879211175021
}