{
    "fbeta-1.0": 0.638767650834403,
    "neg_prec": 0.6141693409034806,
    "pos_prec": 0.7799472295514512,
    "neg_rec": 0.6654185611125969,
    "pos_rec": 0.7393696848424212,
    "neg_f": 0.638767650834403,
    "pos_f": 0.7591165896250642,
    "tn": 2488,
    "fp": 1251,
    "fn": 1563,
    "tp": 4434,
    "sensitivity": 0.7393696848424212,
    "specificity": 0.6654185611125969,
    "acc": 0.7109695973705834
}