{
    "fbeta-1.0": 0.5183615819209039,
    "neg_prec": 0.46163522012578617,
    "pos_prec": 0.7795521610831453,
    "neg_rec": 0.5909822866344605,
    "pos_rec": 0.6772734127582567,
    "neg_f": 0.5183615819209039,
    "pos_f": 0.724822466107166,
    "tn": 1835,
    "fp": 1270,
    "fn": 2140,
    "tp": 4491,
    "sensitivity": 0.6772734127582567,
    "specificity": 0.5909822866344605,
    "acc": 0.6497534921939194
}