{
    "fbeta-1.0": 0.5129438717067583,
    "neg_prec": 0.40291524203707035,
    "pos_prec": 0.7765015553960277,
    "neg_rec": 0.705641348881185,
    "pos_rec": 0.49443851896998325,
    "neg_f": 0.5129438717067583,
    "pos_f": 0.604170545522249,
    "tn": 2239,
    "fp": 934,
    "fn": 3318,
    "tp": 3245,
    "sensitivity": 0.49443851896998325,
    "specificity": 0.705641348881185,
    "acc": 0.5632703368940016
}