{
    "fbeta-1.0": 0.5303603982611135,
    "neg_prec": 0.47776654876200103,
    "pos_prec": 0.7781239183108342,
    "neg_rec": 0.5959659628112197,
    "pos_rec": 0.6850525674234345,
    "neg_f": 0.5303603982611135,
    "pos_f": 0.728628150068876,
    "tn": 1891,
    "fp": 1282,
    "fn": 2067,
    "tp": 4496,
    "sensitivity": 0.6850525674234345,
    "specificity": 0.5959659628112197,
    "acc": 0.6560188989317995
}