{
    "fbeta-1.0": 0.48369045994267784,
    "neg_prec": 0.47493969445188955,
    "pos_prec": 0.6962531223980016,
    "neg_rec": 0.492769744160178,
    "pos_rec": 0.6809446254071662,
    "neg_f": 0.48369045994267784,
    "pos_f": 0.6885137916838205,
    "tn": 1772,
    "fp": 1824,
    "fn": 1959,
    "tp": 4181,
    "sensitivity": 0.6809446254071662,
    "specificity": 0.492769744160178,
    "acc": 0.6114420706655711
}