{
    "fbeta-1.0": 0.521004345726702,
    "neg_prec": 0.5055048020613727,
    "pos_prec": 0.6603255899030547,
    "neg_rec": 0.5374844333748443,
    "pos_rec": 0.6310085649362,
    "neg_f": 0.521004345726702,
    "pos_f": 0.6453342867357883,
    "tn": 2158,
    "fp": 1857,
    "fn": 2111,
    "tp": 3610,
    "sensitivity": 0.6310085649362,
    "specificity": 0.5374844333748443,
    "acc": 0.5924404272801972
}