{
    "fbeta-1.0": 0.49468294604174873,
    "neg_prec": 0.49164926931106473,
    "pos_prec": 0.6780149051490515,
    "neg_rec": 0.4977542932628798,
    "pos_rec": 0.6726600571332549,
    "neg_f": 0.49468294604174873,
    "pos_f": 0.6753268663011388,
    "tn": 1884,
    "fp": 1901,
    "fn": 1948,
    "tp": 4003,
    "sensitivity": 0.6726600571332549,
    "specificity": 0.4977542932628798,
    "acc": 0.6046631059983566
}