{
    "fbeta-1.0": 0.553060438855383,
    "neg_prec": 0.5382117882117882,
    "pos_prec": 0.71493370551291,
    "neg_rec": 0.5687516495117445,
    "pos_rec": 0.6890869345888684,
    "neg_f": 0.553060438855383,
    "pos_f": 0.7017724120215773,
    "tn": 2155,
    "fp": 1634,
    "fn": 1849,
    "tp": 4098,
    "sensitivity": 0.6890869345888684,
    "specificity": 0.5687516495117445,
    "acc": 0.6422555464256368
}