{
    "fbeta-1.0": 0.5146554000528122,
    "neg_prec": 0.5082138200782269,
    "pos_prec": 0.6966615827825792,
    "neg_rec": 0.5212623696175448,
    "pos_rec": 0.6855094213773554,
    "neg_f": 0.5146554000528122,
    "pos_f": 0.6910405110102538,
    "tn": 1949,
    "fp": 1790,
    "fn": 1886,
    "tp": 4111,
    "sensitivity": 0.6855094213773554,
    "specificity": 0.5212623696175448,
    "acc": 0.6224322103533279
}