{
    "fbeta-1.0": 0.5634553358575235,
    "neg_prec": 0.4703816436431749,
    "pos_prec": 0.8442817932296431,
    "neg_rec": 0.7024475524475524,
    "pos_rec": 0.6710296684118674,
    "neg_f": 0.5634553358575235,
    "pos_f": 0.7477513977797586,
    "tn": 2009,
    "fp": 851,
    "fn": 2262,
    "tp": 4614,
    "sensitivity": 0.6710296684118674,
    "specificity": 0.7024475524475524,
    "acc": 0.6802588331963846
}