{
    "fbeta-1.0": 0.6647474483119602,
    "neg_prec": 0.6375502008032129,
    "pos_prec": 0.8056328233657858,
    "neg_rec": 0.6943685073810826,
    "pos_rec": 0.7624218492925304,
    "neg_f": 0.6647474483119602,
    "pos_f": 0.7834319526627219,
    "tn": 2540,
    "fp": 1118,
    "fn": 1444,
    "tp": 4634,
    "sensitivity": 0.7624218492925304,
    "specificity": 0.6943685073810826,
    "acc": 0.7368529170090387
}