{
    "fbeta-1.0": 0.6684789644012944,
    "neg_prec": 0.647767185148018,
    "pos_prec": 0.7987826086956522,
    "neg_rec": 0.6905589729874297,
    "pos_rec": 0.7658829414707353,
    "neg_f": 0.6684789644012944,
    "pos_f": 0.781986890269856,
    "tn": 2582,
    "fp": 1157,
    "fn": 1404,
    "tp": 4593,
    "sensitivity": 0.7658829414707353,
    "specificity": 0.6905589729874297,
    "acc": 0.7369556285949055
}