{
    "fbeta-1.0": 0.6403915507470377,
    "neg_prec": 0.5690089265278095,
    "pos_prec": 0.8306316377864729,
    "neg_rec": 0.7322533136966126,
    "pos_rec": 0.7030436839615203,
    "neg_f": 0.6403915507470377,
    "pos_f": 0.7615305773829859,
    "tn": 2486,
    "fp": 909,
    "fn": 1883,
    "tp": 4458,
    "sensitivity": 0.7030436839615203,
    "specificity": 0.7322533136966126,
    "acc": 0.7132292522596549
}