{
    "fbeta-1.0": 0.5966397671649689,
    "neg_prec": 0.6244807532539463,
    "pos_prec": 0.7235918367346938,
    "neg_rec": 0.5711752786220872,
    "pos_rec": 0.7657221838286109,
    "neg_f": 0.5966397671649689,
    "pos_f": 0.7440611097120793,
    "tn": 2255,
    "fp": 1693,
    "fn": 1356,
    "tp": 4432,
    "sensitivity": 0.7657221838286109,
    "specificity": 0.5711752786220872,
    "acc": 0.6868323746918652
}