{
    "fbeta-1.0": 0.6864099262554137,
    "neg_prec": 0.6463844797178131,
    "pos_prec": 0.7932692307692307,
    "neg_rec": 0.7317194908909409,
    "pos_rec": 0.7200209460638854,
    "neg_f": 0.6864099262554137,
    "pos_f": 0.7548723579467471,
    "tn": 2932,
    "fp": 1075,
    "fn": 1604,
    "tp": 4125,
    "sensitivity": 0.7200209460638854,
    "specificity": 0.7317194908909409,
    "acc": 0.724835661462613
}