{
    "fbeta-1.0": 0.43340021608272883,
    "neg_prec": 0.3719205298013245,
    "pos_prec": 0.7819157859419561,
    "neg_rec": 0.5192307692307693,
    "pos_rec": 0.6628270762229806,
    "neg_f": 0.43340021608272883,
    "pos_f": 0.7174632494420073,
    "tn": 1404,
    "fp": 1300,
    "fn": 2371,
    "tp": 4661,
    "sensitivity": 0.6628270762229806,
    "specificity": 0.5192307692307693,
    "acc": 0.6229457682826622
}