{
    "fbeta-1.0": 0.5421274354923644,
    "neg_prec": 0.512699203187251,
    "pos_prec": 0.7340909090909091,
    "neg_rec": 0.5751396648044693,
    "pos_rec": 0.6820987654320988,
    "neg_f": 0.5421274354923644,
    "pos_f": 0.7071404513304144,
    "tn": 2059,
    "fp": 1521,
    "fn": 1957,
    "tp": 4199,
    "sensitivity": 0.6820987654320988,
    "specificity": 0.5751396648044693,
    "acc": 0.6427691043549713
}