{
    "fbeta-1.0": 0.4890378438765536,
    "neg_prec": 0.46705788210189386,
    "pos_prec": 0.7225655587105395,
    "neg_rec": 0.5131887456037515,
    "pos_rec": 0.6840607210626186,
    "neg_f": 0.4890378438765536,
    "pos_f": 0.7027861262285761,
    "tn": 1751,
    "fp": 1661,
    "fn": 1998,
    "tp": 4326,
    "sensitivity": 0.6840607210626186,
    "specificity": 0.5131887456037515,
    "acc": 0.6241783073130649
}