{
    "fbeta-1.0": 0.5996805962203886,
    "neg_prec": 0.5753319713993871,
    "pos_prec": 0.7689003436426117,
    "neg_rec": 0.6261812117843246,
    "pos_rec": 0.7290648419680678,
    "neg_f": 0.5996805962203886,
    "pos_f": 0.7484529185482522,
    "tn": 2253,
    "fp": 1345,
    "fn": 1663,
    "tp": 4475,
    "sensitivity": 0.7290648419680678,
    "specificity": 0.6261812117843246,
    "acc": 0.6910435497124076
}