{
    "fbeta-1.0": 0.5159289540456724,
    "neg_prec": 0.5156382079459002,
    "pos_prec": 0.7228058833037013,
    "neg_rec": 0.5162200282087447,
    "pos_rec": 0.7223388790179293,
    "neg_f": 0.5159289540456724,
    "pos_f": 0.7225723057036677,
    "tn": 1830,
    "fp": 1715,
    "fn": 1719,
    "tp": 4472,
    "sensitivity": 0.7223388790179293,
    "specificity": 0.5162200282087447,
    "acc": 0.6472884141331142
}