{
    "fbeta-1.0": 0.5503262529501597,
    "neg_prec": 0.5235076597992604,
    "pos_prec": 0.7588235294117647,
    "neg_rec": 0.5800409716125257,
    "pos_rec": 0.7145117898401646,
    "neg_f": 0.5503262529501597,
    "pos_f": 0.7360013040997635,
    "tn": 1982,
    "fp": 1435,
    "fn": 1804,
    "tp": 4515,
    "sensitivity": 0.7145117898401646,
    "specificity": 0.5800409716125257,
    "acc": 0.6673171733771569
}