{
    "fbeta-1.0": 0.44716821639898563,
    "neg_prec": 0.3611743286299499,
    "pos_prec": 0.7909022837888431,
    "neg_rec": 0.5869082840236687,
    "pos_rec": 0.6008248009101251,
    "neg_f": 0.44716821639898563,
    "pos_f": 0.6828834653305317,
    "tn": 1587,
    "fp": 1117,
    "fn": 2807,
    "tp": 4225,
    "sensitivity": 0.6008248009101251,
    "specificity": 0.5869082840236687,
    "acc": 0.5969597370583402
}