{
    "fbeta-1.0": 0.4931091510474091,
    "neg_prec": 0.49202420242024203,
    "pos_prec": 0.6998360655737705,
    "neg_rec": 0.4941988950276243,
    "pos_rec": 0.698005232177894,
    "neg_f": 0.4931091510474091,
    "pos_f": 0.6989194499017681,
    "tn": 1789,
    "fp": 1831,
    "fn": 1847,
    "tp": 4269,
    "sensitivity": 0.698005232177894,
    "specificity": 0.4941988950276243,
    "acc": 0.6222267871815941
}