{
    "fbeta-1.0": 0.5632032734180914,
    "neg_prec": 0.4838061762490585,
    "pos_prec": 0.8378237441334956,
    "neg_rec": 0.6737762237762238,
    "pos_rec": 0.7009889470622455,
    "neg_f": 0.5632032734180914,
    "pos_f": 0.7633225116794679,
    "tn": 1927,
    "fp": 933,
    "fn": 2056,
    "tp": 4820,
    "sensitivity": 0.7009889470622455,
    "specificity": 0.6737762237762238,
    "acc": 0.6929950698438784
}