{
    "fbeta-1.0": 0.6371308016877638,
    "neg_prec": 0.5753111506223012,
    "pos_prec": 0.8434212795309536,
    "neg_rec": 0.713835486920895,
    "pos_rec": 0.745238458022246,
    "neg_f": 0.6371308016877638,
    "pos_f": 0.7912959068111957,
    "tn": 2265,
    "fp": 908,
    "fn": 1672,
    "tp": 4891,
    "sensitivity": 0.745238458022246,
    "specificity": 0.713835486920895,
    "acc": 0.7350041084634347
}