{
    "fbeta-1.0": 0.6583498023715415,
    "neg_prec": 0.6085864352591916,
    "pos_prec": 0.8036214299047975,
    "neg_rec": 0.7169760559591069,
    "pos_rec": 0.7152350888851968,
    "neg_f": 0.6583498023715415,
    "pos_f": 0.7568565400843882,
    "tn": 2665,
    "fp": 1052,
    "fn": 1714,
    "tp": 4305,
    "sensitivity": 0.7152350888851968,
    "specificity": 0.7169760559591069,
    "acc": 0.7158997534921939
}