{
    "fbeta-1.0": 0.6372863934215598,
    "neg_prec": 0.5573033707865168,
    "pos_prec": 0.8386303443057133,
    "neg_rec": 0.744074407440744,
    "pos_rec": 0.6923317195064813,
    "neg_f": 0.6372863934215598,
    "pos_f": 0.7584908888698776,
    "tn": 2480,
    "fp": 853,
    "fn": 1970,
    "tp": 4433,
    "sensitivity": 0.6923317195064813,
    "specificity": 0.744074407440744,
    "acc": 0.7100451930977815
}