{
    "fbeta-1.0": 0.5274493737562918,
    "neg_prec": 0.49288995843360317,
    "pos_prec": 0.6671829622458858,
    "neg_rec": 0.5672205438066465,
    "pos_rec": 0.5978487161693269,
    "neg_f": 0.5274493737562918,
    "pos_f": 0.630615792844725,
    "tn": 2253,
    "fp": 1719,
    "fn": 2318,
    "tp": 3446,
    "sensitivity": 0.5978487161693269,
    "specificity": 0.5672205438066465,
    "acc": 0.5853533278553821
}