{
    "fbeta-1.0": 0.6590557735759306,
    "neg_prec": 0.6245210727969349,
    "pos_prec": 0.7733534629175316,
    "neg_rec": 0.6976334340382678,
    "pos_rec": 0.7109646079111728,
    "neg_f": 0.6590557735759306,
    "pos_f": 0.740847871282654,
    "tn": 2771,
    "fp": 1201,
    "fn": 1666,
    "tp": 4098,
    "sensitivity": 0.7109646079111728,
    "specificity": 0.6976334340382678,
    "acc": 0.7055258833196385
}