{
    "fbeta-1.0": 0.6265933516620846,
    "neg_prec": 0.6346835443037975,
    "pos_prec": 0.7329761493259592,
    "neg_rec": 0.6187068114511353,
    "pos_rec": 0.7461294862772695,
    "neg_f": 0.6265933516620846,
    "pos_f": 0.7394943330427202,
    "tn": 2507,
    "fp": 1545,
    "fn": 1443,
    "tp": 4241,
    "sensitivity": 0.7461294862772695,
    "specificity": 0.6187068114511353,
    "acc": 0.6930977814297453
}