{
    "fbeta-1.0": 0.5915385592681996,
    "neg_prec": 0.5970761733777892,
    "pos_prec": 0.718348466678088,
    "neg_rec": 0.5861027190332326,
    "pos_rec": 0.7274462179042331,
    "neg_f": 0.5915385592681996,
    "pos_f": 0.722868718213947,
    "tn": 2328,
    "fp": 1644,
    "fn": 1571,
    "tp": 4193,
    "sensitivity": 0.7274462179042331,
    "specificity": 0.5861027190332326,
    "acc": 0.6697822514379622
}