{
    "fbeta-1.0": 0.4865293185419968,
    "neg_prec": 0.4844818516570226,
    "pos_prec": 0.675092686215032,
    "neg_rec": 0.48859416445623344,
    "pos_rec": 0.6714716728126048,
    "neg_f": 0.4865293185419968,
    "pos_f": 0.6732773109243698,
    "tn": 1842,
    "fp": 1928,
    "fn": 1960,
    "tp": 4006,
    "sensitivity": 0.6714716728126048,
    "specificity": 0.48859416445623344,
    "acc": 0.600657354149548
}