{
    "fbeta-1.0": 0.5217765042979942,
    "neg_prec": 0.49931450507266245,
    "pos_prec": 0.7516833634422729,
    "neg_rec": 0.5463546354635463,
    "pos_rec": 0.7148211775730127,
    "neg_f": 0.5217765042979942,
    "pos_f": 0.7327889849503684,
    "tn": 1821,
    "fp": 1512,
    "fn": 1826,
    "tp": 4577,
    "sensitivity": 0.7148211775730127,
    "specificity": 0.5463546354635463,
    "acc": 0.6571487263763353
}