{
    "fbeta-1.0": 0.5454298150163222,
    "neg_prec": 0.5372454448017149,
    "pos_prec": 0.7310126582278481,
    "neg_rec": 0.5538674033149171,
    "pos_rec": 0.7176258992805755,
    "neg_f": 0.5454298150163222,
    "pos_f": 0.7242574257425741,
    "tn": 2005,
    "fp": 1615,
    "fn": 1727,
    "tp": 4389,
    "sensitivity": 0.7176258992805755,
    "specificity": 0.5538674033149171,
    "acc": 0.6567378800328677
}