{
    "fbeta-1.0": 0.43141070187630304,
    "neg_prec": 0.33673247993057065,
    "pos_prec": 0.7983226058123659,
    "neg_rec": 0.60015467904099,
    "pos_rec": 0.5724475524475524,
    "neg_f": 0.43141070187630304,
    "pos_f": 0.6667752708316363,
    "tn": 1552,
    "fp": 1034,
    "fn": 3057,
    "tp": 4093,
    "sensitivity": 0.5724475524475524,
    "specificity": 0.60015467904099,
    "acc": 0.5798069022185702
}