{
    "fbeta-1.0": 0.6379114642451759,
    "neg_prec": 0.6102799227799228,
    "pos_prec": 0.7753934191702432,
    "neg_rec": 0.6681638044914134,
    "pos_rec": 0.7286170391530835,
    "neg_f": 0.6379114642451759,
    "pos_f": 0.7512778307199167,
    "tn": 2529,
    "fp": 1256,
    "fn": 1615,
    "tp": 4336,
    "sensitivity": 0.7286170391530835,
    "specificity": 0.6681638044914134,
    "acc": 0.705115036976171
}