{
    "fbeta-1.0": 0.5394631942598989,
    "neg_prec": 0.5058559681036631,
    "pos_prec": 0.7408701729861961,
    "neg_rec": 0.5778536863079988,
    "pos_rec": 0.6813434035031335,
    "neg_f": 0.5394631942598989,
    "pos_f": 0.7098610413527541,
    "tn": 2030,
    "fp": 1483,
    "fn": 1983,
    "tp": 4240,
    "sensitivity": 0.6813434035031335,
    "specificity": 0.5778536863079988,
    "acc": 0.6440016433853739
}