{
    "fbeta-1.0": 0.5484569572279373,
    "neg_prec": 0.5623091867887872,
    "pos_prec": 0.7131909342899071,
    "neg_rec": 0.5352708058124175,
    "pos_rec": 0.7350025205847757,
    "neg_f": 0.5484569572279373,
    "pos_f": 0.7239324726911619,
    "tn": 2026,
    "fp": 1759,
    "fn": 1577,
    "tp": 4374,
    "sensitivity": 0.7350025205847757,
    "specificity": 0.5352708058124175,
    "acc": 0.657354149548069
}