{
    "fbeta-1.0": 0.6198457036445862,
    "neg_prec": 0.567462250365319,
    "pos_prec": 0.8078152753108349,
    "neg_rec": 0.6828839390386869,
    "pos_rec": 0.7191650853889943,
    "neg_f": 0.6198457036445862,
    "pos_f": 0.7609168479170152,
    "tn": 2330,
    "fp": 1082,
    "fn": 1776,
    "tp": 4548,
    "sensitivity": 0.7191650853889943,
    "specificity": 0.6828839390386869,
    "acc": 0.7064502875924404
}