{
    "fbeta-1.0": 0.6137299163457708,
    "neg_prec": 0.5966950684224116,
    "pos_prec": 0.7702541361077947,
    "neg_rec": 0.631765992345544,
    "pos_rec": 0.7430075682790391,
    "neg_f": 0.6137299163457708,
    "pos_f": 0.7563855623482121,
    "tn": 2311,
    "fp": 1347,
    "fn": 1562,
    "tp": 4516,
    "sensitivity": 0.7430075682790391,
    "specificity": 0.631765992345544,
    "acc": 0.7012119967132292
}