{
    "fbeta-1.0": 0.6185160866710439,
    "neg_prec": 0.5909661229611042,
    "pos_prec": 0.7782994261867501,
    "neg_rec": 0.6487603305785123,
    "pos_rec": 0.7330494595479856,
    "neg_f": 0.6185160866710439,
    "pos_f": 0.7549970481572067,
    "tn": 2355,
    "fp": 1275,
    "fn": 1630,
    "tp": 4476,
    "sensitivity": 0.7330494595479856,
    "specificity": 0.6487603305785123,
    "acc": 0.7016228430566968
}