{
    "fbeta-1.0": 0.6458490092801605,
    "neg_prec": 0.5767077267637178,
    "pos_prec": 0.8228040220072093,
    "neg_rec": 0.7338273012254204,
    "pos_rec": 0.6964830576521599,
    "neg_f": 0.6458490092801605,
    "pos_f": 0.7543920681857714,
    "tn": 2575,
    "fp": 934,
    "fn": 1890,
    "tp": 4337,
    "sensitivity": 0.6964830576521599,
    "specificity": 0.7338273012254204,
    "acc": 0.7099424815119145
}