{
    "fbeta-1.0": 0.658672480620155,
    "neg_prec": 0.6086859189612716,
    "pos_prec": 0.7969254127918011,
    "neg_rec": 0.7176035893375561,
    "pos_rec": 0.7060702875399361,
    "neg_f": 0.658672480620155,
    "pos_f": 0.7487517831669044,
    "tn": 2719,
    "fp": 1070,
    "fn": 1748,
    "tp": 4199,
    "sensitivity": 0.7060702875399361,
    "specificity": 0.7176035893375561,
    "acc": 0.7105587510271159
}