{
    "fbeta-1.0": 0.593974175035868,
    "neg_prec": 0.5871583290355854,
    "pos_prec": 0.7418914305223626,
    "neg_rec": 0.6009501187648456,
    "pos_rec": 0.7307886329241634,
    "neg_f": 0.593974175035868,
    "pos_f": 0.736298178737823,
    "tn": 2277,
    "fp": 1512,
    "fn": 1601,
    "tp": 4346,
    "sensitivity": 0.7307886329241634,
    "specificity": 0.6009501187648456,
    "acc": 0.6802588331963846
}