{
    "fbeta-1.0": 0.6189104571070758,
    "neg_prec": 0.6120881842952688,
    "pos_prec": 0.7408317248640113,
    "neg_rec": 0.625886524822695,
    "pos_rec": 0.7294402211472011,
    "neg_f": 0.6189104571070758,
    "pos_f": 0.7350918429529033,
    "tn": 2471,
    "fp": 1477,
    "fn": 1566,
    "tp": 4222,
    "sensitivity": 0.7294402211472011,
    "specificity": 0.625886524822695,
    "acc": 0.6874486442070665
}