{
    "fbeta-1.0": 0.6086065573770493,
    "neg_prec": 0.5807870936201418,
    "pos_prec": 0.762444641275465,
    "neg_rec": 0.639225181598063,
    "pos_rec": 0.7150689483302874,
    "neg_f": 0.6086065573770493,
    "pos_f": 0.7379972565157751,
    "tn": 2376,
    "fp": 1341,
    "fn": 1715,
    "tp": 4304,
    "sensitivity": 0.7150689483302874,
    "specificity": 0.639225181598063,
    "acc": 0.686113393590797
}