{
    "fbeta-1.0": 0.6564743419303376,
    "neg_prec": 0.6014616321559074,
    "pos_prec": 0.8316462440063932,
    "neg_rec": 0.7225636523266022,
    "pos_rec": 0.7410982750435195,
    "neg_f": 0.6564743419303376,
    "pos_f": 0.7837656903765691,
    "tn": 2469,
    "fp": 948,
    "fn": 1636,
    "tp": 4683,
    "sensitivity": 0.7410982750435195,
    "specificity": 0.7225636523266022,
    "acc": 0.7345932621199671
}