{
    "fbeta-1.0": 0.5517700292786798,
    "neg_prec": 0.5290964777947933,
    "pos_prec": 0.7382261945685803,
    "neg_rec": 0.5764738598442715,
    "pos_rec": 0.6995114006514658,
    "neg_f": 0.5517700292786798,
    "pos_f": 0.7183475497574845,
    "tn": 2073,
    "fp": 1523,
    "fn": 1845,
    "tp": 4295,
    "sensitivity": 0.6995114006514658,
    "specificity": 0.5764738598442715,
    "acc": 0.6540673788003287
}