{
    "fbeta-1.0": 0.5206303724928366,
    "neg_prec": 0.506834030683403,
    "pos_prec": 0.7434563485612096,
    "neg_rec": 0.5351988217967599,
    "pos_rec": 0.7211796246648794,
    "neg_f": 0.5206303724928366,
    "pos_f": 0.7321485750880563,
    "tn": 1817,
    "fp": 1578,
    "fn": 1768,
    "tp": 4573,
    "sensitivity": 0.7211796246648794,
    "specificity": 0.5351988217967599,
    "acc": 0.6563270336894002
}