{
    "fbeta-1.0": 0.5614448370632116,
    "neg_prec": 0.5497180932854946,
    "pos_prec": 0.7267740829619472,
    "neg_rec": 0.5736828028884728,
    "pos_rec": 0.7070201767550441,
    "neg_f": 0.5614448370632116,
    "pos_f": 0.7167610514749388,
    "tn": 2145,
    "fp": 1594,
    "fn": 1757,
    "tp": 4240,
    "sensitivity": 0.7070201767550441,
    "specificity": 0.5736828028884728,
    "acc": 0.6558134757600658
}