{
    "fbeta-1.0": 0.5002602811035919,
    "neg_prec": 0.4643633727953612,
    "pos_prec": 0.7100232267286046,
    "neg_rec": 0.5421720733427362,
    "pos_rec": 0.6418995315780972,
    "neg_f": 0.5002602811035919,
    "pos_f": 0.6742449949100779,
    "tn": 1922,
    "fp": 1623,
    "fn": 2217,
    "tp": 3974,
    "sensitivity": 0.6418995315780972,
    "specificity": 0.5421720733427362,
    "acc": 0.6055875102711585
}