{
    "fbeta-1.0": 0.4940705815116445,
    "neg_prec": 0.4797447280799112,
    "pos_prec": 0.728310502283105,
    "neg_rec": 0.5092783505154639,
    "pos_rec": 0.7043053146191453,
    "neg_f": 0.4940705815116445,
    "pos_f": 0.7161067906678424,
    "tn": 1729,
    "fp": 1666,
    "fn": 1875,
    "tp": 4466,
    "sensitivity": 0.7043053146191453,
    "specificity": 0.5092783505154639,
    "acc": 0.6362982744453575
}