{
    "fbeta-1.0": 0.5496233938856889,
    "neg_prec": 0.49412467635929097,
    "pos_prec": 0.6763520678685048,
    "neg_rec": 0.6191664586972797,
    "pos_rec": 0.5566416477570256,
    "neg_f": 0.5496233938856889,
    "pos_f": 0.6106855610877058,
    "tn": 2481,
    "fp": 1526,
    "fn": 2540,
    "tp": 3189,
    "sensitivity": 0.5566416477570256,
    "specificity": 0.6191664586972797,
    "acc": 0.5823746918652424
}