{
    "fbeta-1.0": 0.5322743036133796,
    "neg_prec": 0.438121546961326,
    "pos_prec": 0.7375754760798885,
    "neg_rec": 0.6779709318894271,
    "pos_rec": 0.5100369359242011,
    "neg_f": 0.5322743036133796,
    "pos_f": 0.6030570587676825,
    "tn": 2379,
    "fp": 1130,
    "fn": 3051,
    "tp": 3176,
    "sensitivity": 0.5100369359242011,
    "specificity": 0.6779709318894271,
    "acc": 0.5705628594905505
}