{
    "fbeta-1.0": 0.5179063360881543,
    "neg_prec": 0.4978562421185372,
    "pos_prec": 0.7081961531796915,
    "neg_rec": 0.5396391470749043,
    "pos_rec": 0.6724251398486344,
    "neg_f": 0.5179063360881543,
    "pos_f": 0.6898472444932061,
    "tn": 1974,
    "fp": 1684,
    "fn": 1991,
    "tp": 4087,
    "sensitivity": 0.6724251398486344,
    "specificity": 0.5396391470749043,
    "acc": 0.6225349219391948
}