{
    "fbeta-1.0": 0.5652714463323664,
    "neg_prec": 0.5346224196498562,
    "pos_prec": 0.7688272127263497,
    "neg_rec": 0.5996483001172332,
    "pos_rec": 0.7183744465528147,
    "neg_f": 0.5652714463323664,
    "pos_f": 0.7427450339246302,
    "tn": 2046,
    "fp": 1366,
    "fn": 1781,
    "tp": 4543,
    "sensitivity": 0.7183744465528147,
    "specificity": 0.5996483001172332,
    "acc": 0.6767666392769104
}