{
    "fbeta-1.0": 0.6731007176441475,
    "neg_prec": 0.6148282097649186,
    "pos_prec": 0.8234186746987951,
    "neg_rec": 0.7435757244395844,
    "pos_rec": 0.71964461994077,
    "neg_f": 0.6731007176441475,
    "pos_f": 0.7680421422300263,
    "tn": 2720,
    "fp": 938,
    "fn": 1704,
    "tp": 4374,
    "sensitivity": 0.71964461994077,
    "specificity": 0.7435757244395844,
    "acc": 0.7286359901396877
}