{
    "fbeta-1.0": 0.5365984930032294,
    "neg_prec": 0.5445111960677226,
    "pos_prec": 0.7076061903193941,
    "neg_rec": 0.5289124668435013,
    "pos_rec": 0.7204156889037882,
    "neg_f": 0.5365984930032294,
    "pos_f": 0.7139534883720929,
    "tn": 1994,
    "fp": 1776,
    "fn": 1668,
    "tp": 4298,
    "sensitivity": 0.7204156889037882,
    "specificity": 0.5289124668435013,
    "acc": 0.6462612982744453
}