{
    "fbeta-1.0": 0.5018201429149252,
    "neg_prec": 0.5364658402997982,
    "pos_prec": 0.6669857986277326,
    "neg_rec": 0.4713779128672746,
    "pos_rec": 0.7221838286109191,
    "neg_f": 0.5018201429149252,
    "pos_f": 0.693488179178764,
    "tn": 1861,
    "fp": 2087,
    "fn": 1608,
    "tp": 4180,
    "sensitivity": 0.7221838286109191,
    "specificity": 0.4713779128672746,
    "acc": 0.620480690221857
}