{
    "fbeta-1.0": 0.5505157201441532,
    "neg_prec": 0.5435582822085889,
    "pos_prec": 0.6896308072778661,
    "neg_rec": 0.5576535750251762,
    "pos_rec": 0.6773074253990284,
    "neg_f": 0.5505157201441532,
    "pos_f": 0.6834135667396062,
    "tn": 2215,
    "fp": 1757,
    "fn": 1860,
    "tp": 3904,
    "sensitivity": 0.6773074253990284,
    "specificity": 0.5576535750251762,
    "acc": 0.6284921939194741
}