{
    "fbeta-1.0": 0.6294067067927772,
    "neg_prec": 0.6197387518142236,
    "pos_prec": 0.7420564084255623,
    "neg_rec": 0.639381083104567,
    "pos_rec": 0.7256065631000175,
    "neg_f": 0.6294067067927772,
    "pos_f": 0.7337392992674963,
    "tn": 2562,
    "fp": 1445,
    "fn": 1572,
    "tp": 4157,
    "sensitivity": 0.7256065631000175,
    "specificity": 0.639381083104567,
    "acc": 0.6901191454396056
}