{
    "fbeta-1.0": 0.6073170731707317,
    "neg_prec": 0.5227431770468859,
    "pos_prec": 0.8436410350523031,
    "neg_rec": 0.7245392822502424,
    "pos_rec": 0.6920066235134729,
    "neg_f": 0.6073170731707317,
    "pos_f": 0.7603374131657293,
    "tn": 2241,
    "fp": 852,
    "fn": 2046,
    "tp": 4597,
    "sensitivity": 0.6920066235134729,
    "specificity": 0.7245392822502424,
    "acc": 0.702341824157765
}