{
    "fbeta-1.0": 0.6179357919872646,
    "neg_prec": 0.5908168442415018,
    "pos_prec": 0.7813255091473938,
    "neg_rec": 0.6476640711902113,
    "pos_rec": 0.7372964169381108,
    "neg_f": 0.6179357919872646,
    "pos_f": 0.7586726998491704,
    "tn": 2329,
    "fp": 1267,
    "fn": 1613,
    "tp": 4527,
    "sensitivity": 0.7372964169381108,
    "specificity": 0.6476640711902113,
    "acc": 0.7041906327033689
}