{
    "fbeta-1.0": 0.4951742627345845,
    "neg_prec": 0.45436654366543666,
    "pos_prec": 0.7270322694410157,
    "neg_rec": 0.5440353460972017,
    "pos_rec": 0.6502129001734742,
    "neg_f": 0.4951742627345845,
    "pos_f": 0.6864801864801865,
    "tn": 1847,
    "fp": 1548,
    "fn": 2218,
    "tp": 4123,
    "sensitivity": 0.6502129001734742,
    "specificity": 0.5440353460972017,
    "acc": 0.6131881676253081
}