{
    "fbeta-1.0": 0.4842218342956895,
    "neg_prec": 0.447394540942928,
    "pos_prec": 0.7171398527865405,
    "neg_rec": 0.5276558384547849,
    "pos_rec": 0.6475708181674316,
    "neg_f": 0.4842218342956895,
    "pos_f": 0.6805821205821205,
    "tn": 1803,
    "fp": 1614,
    "fn": 2227,
    "tp": 4092,
    "sensitivity": 0.6475708181674316,
    "specificity": 0.5276558384547849,
    "acc": 0.6054847986852917
}