{
    "fbeta-1.0": 0.6625557596431383,
    "neg_prec": 0.6271733730750124,
    "pos_prec": 0.8124343257443082,
    "neg_rec": 0.7021690767519466,
    "pos_rec": 0.7555374592833877,
    "neg_f": 0.6625557596431383,
    "pos_f": 0.7829535864978904,
    "tn": 2525,
    "fp": 1071,
    "fn": 1501,
    "tp": 4639,
    "sensitivity": 0.7555374592833877,
    "specificity": 0.7021690767519466,
    "acc": 0.7358258011503698
}