{
    "fbeta-1.0": 0.6170123903661423,
    "neg_prec": 0.5434036292300147,
    "pos_prec": 0.8428773418168964,
    "neg_rec": 0.7136876006441224,
    "pos_rec": 0.7191977077363897,
    "neg_f": 0.6170123903661423,
    "pos_f": 0.7761412645455287,
    "tn": 2216,
    "fp": 889,
    "fn": 1862,
    "tp": 4769,
    "sensitivity": 0.7191977077363897,
    "specificity": 0.7136876006441224,
    "acc": 0.7174404272801972
}