{
    "fbeta-1.0": 0.5688976377952757,
    "neg_prec": 0.5033590445384424,
    "pos_prec": 0.8128389015217772,
    "neg_rec": 0.654057549304882,
    "pos_rec": 0.6995333433689598,
    "neg_f": 0.5688976377952757,
    "pos_f": 0.7519417475728154,
    "tn": 2023,
    "fp": 1070,
    "fn": 1996,
    "tp": 4647,
    "sensitivity": 0.6995333433689598,
    "specificity": 0.654057549304882,
    "acc": 0.6850862777321282
}