{
    "fbeta-1.0": 0.5313010342950463,
    "neg_prec": 0.5250134480903712,
    "pos_prec": 0.7211698238617481,
    "neg_rec": 0.5377410468319559,
    "pos_rec": 0.7107762856207009,
    "neg_f": 0.5313010342950463,
    "pos_f": 0.7159353348729792,
    "tn": 1952,
    "fp": 1678,
    "fn": 1766,
    "tp": 4340,
    "sensitivity": 0.7107762856207009,
    "specificity": 0.5377410468319559,
    "acc": 0.6462612982744453
}