{
    "fbeta-1.0": 0.4810876295598331,
    "neg_prec": 0.4664578439049856,
    "pos_prec": 0.6933107535986452,
    "neg_rec": 0.49666481378543637,
    "pos_rec": 0.6669925057021832,
    "neg_f": 0.4810876295598331,
    "pos_f": 0.6798970356223533,
    "tn": 1787,
    "fp": 1811,
    "fn": 2044,
    "tp": 4094,
    "sensitivity": 0.6669925057021832,
    "specificity": 0.49666481378543637,
    "acc": 0.6040468364831553
}