{
    "fbeta-1.0": 0.503812560654374,
    "neg_prec": 0.44101941747572815,
    "pos_prec": 0.7727920227920227,
    "neg_rec": 0.5874555447785321,
    "pos_rec": 0.6533192834562698,
    "neg_f": 0.503812560654374,
    "pos_f": 0.7080512276694673,
    "tn": 1817,
    "fp": 1276,
    "fn": 2303,
    "tp": 4340,
    "sensitivity": 0.6533192834562698,
    "specificity": 0.5874555447785321,
    "acc": 0.6323952341824157
}