{
    "fbeta-1.0": 0.4741152383737935,
    "neg_prec": 0.40749120160884866,
    "pos_prec": 0.7848211184439041,
    "neg_rec": 0.5667832167832167,
    "pos_rec": 0.6572134962187318,
    "neg_f": 0.4741152383737935,
    "pos_f": 0.7153712205160677,
    "tn": 1621,
    "fp": 1239,
    "fn": 2357,
    "tp": 4519,
    "sensitivity": 0.6572134962187318,
    "specificity": 0.5667832167832167,
    "acc": 0.6306491372226787
}