{
    "fbeta-1.0": 0.5133298484056457,
    "neg_prec": 0.4740526188752112,
    "pos_prec": 0.7237618451635973,
    "neg_rec": 0.5597036192647478,
    "pos_rec": 0.6500722659386542,
    "neg_f": 0.5133298484056457,
    "pos_f": 0.6849407783417936,
    "tn": 1964,
    "fp": 1545,
    "fn": 2179,
    "tp": 4048,
    "sensitivity": 0.6500722659386542,
    "specificity": 0.5597036192647478,
    "acc": 0.6175020542317173
}