{
    "fbeta-1.0": 0.4998599047352199,
    "neg_prec": 0.5126436781609195,
    "pos_prec": 0.7004475703324808,
    "neg_rec": 0.48769819573537454,
    "pos_rec": 0.7209608423823626,
    "neg_f": 0.4998599047352199,
    "pos_f": 0.7105561861520998,
    "tn": 1784,
    "fp": 1874,
    "fn": 1696,
    "tp": 4382,
    "sensitivity": 0.7209608423823626,
    "specificity": 0.48769819573537454,
    "acc": 0.6333196384552178
}