{
    "fbeta-1.0": 0.5184518451845185,
    "neg_prec": 0.4235294117647059,
    "pos_prec": 0.8483026874115983,
    "neg_rec": 0.6682134570765661,
    "pos_rec": 0.671048951048951,
    "neg_f": 0.5184518451845185,
    "pos_f": 0.7493362486334532,
    "tn": 1728,
    "fp": 858,
    "fn": 2352,
    "tp": 4798,
    "sensitivity": 0.671048951048951,
    "specificity": 0.6682134570765661,
    "acc": 0.6702958093672966
}