{
    "fbeta-1.0": 0.6240294775628372,
    "neg_prec": 0.5669536107125777,
    "pos_prec": 0.8116672668347137,
    "neg_rec": 0.6938835235586772,
    "pos_rec": 0.7134040196233581,
    "neg_f": 0.6240294775628372,
    "pos_f": 0.7593699991577529,
    "tn": 2371,
    "fp": 1046,
    "fn": 1811,
    "tp": 4508,
    "sensitivity": 0.7134040196233581,
    "specificity": 0.6938835235586772,
    "acc": 0.7065529991783073
}