{
    "fbeta-1.0": 0.49176136363636364,
    "neg_prec": 0.4907853700028353,
    "pos_prec": 0.7129972620389757,
    "neg_rec": 0.4927412467976089,
    "pos_rec": 0.7113932187048048,
    "neg_f": 0.49176136363636364,
    "pos_f": 0.7121943371943372,
    "tn": 1731,
    "fp": 1782,
    "fn": 1796,
    "tp": 4427,
    "sensitivity": 0.7113932187048048,
    "specificity": 0.4927412467976089,
    "acc": 0.6324979457682827
}