{
    "fbeta-1.0": 0.6628677445003975,
    "neg_prec": 0.6370351502801834,
    "pos_prec": 0.8074010327022375,
    "neg_rec": 0.6908839779005524,
    "pos_rec": 0.7670045781556573,
    "neg_f": 0.6628677445003975,
    "pos_f": 0.7866845547543183,
    "tn": 2501,
    "fp": 1119,
    "fn": 1425,
    "tp": 4691,
    "sensitivity": 0.7670045781556573,
    "specificity": 0.6908839779005524,
    "acc": 0.7387017255546425
}