{
    "fbeta-1.0": 0.4916730719959006,
    "neg_prec": 0.4290185557791192,
    "pos_prec": 0.7313319399581988,
    "neg_rec": 0.5757575757575758,
    "pos_rec": 0.6011244729033266,
    "neg_f": 0.4916730719959006,
    "pos_f": 0.6598662780730328,
    "tn": 1919,
    "fp": 1414,
    "fn": 2554,
    "tp": 3849,
    "sensitivity": 0.6011244729033266,
    "specificity": 0.5757575757575758,
    "acc": 0.5924404272801972
}