{
    "fbeta-1.0": 0.49423558897243114,
    "neg_prec": 0.4316987740805604,
    "pos_prec": 0.7213622291021672,
    "neg_rec": 0.5779601406799532,
    "pos_rec": 0.5895003162555345,
    "neg_f": 0.49423558897243114,
    "pos_f": 0.6487991646362686,
    "tn": 1972,
    "fp": 1440,
    "fn": 2596,
    "tp": 3728,
    "sensitivity": 0.5895003162555345,
    "specificity": 0.5779601406799532,
    "acc": 0.585456039441249
}