{
    "fbeta-1.0": 0.5625,
    "neg_prec": 0.5601383057545073,
    "pos_prec": 0.6928081589590294,
    "neg_rec": 0.5648816936488169,
    "pos_rec": 0.6886907883237197,
    "neg_f": 0.5625,
    "pos_f": 0.6907433380084151,
    "tn": 2268,
    "fp": 1747,
    "fn": 1781,
    "tp": 3940,
    "sensitivity": 0.6886907883237197,
    "specificity": 0.5648816936488169,
    "acc": 0.637633525061627
}