{
    "fbeta-1.0": 0.5975825071302459,
    "neg_prec": 0.5708354955889985,
    "pos_prec": 0.7774566473988439,
    "neg_rec": 0.6269592476489029,
    "pos_rec": 0.7343825277019431,
    "neg_f": 0.5975825071302459,
    "pos_f": 0.7553059707655464,
    "tn": 2200,
    "fp": 1309,
    "fn": 1654,
    "tp": 4573,
    "sensitivity": 0.7343825277019431,
    "specificity": 0.6269592476489029,
    "acc": 0.6956655710764175
}