{
    "fbeta-1.0": 0.5023942021483112,
    "neg_prec": 0.4503480278422274,
    "pos_prec": 0.7279764098783634,
    "neg_rec": 0.5680421422300264,
    "pos_rec": 0.625098908055072,
    "neg_f": 0.5023942021483112,
    "pos_f": 0.6726266496381439,
    "tn": 1941,
    "fp": 1476,
    "fn": 2369,
    "tp": 3950,
    "sensitivity": 0.625098908055072,
    "specificity": 0.5680421422300264,
    "acc": 0.6050739523418242
}