{
    "fbeta-1.0": 0.5506061844435363,
    "neg_prec": 0.5431335662456329,
    "pos_prec": 0.7341645885286783,
    "neg_rec": 0.5582872928176795,
    "pos_rec": 0.7220405493786789,
    "neg_f": 0.5506061844435363,
    "pos_f": 0.7280520979309206,
    "tn": 2021,
    "fp": 1599,
    "fn": 1700,
    "tp": 4416,
    "sensitivity": 0.7220405493786789,
    "specificity": 0.5582872928176795,
    "acc": 0.6611544782251438
}