{
    "fbeta-1.0": 0.49567333693888593,
    "neg_prec": 0.5081785417244248,
    "pos_prec": 0.6808614782183064,
    "neg_rec": 0.4837688044338876,
    "pos_rec": 0.7016983352951067,
    "neg_f": 0.49567333693888593,
    "pos_f": 0.6911228883736337,
    "tn": 1833,
    "fp": 1956,
    "fn": 1774,
    "tp": 4173,
    "sensitivity": 0.7016983352951067,
    "specificity": 0.4837688044338876,
    "acc": 0.616885784716516
}