{
    "fbeta-1.0": 0.6195420993369198,
    "neg_prec": 0.5863130475964954,
    "pos_prec": 0.765282060584074,
    "neg_rec": 0.656763925729443,
    "pos_rec": 0.7071739859202145,
    "neg_f": 0.6195420993369198,
    "pos_f": 0.735081453088248,
    "tn": 2476,
    "fp": 1294,
    "fn": 1747,
    "tp": 4219,
    "sensitivity": 0.7071739859202145,
    "specificity": 0.656763925729443,
    "acc": 0.6876540673788003
}