{
    "fbeta-1.0": 0.6629213483146067,
    "neg_prec": 0.587995469988675,
    "pos_prec": 0.8457056944183424,
    "neg_rec": 0.7597307579748317,
    "pos_rec": 0.7121379965184365,
    "neg_f": 0.6629213483146067,
    "pos_f": 0.7731958762886597,
    "tn": 2596,
    "fp": 821,
    "fn": 1819,
    "tp": 4500,
    "sensitivity": 0.7121379965184365,
    "specificity": 0.7597307579748317,
    "acc": 0.7288414133114215
}