{
    "fbeta-1.0": 0.630325003237084,
    "neg_prec": 0.6180802437785679,
    "pos_prec": 0.7669886167644016,
    "neg_rec": 0.6430647291941876,
    "pos_rec": 0.7472693664930263,
    "neg_f": 0.630325003237084,
    "pos_f": 0.7570005957953868,
    "tn": 2434,
    "fp": 1351,
    "fn": 1504,
    "tp": 4447,
    "sensitivity": 0.7472693664930263,
    "specificity": 0.6430647291941876,
    "acc": 0.706758422350041
}