{
    "fbeta-1.0": 0.5464901477832512,
    "neg_prec": 0.4539641943734015,
    "pos_prec": 0.8607964297974596,
    "neg_rec": 0.6863882443928848,
    "pos_rec": 0.7013986013986014,
    "neg_f": 0.5464901477832512,
    "pos_f": 0.7729654747225647,
    "tn": 1775,
    "fp": 811,
    "fn": 2135,
    "tp": 5015,
    "sensitivity": 0.7013986013986014,
    "specificity": 0.6863882443928848,
    "acc": 0.6974116680361545
}