{
    "fbeta-1.0": 0.40564635958395245,
    "neg_prec": 0.3293918918918919,
    "pos_prec": 0.7816523605150214,
    "neg_rec": 0.5278422273781903,
    "pos_rec": 0.6113286713286713,
    "neg_f": 0.40564635958395245,
    "pos_f": 0.6860775388479045,
    "tn": 1365,
    "fp": 1221,
    "fn": 2779,
    "tp": 4371,
    "sensitivity": 0.6113286713286713,
    "specificity": 0.5278422273781903,
    "acc": 0.5891536565324569
}