{
    "fbeta-1.0": 0.5197060788243153,
    "neg_prec": 0.500128567755207,
    "pos_prec": 0.7176329741747904,
    "neg_rec": 0.5408787541713015,
    "pos_rec": 0.6833876221498372,
    "neg_f": 0.5197060788243153,
    "pos_f": 0.70009176607992,
    "tn": 1945,
    "fp": 1651,
    "fn": 1944,
    "tp": 4196,
    "sensitivity": 0.6833876221498372,
    "specificity": 0.5408787541713015,
    "acc": 0.6307518488085456
}