{
    "fbeta-1.0": 0.46920997296485434,
    "neg_prec": 0.39504299443601415,
    "pos_prec": 0.8024904877205119,
    "neg_rec": 0.5776627218934911,
    "pos_rec": 0.6598407281001137,
    "neg_f": 0.46920997296485434,
    "pos_f": 0.7242078976119869,
    "tn": 1562,
    "fp": 1142,
    "fn": 2392,
    "tp": 4640,
    "sensitivity": 0.6598407281001137,
    "specificity": 0.5776627218934911,
    "acc": 0.6370172555464256
}