{
    "fbeta-1.0": 0.5062162796152944,
    "neg_prec": 0.3980815347721823,
    "pos_prec": 0.7805330243337196,
    "neg_rec": 0.6950080515297906,
    "pos_rec": 0.5079173578645755,
    "neg_f": 0.5062162796152944,
    "pos_f": 0.6153846153846154,
    "tn": 2158,
    "fp": 947,
    "fn": 3263,
    "tp": 3368,
    "sensitivity": 0.5079173578645755,
    "specificity": 0.6950080515297906,
    "acc": 0.5675842235004108
}