{
    "fbeta-1.0": 0.5214017845596793,
    "neg_prec": 0.5422270037654653,
    "pos_prec": 0.6678298438019276,
    "neg_rec": 0.5021170610211706,
    "pos_rec": 0.7024995630134592,
    "neg_f": 0.5214017845596793,
    "pos_f": 0.6847261265865918,
    "tn": 2016,
    "fp": 1999,
    "fn": 1702,
    "tp": 4019,
    "sensitivity": 0.7024995630134592,
    "specificity": 0.5021170610211706,
    "acc": 0.6198644207066557
}