{
    "fbeta-1.0": 0.5097708421200619,
    "neg_prec": 0.4898676033504458,
    "pos_prec": 0.7350455675227837,
    "neg_rec": 0.5313599062133646,
    "pos_rec": 0.7014547754585705,
    "neg_f": 0.5097708421200619,
    "pos_f": 0.7178574318310543,
    "tn": 1813,
    "fp": 1599,
    "fn": 1888,
    "tp": 4436,
    "sensitivity": 0.7014547754585705,
    "specificity": 0.5313599062133646,
    "acc": 0.6418447000821693
}