{
    "fbeta-1.0": 0.6238344616170648,
    "neg_prec": 0.5768958185683912,
    "pos_prec": 0.7902962020715973,
    "neg_rec": 0.6790878754171301,
    "pos_rec": 0.7083061889250815,
    "neg_f": 0.6238344616170648,
    "pos_f": 0.747058318302843,
    "tn": 2442,
    "fp": 1154,
    "fn": 1791,
    "tp": 4349,
    "sensitivity": 0.7083061889250815,
    "specificity": 0.6790878754171301,
    "acc": 0.6975143796220213
}