{
    "fbeta-1.0": 0.5403628394009498,
    "neg_prec": 0.5285850404954741,
    "pos_prec": 0.6756951968219573,
    "neg_rec": 0.5526774595267746,
    "pos_rec": 0.6540814542912078,
    "neg_f": 0.5403628394009498,
    "pos_f": 0.6647126743050005,
    "tn": 2219,
    "fp": 1796,
    "fn": 1979,
    "tp": 3742,
    "sensitivity": 0.6540814542912078,
    "specificity": 0.5526774595267746,
    "acc": 0.6122637633525062
}