{
    "fbeta-1.0": 0.5000639140994504,
    "neg_prec": 0.46538187009279086,
    "pos_prec": 0.6992589915055124,
    "neg_rec": 0.5403314917127072,
    "pos_rec": 0.6326030085022891,
    "neg_f": 0.5000639140994504,
    "pos_f": 0.6642630268692593,
    "tn": 1956,
    "fp": 1664,
    "fn": 2247,
    "tp": 3869,
    "sensitivity": 0.6326030085022891,
    "specificity": 0.5403314917127072,
    "acc": 0.5982949876746096
}