{
    "fbeta-1.0": 0.49954983922829577,
    "neg_prec": 0.46293206197854586,
    "pos_prec": 0.7043854899837575,
    "neg_rec": 0.5424581005586592,
    "pos_rec": 0.6340155945419104,
    "neg_f": 0.49954983922829577,
    "pos_f": 0.6673506027186458,
    "tn": 1942,
    "fp": 1638,
    "fn": 2253,
    "tp": 3903,
    "sensitivity": 0.6340155945419104,
    "specificity": 0.5424581005586592,
    "acc": 0.6003492193919474
}