{
    "fbeta-1.0": 0.5428898208158596,
    "neg_prec": 0.5402124430955993,
    "pos_prec": 0.6923209961950882,
    "neg_rec": 0.5455938697318008,
    "pos_rec": 0.6876825287751246,
    "neg_f": 0.5428898208158596,
    "pos_f": 0.68999396707748,
    "tn": 2136,
    "fp": 1779,
    "fn": 1818,
    "tp": 4003,
    "sensitivity": 0.6876825287751246,
    "specificity": 0.5455938697318008,
    "acc": 0.6305464256368118
}