{
    "fbeta-1.0": 0.638823835545147,
    "neg_prec": 0.6299717731588401,
    "pos_prec": 0.7715362219558144,
    "neg_rec": 0.6479282132488783,
    "pos_rec": 0.757524802421389,
    "neg_f": 0.638823835545147,
    "pos_f": 0.7644663159680977,
    "tn": 2455,
    "fp": 1334,
    "fn": 1442,
    "tp": 4505,
    "sensitivity": 0.757524802421389,
    "specificity": 0.6479282132488783,
    "acc": 0.714872637633525
}