{
    "fbeta-1.0": 0.48741832336994295,
    "neg_prec": 0.5043153049482163,
    "pos_prec": 0.6862619808306709,
    "neg_rec": 0.4716168953457089,
    "pos_rec": 0.7137398238910118,
    "neg_f": 0.48741832336994295,
    "pos_f": 0.6997312484730026,
    "tn": 1753,
    "fp": 1964,
    "fn": 1723,
    "tp": 4296,
    "sensitivity": 0.7137398238910118,
    "specificity": 0.4716168953457089,
    "acc": 0.6213023829087921
}