{
    "fbeta-1.0": 0.5141158989598812,
    "neg_prec": 0.4989185291997116,
    "pos_prec": 0.6701345291479821,
    "neg_rec": 0.5302681992337165,
    "pos_rec": 0.6418141212850026,
    "neg_f": 0.5141158989598812,
    "pos_f": 0.6556686556686557,
    "tn": 2076,
    "fp": 1839,
    "fn": 2085,
    "tp": 3736,
    "sensitivity": 0.6418141212850026,
    "specificity": 0.5302681992337165,
    "acc": 0.5969597370583402
}