{
    "fbeta-1.0": 0.5520880446253581,
    "neg_prec": 0.4660218885212522,
    "pos_prec": 0.849664198381264,
    "neg_rec": 0.6771449704142012,
    "pos_rec": 0.7016496018202503,
    "neg_f": 0.5520880446253581,
    "pos_f": 0.768595685022198,
    "tn": 1831,
    "fp": 873,
    "fn": 2098,
    "tp": 4934,
    "sensitivity": 0.7016496018202503,
    "specificity": 0.6771449704142012,
    "acc": 0.6948438783894824
}