{
    "fbeta-1.0": 0.664754953076121,
    "neg_prec": 0.6231671554252199,
    "pos_prec": 0.8175053153791637,
    "neg_rec": 0.7122905027932961,
    "pos_rec": 0.7495126705653021,
    "neg_f": 0.664754953076121,
    "pos_f": 0.7820338983050846,
    "tn": 2550,
    "fp": 1030,
    "fn": 1542,
    "tp": 4614,
    "sensitivity": 0.7495126705653021,
    "specificity": 0.7122905027932961,
    "acc": 0.7358258011503698
}