{
    "fbeta-1.0": 0.575075075075075,
    "neg_prec": 0.583248730964467,
    "pos_prec": 0.6973775017253279,
    "neg_rec": 0.567127344521224,
    "pos_rec": 0.711118930330753,
    "neg_f": 0.575075075075075,
    "pos_f": 0.7041811846689896,
    "tn": 2298,
    "fp": 1754,
    "fn": 1642,
    "tp": 4042,
    "sensitivity": 0.711118930330753,
    "specificity": 0.567127344521224,
    "acc": 0.6511914543960559
}