{
    "fbeta-1.0": 0.5354645354645354,
    "neg_prec": 0.4603932048100783,
    "pos_prec": 0.698020902824105,
    "neg_rec": 0.6397877984084881,
    "pos_rec": 0.5261481729802212,
    "neg_f": 0.5354645354645354,
    "pos_f": 0.6000191149765841,
    "tn": 2412,
    "fp": 1358,
    "fn": 2827,
    "tp": 3139,
    "sensitivity": 0.5261481729802212,
    "specificity": 0.6397877984084881,
    "acc": 0.570152013147083
}