{
    "fbeta-1.0": 0.4705417160933175,
    "neg_prec": 0.46764474718365207,
    "pos_prec": 0.6646392971785775,
    "neg_rec": 0.473474801061008,
    "pos_rec": 0.6594032852832719,
    "neg_f": 0.4705417160933175,
    "pos_f": 0.6620109381573412,
    "tn": 1785,
    "fp": 1985,
    "fn": 2032,
    "tp": 3934,
    "sensitivity": 0.6594032852832719,
    "specificity": 0.473474801061008,
    "acc": 0.5874075595727198
}