{
    "fbeta-1.0": 0.5225692076912586,
    "neg_prec": 0.479,
    "pos_prec": 0.7529637377963738,
    "neg_rec": 0.5748574857485749,
    "pos_rec": 0.6745275652038107,
    "neg_f": 0.5225692076912586,
    "pos_f": 0.7115907405881868,
    "tn": 1916,
    "fp": 1417,
    "fn": 2084,
    "tp": 4319,
    "sensitivity": 0.6745275652038107,
    "specificity": 0.5748574857485749,
    "acc": 0.6404067378800329
}