{
    "fbeta-1.0": 0.506584043377227,
    "neg_prec": 0.4225898164900491,
    "pos_prec": 0.8379069371058463,
    "neg_rec": 0.6322505800464037,
    "pos_rec": 0.6875524475524476,
    "neg_f": 0.506584043377227,
    "pos_f": 0.7553199661980488,
    "tn": 1635,
    "fp": 951,
    "fn": 2234,
    "tp": 4916,
    "sensitivity": 0.6875524475524476,
    "specificity": 0.6322505800464037,
    "acc": 0.6728635990139687
}