{
    "fbeta-1.0": 0.5309053603488074,
    "neg_prec": 0.5460300712213136,
    "pos_prec": 0.6741799831791422,
    "neg_rec": 0.5165959570751185,
    "pos_rec": 0.699598533775528,
    "neg_f": 0.5309053603488074,
    "pos_f": 0.6866541031351722,
    "tn": 2070,
    "fp": 1937,
    "fn": 1721,
    "tp": 4008,
    "sensitivity": 0.699598533775528,
    "specificity": 0.5165959570751185,
    "acc": 0.6242810188989318
}