{
    "fbeta-1.0": 0.5065385641846811,
    "neg_prec": 0.46496815286624205,
    "pos_prec": 0.7322249734701096,
    "neg_rec": 0.556271981242673,
    "pos_rec": 0.6546489563567363,
    "neg_f": 0.5065385641846811,
    "pos_f": 0.6912673234262816,
    "tn": 1898,
    "fp": 1514,
    "fn": 2184,
    "tp": 4140,
    "sensitivity": 0.6546489563567363,
    "specificity": 0.556271981242673,
    "acc": 0.6201725554642563
}