{
    "fbeta-1.0": 0.48205677557579,
    "neg_prec": 0.4827031375703942,
    "pos_prec": 0.677209921757949,
    "neg_rec": 0.4814121422840332,
    "pos_rec": 0.6783391695847923,
    "neg_f": 0.48205677557579,
    "pos_f": 0.6777740753082305,
    "tn": 1800,
    "fp": 1939,
    "fn": 1929,
    "tp": 4068,
    "sensitivity": 0.6783391695847923,
    "specificity": 0.4814121422840332,
    "acc": 0.6027115858668858
}