{
    "fbeta-1.0": 0.4932311621966794,
    "neg_prec": 0.5005184033177812,
    "pos_prec": 0.6527730520585233,
    "neg_rec": 0.4861530715005035,
    "pos_rec": 0.6656835530881332,
    "neg_f": 0.4932311621966794,
    "pos_f": 0.6591650919086067,
    "tn": 1931,
    "fp": 2041,
    "fn": 1927,
    "tp": 3837,
    "sensitivity": 0.6656835530881332,
    "specificity": 0.4861530715005035,
    "acc": 0.5924404272801972
}