{
    "fbeta-1.0": 0.5395193776913461,
    "neg_prec": 0.5612716763005781,
    "pos_prec": 0.7136711281070746,
    "neg_rec": 0.5193902112864403,
    "pos_rec": 0.7468734367183592,
    "neg_f": 0.5395193776913461,
    "pos_f": 0.7298948912246395,
    "tn": 1942,
    "fp": 1797,
    "fn": 1518,
    "tp": 4479,
    "sensitivity": 0.7468734367183592,
    "specificity": 0.5193902112864403,
    "acc": 0.6595110928512736
}