{
    "fbeta-1.0": 0.6817399852543622,
    "neg_prec": 0.6372616586262347,
    "pos_prec": 0.8121865130967861,
    "neg_rec": 0.732892998678996,
    "pos_rec": 0.7346664426146866,
    "neg_f": 0.6817399852543622,
    "pos_f": 0.7714840303511559,
    "tn": 2774,
    "fp": 1011,
    "fn": 1579,
    "tp": 4372,
    "sensitivity": 0.7346664426146866,
    "specificity": 0.732892998678996,
    "acc": 0.7339769926047658
}