{
    "fbeta-1.0": 0.5110299093246717,
    "neg_prec": 0.46548323471400394,
    "pos_prec": 0.7455985915492958,
    "neg_rec": 0.5664566456645664,
    "pos_rec": 0.6614087146650007,
    "neg_f": 0.5110299093246717,
    "pos_f": 0.7009848547546138,
    "tn": 1888,
    "fp": 1445,
    "fn": 2168,
    "tp": 4235,
    "sensitivity": 0.6614087146650007,
    "specificity": 0.5664566456645664,
    "acc": 0.6289030402629416
}