{
    "fbeta-1.0": 0.6655819774718398,
    "neg_prec": 0.5939245030154121,
    "pos_prec": 0.8376117132534703,
    "neg_rec": 0.7569029319669798,
    "pos_rec": 0.7078579463281376,
    "neg_f": 0.6655819774718398,
    "pos_f": 0.7672879289322417,
    "tn": 2659,
    "fp": 854,
    "fn": 1818,
    "tp": 4405,
    "sensitivity": 0.7078579463281376,
    "specificity": 0.7569029319669798,
    "acc": 0.7255546425636812
}