{
    "fbeta-1.0": 0.4940426711000277,
    "neg_prec": 0.4812415654520918,
    "pos_prec": 0.7131487315536396,
    "neg_rec": 0.5075434101907201,
    "pos_rec": 0.691145749638438,
    "neg_f": 0.4940426711000277,
    "pos_f": 0.7019748653500898,
    "tn": 1783,
    "fp": 1730,
    "fn": 1922,
    "tp": 4301,
    "sensitivity": 0.691145749638438,
    "specificity": 0.5075434101907201,
    "acc": 0.6248972884141332
}