{
    "fbeta-1.0": 0.6172743728988881,
    "neg_prec": 0.6021695257315842,
    "pos_prec": 0.7603950103950103,
    "neg_rec": 0.63315649867374,
    "pos_rec": 0.7356687898089171,
    "neg_f": 0.6172743728988881,
    "pos_f": 0.7478275685806781,
    "tn": 2387,
    "fp": 1383,
    "fn": 1577,
    "tp": 4389,
    "sensitivity": 0.7356687898089171,
    "specificity": 0.63315649867374,
    "acc": 0.6959737058340181
}