{
    "fbeta-1.0": 0.5426235889451148,
    "neg_prec": 0.5240601503759399,
    "pos_prec": 0.7170205360250609,
    "neg_rec": 0.5625504439063761,
    "pos_rec": 0.684499086226948,
    "neg_f": 0.5426235889451148,
    "pos_f": 0.700382490437739,
    "tn": 2091,
    "fp": 1626,
    "fn": 1899,
    "tp": 4120,
    "sensitivity": 0.684499086226948,
    "specificity": 0.5625504439063761,
    "acc": 0.6379416598192276
}