{
    "fbeta-1.0": 0.542661639435833,
    "neg_prec": 0.5425858698687518,
    "pos_prec": 0.7340373679935012,
    "neg_rec": 0.5427374301675978,
    "pos_rec": 0.7339181286549707,
    "neg_f": 0.542661639435833,
    "pos_f": 0.7339777434814392,
    "tn": 1943,
    "fp": 1637,
    "fn": 1638,
    "tp": 4518,
    "sensitivity": 0.7339181286549707,
    "specificity": 0.5427374301675978,
    "acc": 0.663619556285949
}