{
    "fbeta-1.0": 0.48276762402088774,
    "neg_prec": 0.49811422413793105,
    "pos_prec": 0.6515604249667994,
    "neg_rec": 0.468338399189463,
    "pos_rec": 0.6781271596406357,
    "neg_f": 0.48276762402088774,
    "pos_f": 0.6645783948526922,
    "tn": 1849,
    "fp": 2099,
    "fn": 1863,
    "tp": 3925,
    "sensitivity": 0.6781271596406357,
    "specificity": 0.468338399189463,
    "acc": 0.5930566967953985
}