{
    "fbeta-1.0": 0.5269330424110186,
    "neg_prec": 0.5100316789862724,
    "pos_prec": 0.7288164088769334,
    "neg_rec": 0.5449929478138222,
    "pos_rec": 0.7002099822322726,
    "neg_f": 0.5269330424110186,
    "pos_f": 0.7142268720652443,
    "tn": 1932,
    "fp": 1613,
    "fn": 1856,
    "tp": 4335,
    "sensitivity": 0.7002099822322726,
    "specificity": 0.5449929478138222,
    "acc": 0.6436935086277732
}