{
    "fbeta-1.0": 0.5139548693586697,
    "neg_prec": 0.4767281740567337,
    "pos_prec": 0.774938574938575,
    "neg_rec": 0.557487922705314,
    "pos_rec": 0.7134670487106017,
    "neg_f": 0.5139548693586697,
    "pos_f": 0.7429334170854272,
    "tn": 1731,
    "fp": 1374,
    "fn": 1900,
    "tp": 4731,
    "sensitivity": 0.7134670487106017,
    "specificity": 0.557487922705314,
    "acc": 0.663722267871816
}