{
    "fbeta-1.0": 0.5396656938179889,
    "neg_prec": 0.5760407816482583,
    "pos_prec": 0.6820306204673651,
    "neg_rec": 0.5076116795607687,
    "pos_rec": 0.7386978530284517,
    "neg_f": 0.5396656938179889,
    "pos_f": 0.7092341209988269,
    "tn": 2034,
    "fp": 1973,
    "fn": 1497,
    "tp": 4232,
    "sensitivity": 0.7386978530284517,
    "specificity": 0.5076116795607687,
    "acc": 0.6435907970419064
}