{
    "fbeta-1.0": 0.5026178010471204,
    "neg_prec": 0.49018067556952083,
    "pos_prec": 0.7028899780294068,
    "neg_rec": 0.515702479338843,
    "pos_rec": 0.6811333114968883,
    "neg_f": 0.5026178010471204,
    "pos_f": 0.6918406387756799,
    "tn": 1872,
    "fp": 1758,
    "fn": 1947,
    "tp": 4159,
    "sensitivity": 0.6811333114968883,
    "specificity": 0.515702479338843,
    "acc": 0.6194535743631882
}