{
    "fbeta-1.0": 0.5543110184943996,
    "neg_prec": 0.570509383378016,
    "pos_prec": 0.696969696969697,
    "neg_rec": 0.5390070921985816,
    "pos_rec": 0.7232204561161023,
    "neg_f": 0.5543110184943996,
    "pos_f": 0.7098524673562828,
    "tn": 2128,
    "fp": 1820,
    "fn": 1602,
    "tp": 4186,
    "sensitivity": 0.7232204561161023,
    "specificity": 0.5390070921985816,
    "acc": 0.6485209531635169
}