{
    "fbeta-1.0": 0.535237838566231,
    "neg_prec": 0.5718399078606392,
    "pos_prec": 0.6867315982755868,
    "neg_rec": 0.5030395136778115,
    "pos_rec": 0.7430891499654457,
    "neg_f": 0.535237838566231,
    "pos_f": 0.7137996846734711,
    "tn": 1986,
    "fp": 1962,
    "fn": 1487,
    "tp": 4301,
    "sensitivity": 0.7430891499654457,
    "specificity": 0.5030395136778115,
    "acc": 0.645747740345111
}