{
    "fbeta-1.0": 0.4656646035956381,
    "neg_prec": 0.42783644733279175,
    "pos_prec": 0.7496276683766341,
    "neg_rec": 0.5108309085030714,
    "pos_rec": 0.6819208189071203,
    "neg_f": 0.4656646035956381,
    "pos_f": 0.7141731042093646,
    "tn": 1580,
    "fp": 1513,
    "fn": 2113,
    "tp": 4530,
    "sensitivity": 0.6819208189071203,
    "specificity": 0.5108309085030714,
    "acc": 0.6275677896466721
}