{
    "fbeta-1.0": 0.49522930132348414,
    "neg_prec": 0.42409066947812335,
    "pos_prec": 0.8157186132615281,
    "neg_rec": 0.5950443786982249,
    "pos_rec": 0.6892775881683731,
    "neg_f": 0.49522930132348414,
    "pos_f": 0.7471866810544164,
    "tn": 1609,
    "fp": 1095,
    "fn": 2185,
    "tp": 4847,
    "sensitivity": 0.6892775881683731,
    "specificity": 0.5950443786982249,
    "acc": 0.6631059983566147
}