{
    "fbeta-1.0": 0.6410728372337628,
    "neg_prec": 0.5950695630949475,
    "pos_prec": 0.8100727079269374,
    "neg_rec": 0.694784838985466,
    "pos_rec": 0.7335795728280071,
    "neg_f": 0.6410728372337628,
    "pos_f": 0.769930894994101,
    "tn": 2438,
    "fp": 1071,
    "fn": 1659,
    "tp": 4568,
    "sensitivity": 0.7335795728280071,
    "specificity": 0.694784838985466,
    "acc": 0.7195973705834018
}