{
    "fbeta-1.0": 0.5258401581474159,
    "neg_prec": 0.521130702490904,
    "pos_prec": 0.7327600194710369,
    "neg_rec": 0.530635508691935,
    "pos_rec": 0.7252288421390718,
    "neg_f": 0.5258401581474159,
    "pos_f": 0.7289749798224374,
    "tn": 1862,
    "fp": 1647,
    "fn": 1711,
    "tp": 4516,
    "sensitivity": 0.7252288421390718,
    "specificity": 0.530635508691935,
    "acc": 0.6550944946589975
}