{
    "fbeta-1.0": 0.5191714411635082,
    "neg_prec": 0.4862410566868465,
    "pos_prec": 0.7695837430350705,
    "neg_rec": 0.5568862275449101,
    "pos_rec": 0.7155264360810605,
    "neg_f": 0.5191714411635082,
    "pos_f": 0.7415712593762338,
    "tn": 1767,
    "fp": 1406,
    "fn": 1867,
    "tp": 4696,
    "sensitivity": 0.7155264360810605,
    "specificity": 0.5568862275449101,
    "acc": 0.6638249794576828
}