{
    "fbeta-1.0": 0.49473392461197335,
    "neg_prec": 0.4930939226519337,
    "pos_prec": 0.7038914323086986,
    "neg_rec": 0.49638487208008897,
    "pos_rec": 0.7011400651465798,
    "neg_f": 0.49473392461197335,
    "pos_f": 0.7025130548302871,
    "tn": 1785,
    "fp": 1811,
    "fn": 1835,
    "tp": 4305,
    "sensitivity": 0.7011400651465798,
    "specificity": 0.49638487208008897,
    "acc": 0.6255135579293344
}