{
    "fbeta-1.0": 0.6019771863117871,
    "neg_prec": 0.5112374063549471,
    "pos_prec": 0.876385336743393,
    "neg_rec": 0.7318786982248521,
    "pos_rec": 0.7309442548350398,
    "neg_f": 0.6019771863117871,
    "pos_f": 0.797084593316275,
    "tn": 1979,
    "fp": 725,
    "fn": 1892,
    "tp": 5140,
    "sensitivity": 0.7309442548350398,
    "specificity": 0.7318786982248521,
    "acc": 0.7312037797863599
}