{
    "fbeta-1.0": 0.6471018022406235,
    "neg_prec": 0.6387019230769231,
    "pos_prec": 0.7498206599713056,
    "neg_rec": 0.6557255676209279,
    "pos_rec": 0.7355735397607319,
    "neg_f": 0.6471018022406235,
    "pos_f": 0.7426287744227354,
    "tn": 2657,
    "fp": 1395,
    "fn": 1503,
    "tp": 4181,
    "sensitivity": 0.7355735397607319,
    "specificity": 0.6557255676209279,
    "acc": 0.702341824157765
}