{
    "fbeta-1.0": 0.6093406593406593,
    "neg_prec": 0.5018099547511312,
    "pos_prec": 0.8792325056433409,
    "neg_rec": 0.7755244755244756,
    "pos_rec": 0.6797556719022687,
    "neg_f": 0.6093406593406593,
    "pos_f": 0.766732283464567,
    "tn": 2218,
    "fp": 642,
    "fn": 2202,
    "tp": 4674,
    "sensitivity": 0.6797556719022687,
    "specificity": 0.7755244755244756,
    "acc": 0.7078882497945769
}