{
    "fbeta-1.0": 0.6126347387092372,
    "neg_prec": 0.5738752556237219,
    "pos_prec": 0.7987637362637363,
    "neg_rec": 0.6570090722856307,
    "pos_rec": 0.7361924355119481,
    "neg_f": 0.6126347387092372,
    "pos_f": 0.7662027505558758,
    "tn": 2245,
    "fp": 1172,
    "fn": 1667,
    "tp": 4652,
    "sensitivity": 0.7361924355119481,
    "specificity": 0.6570090722856307,
    "acc": 0.7084018077239113
}