{
    "fbeta-1.0": 0.6540834845735027,
    "neg_prec": 0.636,
    "pos_prec": 0.7608457892818082,
    "neg_rec": 0.673225404732254,
    "pos_rec": 0.7295927285439608,
    "neg_f": 0.6540834845735027,
    "pos_f": 0.7448915856161328,
    "tn": 2703,
    "fp": 1312,
    "fn": 1547,
    "tp": 4174,
    "sensitivity": 0.7295927285439608,
    "specificity": 0.673225404732254,
    "acc": 0.7063475760065735
}