{
    "fbeta-1.0": 0.5102366065955621,
    "neg_prec": 0.4625472327183819,
    "pos_prec": 0.6988734008019859,
    "neg_rec": 0.5688901038819026,
    "pos_rec": 0.6021717670286278,
    "neg_f": 0.5102366065955621,
    "pos_f": 0.6469288555015467,
    "tn": 2081,
    "fp": 1577,
    "fn": 2418,
    "tp": 3660,
    "sensitivity": 0.6021717670286278,
    "specificity": 0.5688901038819026,
    "acc": 0.5896672144617913
}