{
    "fbeta-1.0": 0.5236860068259386,
    "neg_prec": 0.48804071246819336,
    "pos_prec": 0.7456079917326903,
    "neg_rec": 0.5649484536082474,
    "pos_rec": 0.6826998896073174,
    "neg_f": 0.5236860068259386,
    "pos_f": 0.7127685848357618,
    "tn": 1918,
    "fp": 1477,
    "fn": 2012,
    "tp": 4329,
    "sensitivity": 0.6826998896073174,
    "specificity": 0.5649484536082474,
    "acc": 0.6416392769104355
}