{
    "fbeta-1.0": 0.48792270531400966,
    "neg_prec": 0.4404406701859077,
    "pos_prec": 0.7044060234244284,
    "neg_rec": 0.5468794528355657,
    "pos_rec": 0.608479203468765,
    "neg_f": 0.48792270531400966,
    "pos_f": 0.6529381354471825,
    "tn": 1919,
    "fp": 1590,
    "fn": 2438,
    "tp": 3789,
    "sensitivity": 0.608479203468765,
    "specificity": 0.5468794528355657,
    "acc": 0.586277732128184
}