{
    "fbeta-1.0": 0.6637478108581437,
    "neg_prec": 0.6035031847133758,
    "pos_prec": 0.8230337078651685,
    "neg_rec": 0.7373540856031129,
    "pos_rec": 0.7160312805474096,
    "neg_f": 0.6637478108581437,
    "pos_f": 0.7658128593831677,
    "tn": 2653,
    "fp": 945,
    "fn": 1743,
    "tp": 4395,
    "sensitivity": 0.7160312805474096,
    "specificity": 0.7373540856031129,
    "acc": 0.723911257189811
}