{
    "fbeta-1.0": 0.5026337676739673,
    "neg_prec": 0.4988992845349477,
    "pos_prec": 0.7104228121927237,
    "neg_rec": 0.5064245810055866,
    "pos_rec": 0.7041910331384016,
    "neg_f": 0.5026337676739673,
    "pos_f": 0.7072931962799806,
    "tn": 1813,
    "fp": 1767,
    "fn": 1821,
    "tp": 4335,
    "sensitivity": 0.7041910331384016,
    "specificity": 0.5064245810055866,
    "acc": 0.6314708299096138
}