{
    "fbeta-1.0": 0.5158057054741712,
    "neg_prec": 0.5190069821567106,
    "pos_prec": 0.674902027602658,
    "neg_rec": 0.5126436781609195,
    "pos_rec": 0.6804672736643188,
    "neg_f": 0.5158057054741712,
    "pos_f": 0.6776732249786143,
    "tn": 2007,
    "fp": 1908,
    "fn": 1860,
    "tp": 3961,
    "sensitivity": 0.6804672736643188,
    "specificity": 0.5126436781609195,
    "acc": 0.6129827444535744
}