{
    "fbeta-1.0": 0.6760356837345718,
    "neg_prec": 0.6224122412241224,
    "pos_prec": 0.8161375661375662,
    "neg_rec": 0.7397699919764643,
    "pos_rec": 0.7201934300483576,
    "neg_f": 0.6760356837345718,
    "pos_f": 0.7651696341571441,
    "tn": 2766,
    "fp": 973,
    "fn": 1678,
    "tp": 4319,
    "sensitivity": 0.7201934300483576,
    "specificity": 0.7397699919764643,
    "acc": 0.7277115858668858
}