{
    "fbeta-1.0": 0.6757397927331752,
    "neg_prec": 0.6838514025777104,
    "pos_prec": 0.7670877314414258,
    "neg_rec": 0.6678183613030603,
    "pos_rec": 0.77990851513019,
    "neg_f": 0.6757397927331752,
    "pos_f": 0.7734449969466981,
    "tn": 2706,
    "fp": 1346,
    "fn": 1251,
    "tp": 4433,
    "sensitivity": 0.77990851513019,
    "specificity": 0.6678183613030603,
    "acc": 0.7332580115036976
}