{
    "fbeta-1.0": 0.5328280013376435,
    "neg_prec": 0.4404718024327313,
    "pos_prec": 0.7320185614849188,
    "neg_rec": 0.6741889985895627,
    "pos_rec": 0.5096107252463253,
    "neg_f": 0.5328280013376435,
    "pos_f": 0.6008951528425864,
    "tn": 2390,
    "fp": 1155,
    "fn": 3036,
    "tp": 3155,
    "sensitivity": 0.5096107252463253,
    "specificity": 0.6741889985895627,
    "acc": 0.5695357436318816
}