{
    "fbeta-1.0": 0.62052248855373,
    "neg_prec": 0.5332099051145568,
    "pos_prec": 0.8520775623268698,
    "neg_rec": 0.7420289855072464,
    "pos_rec": 0.6958226511838335,
    "neg_f": 0.62052248855373,
    "pos_f": 0.7660634235430849,
    "tn": 2304,
    "fp": 801,
    "fn": 2017,
    "tp": 4614,
    "sensitivity": 0.6958226511838335,
    "specificity": 0.7420289855072464,
    "acc": 0.7105587510271159
}