{
    "fbeta-1.0": 0.4949197860962567,
    "neg_prec": 0.5192145862552595,
    "pos_prec": 0.6655323286339329,
    "neg_rec": 0.4727969348659004,
    "pos_rec": 0.7055488747637862,
    "neg_f": 0.4949197860962567,
    "pos_f": 0.6849566377585056,
    "tn": 1851,
    "fp": 2064,
    "fn": 1714,
    "tp": 4107,
    "sensitivity": 0.7055488747637862,
    "specificity": 0.4727969348659004,
    "acc": 0.6119556285949055
}