{
    "fbeta-1.0": 0.6417594064652888,
    "neg_prec": 0.5536,
    "pos_prec": 0.859914195112852,
    "neg_rec": 0.7633154743145288,
    "pos_rec": 0.7024226725582813,
    "neg_f": 0.6417594064652888,
    "pos_f": 0.7732304595773231,
    "tn": 2422,
    "fp": 751,
    "fn": 1953,
    "tp": 4610,
    "sensitivity": 0.7024226725582813,
    "specificity": 0.7633154743145288,
    "acc": 0.7222678718159409
}