{
    "fbeta-1.0": 0.45492028587135785,
    "neg_prec": 0.42643648544189644,
    "pos_prec": 0.7028181041844578,
    "neg_rec": 0.48748159057437407,
    "pos_rec": 0.6489512695158492,
    "neg_f": 0.45492028587135785,
    "pos_f": 0.6748114135782224,
    "tn": 1655,
    "fp": 1740,
    "fn": 2226,
    "tp": 4115,
    "sensitivity": 0.6489512695158492,
    "specificity": 0.48748159057437407,
    "acc": 0.592645850451931
}