{
    "fbeta-1.0": 0.6089760816984681,
    "neg_prec": 0.5767370832272843,
    "pos_prec": 0.7852591699672808,
    "neg_rec": 0.6450327355536578,
    "pos_rec": 0.7327655471637474,
    "neg_f": 0.6089760816984681,
    "pos_f": 0.7581047381546134,
    "tn": 2266,
    "fp": 1247,
    "fn": 1663,
    "tp": 4560,
    "sensitivity": 0.7327655471637474,
    "specificity": 0.6450327355536578,
    "acc": 0.7011092851273624
}