{
    "fbeta-1.0": 0.574337221633086,
    "neg_prec": 0.4993546007744791,
    "pos_prec": 0.6988175284025041,
    "neg_rec": 0.6758173196905416,
    "pos_rec": 0.526095304590679,
    "neg_f": 0.574337221633086,
    "pos_f": 0.6002788289185421,
    "tn": 2708,
    "fp": 1299,
    "fn": 2715,
    "tp": 3014,
    "sensitivity": 0.526095304590679,
    "specificity": 0.6758173196905416,
    "acc": 0.5877156943303204
}