{
    "fbeta-1.0": 0.5369032440855644,
    "neg_prec": 0.5203185063152114,
    "pos_prec": 0.7502461437479488,
    "neg_rec": 0.5545800409716125,
    "pos_rec": 0.7235322044627315,
    "neg_f": 0.5369032440855644,
    "pos_f": 0.7366470635623943,
    "tn": 1895,
    "fp": 1522,
    "fn": 1747,
    "tp": 4572,
    "sensitivity": 0.7235322044627315,
    "specificity": 0.5545800409716125,
    "acc": 0.6642358258011504
}