{
    "fbeta-1.0": 0.67408392792357,
    "neg_prec": 0.6194709935541232,
    "pos_prec": 0.8122971166698492,
    "neg_rec": 0.7392572944297082,
    "pos_rec": 0.7130405631914181,
    "neg_f": 0.67408392792357,
    "pos_f": 0.7594394358653933,
    "tn": 2787,
    "fp": 983,
    "fn": 1712,
    "tp": 4254,
    "sensitivity": 0.7130405631914181,
    "specificity": 0.7392572944297082,
    "acc": 0.7231922760887428
}