{
    "fbeta-1.0": 0.5614406779661018,
    "neg_prec": 0.5627820546854261,
    "pos_prec": 0.7210588038197353,
    "neg_rec": 0.560105680317041,
    "pos_rec": 0.7232397916316585,
    "neg_f": 0.5614406779661018,
    "pos_f": 0.7221476510067113,
    "tn": 2120,
    "fp": 1665,
    "fn": 1647,
    "tp": 4304,
    "sensitivity": 0.7232397916316585,
    "specificity": 0.560105680317041,
    "acc": 0.6598192276088742
}