{
    "fbeta-1.0": 0.49891705949802523,
    "neg_prec": 0.5156702659994733,
    "pos_prec": 0.647415389796262,
    "neg_rec": 0.48321816386969396,
    "pos_rec": 0.676460239268121,
    "neg_f": 0.49891705949802523,
    "pos_f": 0.6616192033037943,
    "tn": 1958,
    "fp": 2094,
    "fn": 1839,
    "tp": 3845,
    "sensitivity": 0.676460239268121,
    "specificity": 0.48321816386969396,
    "acc": 0.5960353327855382
}