{
    "fbeta-1.0": 0.48164582492940705,
    "neg_prec": 0.4909539473684211,
    "pos_prec": 0.6718134034165572,
    "neg_rec": 0.47268408551068886,
    "pos_rec": 0.6877417185135363,
    "neg_f": 0.48164582492940705,
    "pos_f": 0.679684254258413,
    "tn": 1791,
    "fp": 1998,
    "fn": 1857,
    "tp": 4090,
    "sensitivity": 0.6877417185135363,
    "specificity": 0.47268408551068886,
    "acc": 0.6040468364831553
}