{
    "fbeta-1.0": 0.6841786708630917,
    "neg_prec": 0.6655675930287329,
    "pos_prec": 0.7834244080145719,
    "neg_rec": 0.7038605230386052,
    "pos_rec": 0.7517916448173396,
    "neg_f": 0.6841786708630917,
    "pos_f": 0.7672821336187673,
    "tn": 2826,
    "fp": 1189,
    "fn": 1420,
    "tp": 4301,
    "sensitivity": 0.7517916448173396,
    "specificity": 0.7038605230386052,
    "acc": 0.732025472473295
}