{
    "fbeta-1.0": 0.5282927420332,
    "neg_prec": 0.5189240656986431,
    "pos_prec": 0.6617886178861788,
    "neg_rec": 0.5380059230009872,
    "pos_rec": 0.6444405348346235,
    "neg_f": 0.5282927420332,
    "pos_f": 0.6529993760584722,
    "tn": 2180,
    "fp": 1872,
    "fn": 2021,
    "tp": 3663,
    "sensitivity": 0.6444405348346235,
    "specificity": 0.5380059230009872,
    "acc": 0.6001437962202136
}