{
    "fbeta-1.0": 0.5262504654337843,
    "neg_prec": 0.5189718482252142,
    "pos_prec": 0.6722703946204212,
    "neg_rec": 0.5337361530715005,
    "pos_rec": 0.6590909090909091,
    "neg_f": 0.5262504654337843,
    "pos_f": 0.6656154183092422,
    "tn": 2120,
    "fp": 1852,
    "fn": 1965,
    "tp": 3799,
    "sensitivity": 0.6590909090909091,
    "specificity": 0.5337361530715005,
    "acc": 0.6079498767460969
}