{
    "fbeta-1.0": 0.6604833442194645,
    "neg_prec": 0.6103331723804926,
    "pos_prec": 0.8239184840900965,
    "neg_rec": 0.7196128664958725,
    "pos_rec": 0.7406395629117789,
    "neg_f": 0.6604833442194645,
    "pos_f": 0.7800626216467801,
    "tn": 2528,
    "fp": 985,
    "fn": 1614,
    "tp": 4609,
    "sensitivity": 0.7406395629117789,
    "specificity": 0.7196128664958725,
    "acc": 0.7330525883319639
}