{
    "fbeta-1.0": 0.6422184786834263,
    "neg_prec": 0.6195,
    "pos_prec": 0.7839958158995816,
    "neg_rec": 0.6666666666666666,
    "pos_rec": 0.747134075427812,
    "neg_f": 0.6422184786834263,
    "pos_f": 0.7651212250106337,
    "tn": 2478,
    "fp": 1239,
    "fn": 1522,
    "tp": 4497,
    "sensitivity": 0.747134075427812,
    "specificity": 0.6666666666666666,
    "acc": 0.7164133114215283
}