{
    "fbeta-1.0": 0.4894886363636364,
    "neg_prec": 0.43653407651380793,
    "pos_prec": 0.7633442736223873,
    "neg_rec": 0.5570643388296153,
    "pos_rec": 0.6652115008279392,
    "neg_f": 0.4894886363636364,
    "pos_f": 0.710907335907336,
    "tn": 1723,
    "fp": 1370,
    "fn": 2224,
    "tp": 4419,
    "sensitivity": 0.6652115008279392,
    "specificity": 0.5570643388296153,
    "acc": 0.6308545603944125
}