{
    "fbeta-1.0": 0.5340694855911663,
    "neg_prec": 0.545229584822656,
    "pos_prec": 0.7038858829316281,
    "neg_rec": 0.5233570863024545,
    "pos_rec": 0.7218765764250883,
    "neg_f": 0.5340694855911663,
    "pos_f": 0.712767723725718,
    "tn": 1983,
    "fp": 1806,
    "fn": 1654,
    "tp": 4293,
    "sensitivity": 0.7218765764250883,
    "specificity": 0.5233570863024545,
    "acc": 0.6446179129005751
}