{
    "fbeta-1.0": 0.5024591253489299,
    "neg_prec": 0.48424289008455035,
    "pos_prec": 0.7034116235213441,
    "neg_rec": 0.5220994475138122,
    "pos_rec": 0.670863309352518,
    "neg_f": 0.5024591253489299,
    "pos_f": 0.6867520294585322,
    "tn": 1890,
    "fp": 1730,
    "fn": 2013,
    "tp": 4103,
    "sensitivity": 0.670863309352518,
    "specificity": 0.5220994475138122,
    "acc": 0.6155505341002465
}