{
    "fbeta-1.0": 0.49079293498684706,
    "neg_prec": 0.44141505182514645,
    "pos_prec": 0.700641751604379,
    "neg_rec": 0.5526093088857545,
    "pos_rec": 0.5995800355354547,
    "neg_f": 0.49079293498684706,
    "pos_f": 0.6461833057707371,
    "tn": 1959,
    "fp": 1586,
    "fn": 2479,
    "tp": 3712,
    "sensitivity": 0.5995800355354547,
    "specificity": 0.5526093088857545,
    "acc": 0.5824774034511093
}