{
    "fbeta-1.0": 0.611808709591237,
    "neg_prec": 0.5923435075012933,
    "pos_prec": 0.7734241908006815,
    "neg_rec": 0.6325966850828729,
    "pos_rec": 0.7423152387181164,
    "neg_f": 0.611808709591237,
    "pos_f": 0.757550475554814,
    "tn": 2290,
    "fp": 1330,
    "fn": 1576,
    "tp": 4540,
    "sensitivity": 0.7423152387181164,
    "specificity": 0.6325966850828729,
    "acc": 0.7015201314708299
}