{
    "fbeta-1.0": 0.49318118563874197,
    "neg_prec": 0.43420730213183045,
    "pos_prec": 0.7642793987621573,
    "neg_rec": 0.5706924315619968,
    "pos_rec": 0.651787060775147,
    "neg_f": 0.49318118563874197,
    "pos_f": 0.7035650333713169,
    "tn": 1772,
    "fp": 1333,
    "fn": 2309,
    "tp": 4322,
    "sensitivity": 0.651787060775147,
    "specificity": 0.5706924315619968,
    "acc": 0.6259244042728019
}