{
    "fbeta-1.0": 0.5079412201276532,
    "neg_prec": 0.441320608718081,
    "pos_prec": 0.8038914490527393,
    "neg_rec": 0.5982517482517482,
    "pos_rec": 0.6849912739965096,
    "neg_f": 0.5079412201276532,
    "pos_f": 0.7396937573616018,
    "tn": 1711,
    "fp": 1149,
    "fn": 2166,
    "tp": 4710,
    "sensitivity": 0.6849912739965096,
    "specificity": 0.5982517482517482,
    "acc": 0.6595110928512736
}