{
    "fbeta-1.0": 0.6194712760549059,
    "neg_prec": 0.6311836311836312,
    "pos_prec": 0.7327659574468085,
    "neg_rec": 0.6081856750686299,
    "pos_rec": 0.7514400418921278,
    "neg_f": 0.6194712760549059,
    "pos_f": 0.7419855222337124,
    "tn": 2437,
    "fp": 1570,
    "fn": 1424,
    "tp": 4305,
    "sensitivity": 0.7514400418921278,
    "specificity": 0.6081856750686299,
    "acc": 0.692481511914544
}