{
    "fbeta-1.0": 0.5975609756097561,
    "neg_prec": 0.5889730859681213,
    "pos_prec": 0.752411575562701,
    "neg_rec": 0.6064030131826742,
    "pos_rec": 0.7386609071274298,
    "neg_f": 0.5975609756097561,
    "pos_f": 0.7454728370221327,
    "tn": 2254,
    "fp": 1463,
    "fn": 1573,
    "tp": 4446,
    "sensitivity": 0.7386609071274298,
    "specificity": 0.6064030131826742,
    "acc": 0.6881676253081348
}