{
    "fbeta-1.0": 0.49018067556952083,
    "neg_prec": 0.5028203062046737,
    "pos_prec": 0.6602361549975054,
    "neg_rec": 0.4781609195402299,
    "pos_rec": 0.6820133997594915,
    "neg_f": 0.49018067556952083,
    "pos_f": 0.6709481155991212,
    "tn": 1872,
    "fp": 2043,
    "fn": 1851,
    "tp": 3970,
    "sensitivity": 0.6820133997594915,
    "specificity": 0.4781609195402299,
    "acc": 0.6000410846343468
}