{
    "fbeta-1.0": 0.4985266541655505,
    "neg_prec": 0.5326273611906125,
    "pos_prec": 0.6618071131047741,
    "neg_rec": 0.4685297079556898,
    "pos_rec": 0.7166897987508675,
    "neg_f": 0.4985266541655505,
    "pos_f": 0.6881559220389806,
    "tn": 1861,
    "fp": 2111,
    "fn": 1633,
    "tp": 4131,
    "sensitivity": 0.7166897987508675,
    "specificity": 0.4685297079556898,
    "acc": 0.6154478225143796
}