{
    "fbeta-1.0": 0.4824976348155156,
    "neg_prec": 0.4673998428908091,
    "pos_prec": 0.6966368091938482,
    "neg_rec": 0.49860335195530725,
    "pos_rec": 0.6695906432748538,
    "neg_f": 0.4824976348155156,
    "pos_f": 0.6828460200447279,
    "tn": 1785,
    "fp": 1795,
    "fn": 2034,
    "tp": 4122,
    "sensitivity": 0.6695906432748538,
    "specificity": 0.49860335195530725,
    "acc": 0.6067173377156944
}