{
    "fbeta-1.0": 0.5153010858835144,
    "neg_prec": 0.48344524195415606,
    "pos_prec": 0.6867269706479602,
    "neg_rec": 0.5516512549537649,
    "pos_rec": 0.6251050243656529,
    "neg_f": 0.5153010858835144,
    "pos_f": 0.6544686840253343,
    "tn": 2088,
    "fp": 1697,
    "fn": 2231,
    "tp": 3720,
    "sensitivity": 0.6251050243656529,
    "specificity": 0.5516512549537649,
    "acc": 0.5965488907148726
}