{
    "fbeta-1.0": 0.5140411874832842,
    "neg_prec": 0.5537309132814751,
    "pos_prec": 0.6671987230646449,
    "neg_rec": 0.479660593960569,
    "pos_rec": 0.7296212253447373,
    "neg_f": 0.5140411874832842,
    "pos_f": 0.6970151742537936,
    "tn": 1922,
    "fp": 2085,
    "fn": 1549,
    "tp": 4180,
    "sensitivity": 0.7296212253447373,
    "specificity": 0.479660593960569,
    "acc": 0.626746096959737
}