{
    "fbeta-1.0": 0.48384821554521085,
    "neg_prec": 0.48391647855530473,
    "pos_prec": 0.7044573643410853,
    "neg_rec": 0.4837799717912553,
    "pos_rec": 0.7045711516717816,
    "neg_f": 0.48384821554521085,
    "pos_f": 0.7045142534119357,
    "tn": 1715,
    "fp": 1830,
    "fn": 1829,
    "tp": 4362,
    "sensitivity": 0.7045711516717816,
    "specificity": 0.4837799717912553,
    "acc": 0.6241783073130649
}