{
    "fbeta-1.0": 0.5290911395614146,
    "neg_prec": 0.49002113172106126,
    "pos_prec": 0.718276428701844,
    "neg_rec": 0.574931129476584,
    "pos_rec": 0.6442843105142483,
    "neg_f": 0.5290911395614146,
    "pos_f": 0.6792713459380125,
    "tn": 2087,
    "fp": 1543,
    "fn": 2172,
    "tp": 3934,
    "sensitivity": 0.6442843105142483,
    "specificity": 0.574931129476584,
    "acc": 0.6184264585045193
}