{
    "fbeta-1.0": 0.6724432511593849,
    "neg_prec": 0.6036371603856266,
    "pos_prec": 0.8308197989172467,
    "neg_rec": 0.7589531680440771,
    "pos_rec": 0.7037340320995742,
    "neg_f": 0.6724432511593849,
    "pos_f": 0.7620145415853874,
    "tn": 2755,
    "fp": 875,
    "fn": 1809,
    "tp": 4297,
    "sensitivity": 0.7037340320995742,
    "specificity": 0.7589531680440771,
    "acc": 0.7243221035332785
}