{
    "fbeta-1.0": 0.4924330616996508,
    "neg_prec": 0.45742092457420924,
    "pos_prec": 0.7546794765612059,
    "neg_rec": 0.5332492908919004,
    "pos_rec": 0.6941947280207222,
    "neg_f": 0.4924330616996508,
    "pos_f": 0.7231746031746031,
    "tn": 1692,
    "fp": 1481,
    "fn": 2007,
    "tp": 4556,
    "sensitivity": 0.6941947280207222,
    "specificity": 0.5332492908919004,
    "acc": 0.6417419884963024
}