{
    "fbeta-1.0": 0.5143737166324435,
    "neg_prec": 0.4917791411042945,
    "pos_prec": 0.6974032856385798,
    "neg_rec": 0.5391444713478611,
    "pos_rec": 0.655922910782522,
    "neg_f": 0.5143737166324435,
    "pos_f": 0.676027397260274,
    "tn": 2004,
    "fp": 1713,
    "fn": 2071,
    "tp": 3948,
    "sensitivity": 0.655922910782522,
    "specificity": 0.5391444713478611,
    "acc": 0.6113393590797042
}