{
    "fbeta-1.0": 0.46507783441245354,
    "neg_prec": 0.43878346763711984,
    "pos_prec": 0.7072508065885549,
    "neg_rec": 0.4947245017584994,
    "pos_rec": 0.6586021505376344,
    "neg_f": 0.46507783441245354,
    "pos_f": 0.682060099893556,
    "tn": 1688,
    "fp": 1724,
    "fn": 2159,
    "tp": 4165,
    "sensitivity": 0.6586021505376344,
    "specificity": 0.4947245017584994,
    "acc": 0.6011709120788825
}