{
    "fbeta-1.0": 0.6401021711366539,
    "neg_prec": 0.6455435342606903,
    "pos_prec": 0.7536727024256918,
    "neg_rec": 0.6347517730496454,
    "pos_rec": 0.7622667588113338,
    "neg_f": 0.6401021711366539,
    "pos_f": 0.7579453702113039,
    "tn": 2506,
    "fp": 1442,
    "fn": 1376,
    "tp": 4412,
    "sensitivity": 0.7622667588113338,
    "specificity": 0.6347517730496454,
    "acc": 0.7105587510271159
}