{
    "fbeta-1.0": 0.48394920816093595,
    "neg_prec": 0.47216035634743875,
    "pos_prec": 0.7198893229166666,
    "neg_rec": 0.4963418203102136,
    "pos_rec": 0.6999525241335655,
    "neg_f": 0.48394920816093595,
    "pos_f": 0.7097809516167858,
    "tn": 1696,
    "fp": 1721,
    "fn": 1896,
    "tp": 4423,
    "sensitivity": 0.6999525241335655,
    "specificity": 0.4963418203102136,
    "acc": 0.6284921939194741
}