{
    "fbeta-1.0": 0.6928987194412108,
    "neg_prec": 0.6557955046275893,
    "pos_prec": 0.7929973066564063,
    "neg_rec": 0.7344521224086871,
    "pos_rec": 0.7251935256861365,
    "neg_f": 0.6928987194412108,
    "pos_f": 0.7575813269619556,
    "tn": 2976,
    "fp": 1076,
    "fn": 1562,
    "tp": 4122,
    "sensitivity": 0.7251935256861365,
    "specificity": 0.7344521224086871,
    "acc": 0.7290468364831553
}