{
    "fbeta-1.0": 0.4966313763233879,
    "neg_prec": 0.5110356536502547,
    "pos_prec": 0.6883263463398903,
    "neg_rec": 0.48301684942497997,
    "pos_rec": 0.711855927963982,
    "neg_f": 0.4966313763233879,
    "pos_f": 0.6998934338880236,
    "tn": 1806,
    "fp": 1933,
    "fn": 1728,
    "tp": 4269,
    "sensitivity": 0.711855927963982,
    "specificity": 0.48301684942497997,
    "acc": 0.6239728841413311
}