{
    "fbeta-1.0": 0.6824844720496894,
    "neg_prec": 0.6200902934537246,
    "pos_prec": 0.8354692800603091,
    "neg_rec": 0.7588397790055249,
    "pos_rec": 0.7248201438848921,
    "neg_f": 0.6824844720496894,
    "pos_f": 0.7762213272631764,
    "tn": 2747,
    "fp": 873,
    "fn": 1683,
    "tp": 4433,
    "sensitivity": 0.7248201438848921,
    "specificity": 0.7588397790055249,
    "acc": 0.73746918652424
}