{
    "fbeta-1.0": 0.6237403481219735,
    "neg_prec": 0.5772771317829457,
    "pos_prec": 0.7985021398002853,
    "neg_rec": 0.6783376031881583,
    "pos_rec": 0.7195886228507151,
    "neg_f": 0.6237403481219735,
    "pos_f": 0.7569943369115036,
    "tn": 2383,
    "fp": 1130,
    "fn": 1745,
    "tp": 4478,
    "sensitivity": 0.7195886228507151,
    "specificity": 0.6783376031881583,
    "acc": 0.7047041906327034
}