{
    "fbeta-1.0": 0.5233861615771164,
    "neg_prec": 0.5326514555468135,
    "pos_prec": 0.676346446057741,
    "neg_rec": 0.5144376899696048,
    "pos_rec": 0.6921216309606082,
    "neg_f": 0.5233861615771164,
    "pos_f": 0.6841431133122705,
    "tn": 2031,
    "fp": 1917,
    "fn": 1782,
    "tp": 4006,
    "sensitivity": 0.6921216309606082,
    "specificity": 0.5144376899696048,
    "acc": 0.6200698438783895
}