{
    "fbeta-1.0": 0.6998956763649008,
    "neg_prec": 0.6545967042497832,
    "pos_prec": 0.8056206088992974,
    "neg_rec": 0.7519302615193026,
    "pos_rec": 0.7215521761929733,
    "neg_f": 0.6998956763649008,
    "pos_f": 0.7612724757952974,
    "tn": 3019,
    "fp": 996,
    "fn": 1593,
    "tp": 4128,
    "sensitivity": 0.7215521761929733,
    "specificity": 0.7519302615193026,
    "acc": 0.7340797041906327
}