{
    "fbeta-1.0": 0.4484210526315789,
    "neg_prec": 0.36687992125984253,
    "pos_prec": 0.8069464033850494,
    "neg_rec": 0.5765661252900232,
    "pos_rec": 0.6401398601398601,
    "neg_f": 0.4484210526315789,
    "pos_f": 0.713929184214631,
    "tn": 1491,
    "fp": 1095,
    "fn": 2573,
    "tp": 4577,
    "sensitivity": 0.6401398601398601,
    "specificity": 0.5765661252900232,
    "acc": 0.623253903040263
}