{
    "fbeta-1.0": 0.4595056738691124,
    "neg_prec": 0.41365799048418694,
    "pos_prec": 0.7757585591432744,
    "neg_rec": 0.5167832167832168,
    "pos_rec": 0.6953170447934846,
    "neg_f": 0.4595056738691124,
    "pos_f": 0.733338446199862,
    "tn": 1478,
    "fp": 1382,
    "fn": 2095,
    "tp": 4781,
    "sensitivity": 0.6953170447934846,
    "specificity": 0.5167832167832168,
    "acc": 0.6428718159408381
}