{
    "fbeta-1.0": 0.4767628205128205,
    "neg_prec": 0.41367323290845887,
    "pos_prec": 0.7439586792104778,
    "neg_rec": 0.5625590923416325,
    "pos_rec": 0.61450556148103,
    "neg_f": 0.4767628205128205,
    "pos_f": 0.6730640854472629,
    "tn": 1785,
    "fp": 1388,
    "fn": 2530,
    "tp": 4033,
    "sensitivity": 0.61450556148103,
    "specificity": 0.5625590923416325,
    "acc": 0.5975760065735415
}