{
    "fbeta-1.0": 0.5051599587203303,
    "neg_prec": 0.49171270718232046,
    "pos_prec": 0.6850886339937435,
    "neg_rec": 0.5193633952254642,
    "pos_rec": 0.6607442172309755,
    "neg_f": 0.5051599587203303,
    "pos_f": 0.6726962457337884,
    "tn": 1958,
    "fp": 1812,
    "fn": 2024,
    "tp": 3942,
    "sensitivity": 0.6607442172309755,
    "specificity": 0.5193633952254642,
    "acc": 0.6059983566146261
}