{
    "fbeta-1.0": 0.6070354387341441,
    "neg_prec": 0.5608989850169164,
    "pos_prec": 0.7877813504823151,
    "neg_rec": 0.6614420062695925,
    "pos_rec": 0.7082061988116268,
    "neg_f": 0.6070354387341441,
    "pos_f": 0.745877378435518,
    "tn": 2321,
    "fp": 1188,
    "fn": 1817,
    "tp": 4410,
    "sensitivity": 0.7082061988116268,
    "specificity": 0.6614420062695925,
    "acc": 0.6913516844700082
}