{
    "fbeta-1.0": 0.4618729616400062,
    "neg_prec": 0.3981258366800535,
    "pos_prec": 0.7972004665889019,
    "neg_rec": 0.5499260355029586,
    "pos_rec": 0.6803185437997725,
    "neg_f": 0.4618729616400062,
    "pos_f": 0.7341364229264176,
    "tn": 1487,
    "fp": 1217,
    "fn": 2248,
    "tp": 4784,
    "sensitivity": 0.6803185437997725,
    "specificity": 0.5499260355029586,
    "acc": 0.6441043549712407
}