{
    "fbeta-1.0": 0.5799717912552892,
    "neg_prec": 0.5159347553324969,
    "pos_prec": 0.8175969396626673,
    "neg_rec": 0.662157809983897,
    "pos_rec": 0.7090936510330267,
    "neg_f": 0.5799717912552892,
    "pos_f": 0.7594895816507834,
    "tn": 2056,
    "fp": 1049,
    "fn": 1929,
    "tp": 4702,
    "sensitivity": 0.7090936510330267,
    "specificity": 0.662157809983897,
    "acc": 0.6941248972884141
}