{
    "fbeta-1.0": 0.4264191142900624,
    "neg_prec": 0.37752627324171384,
    "pos_prec": 0.7578423236514523,
    "neg_rec": 0.4898601398601399,
    "pos_rec": 0.6640488656195462,
    "neg_f": 0.4264191142900624,
    "pos_f": 0.7078521044880243,
    "tn": 1401,
    "fp": 1459,
    "fn": 2310,
    "tp": 4566,
    "sensitivity": 0.6640488656195462,
    "specificity": 0.4898601398601399,
    "acc": 0.6128800328677074
}