{
    "fbeta-1.0": 0.4689087165408373,
    "neg_prec": 0.43218623481781376,
    "pos_prec": 0.7190525587828492,
    "neg_rec": 0.5124512451245125,
    "pos_rec": 0.6495392784632203,
    "neg_f": 0.4689087165408373,
    "pos_f": 0.6825305653565275,
    "tn": 1708,
    "fp": 1625,
    "fn": 2244,
    "tp": 4159,
    "sensitivity": 0.6495392784632203,
    "specificity": 0.5124512451245125,
    "acc": 0.602608874281019
}