{
    "fbeta-1.0": 0.661366100469823,
    "neg_prec": 0.6258549931600548,
    "pos_prec": 0.7813084112149533,
    "neg_rec": 0.7011494252873564,
    "pos_rec": 0.71808967531352,
    "neg_f": 0.661366100469823,
    "pos_f": 0.7483663056127473,
    "tn": 2745,
    "fp": 1170,
    "fn": 1641,
    "tp": 4180,
    "sensitivity": 0.71808967531352,
    "specificity": 0.7011494252873564,
    "acc": 0.711277732128184
}