{
    "fbeta-1.0": 0.4958187213380092,
    "neg_prec": 0.4857293868921776,
    "pos_prec": 0.6989247311827957,
    "neg_rec": 0.50633608815427,
    "pos_rec": 0.681297084834589,
    "neg_f": 0.4958187213380092,
    "pos_f": 0.689998341350141,
    "tn": 1838,
    "fp": 1792,
    "fn": 1946,
    "tp": 4160,
    "sensitivity": 0.681297084834589,
    "specificity": 0.50633608815427,
    "acc": 0.6160640920295809
}