{
    "fbeta-1.0": 0.5814167433302667,
    "neg_prec": 0.5270431260424112,
    "pos_prec": 0.7833543961003792,
    "neg_rec": 0.6483001172332943,
    "pos_rec": 0.6861163820366857,
    "neg_f": 0.5814167433302667,
    "pos_f": 0.7315181657253647,
    "tn": 2212,
    "fp": 1200,
    "fn": 1985,
    "tp": 4339,
    "sensitivity": 0.6861163820366857,
    "specificity": 0.6483001172332943,
    "acc": 0.6728635990139687
}