{
    "fbeta-1.0": 0.5892538133846366,
    "neg_prec": 0.5522926326635754,
    "pos_prec": 0.7862999658353262,
    "neg_rec": 0.6315169366715758,
    "pos_rec": 0.7259107396309731,
    "neg_f": 0.5892538133846366,
    "pos_f": 0.7548995489954899,
    "tn": 2144,
    "fp": 1251,
    "fn": 1738,
    "tp": 4603,
    "sensitivity": 0.7259107396309731,
    "specificity": 0.6315169366715758,
    "acc": 0.6929950698438784
}