{
    "fbeta-1.0": 0.6064757160647571,
    "neg_prec": 0.6000492853622474,
    "pos_prec": 0.729306093694963,
    "neg_rec": 0.6130412890231621,
    "pos_rec": 0.7184247050659265,
    "neg_f": 0.6064757160647571,
    "pos_f": 0.723824506205209,
    "tn": 2435,
    "fp": 1537,
    "fn": 1623,
    "tp": 4141,
    "sensitivity": 0.7184247050659265,
    "specificity": 0.6130412890231621,
    "acc": 0.6754313886606409
}