{
    "fbeta-1.0": 0.494586744124637,
    "neg_prec": 0.44819334769083513,
    "pos_prec": 0.7261112110851179,
    "neg_rec": 0.5516936671575847,
    "pos_rec": 0.6363349629395995,
    "neg_f": 0.494586744124637,
    "pos_f": 0.6782652546646495,
    "tn": 1873,
    "fp": 1522,
    "fn": 2306,
    "tp": 4035,
    "sensitivity": 0.6363349629395995,
    "specificity": 0.5516936671575847,
    "acc": 0.6068200493015612
}