{
    "fbeta-1.0": 0.596565871448108,
    "neg_prec": 0.5063193190611297,
    "pos_prec": 0.8735279057859703,
    "neg_rec": 0.7259615384615384,
    "pos_rec": 0.7278156996587031,
    "neg_f": 0.596565871448108,
    "pos_f": 0.794042355131487,
    "tn": 1963,
    "fp": 741,
    "fn": 1914,
    "tp": 5118,
    "sensitivity": 0.7278156996587031,
    "specificity": 0.7259615384615384,
    "acc": 0.7273007395234182
}