{
    "fbeta-1.0": 0.4796968056307526,
    "neg_prec": 0.41257275902211876,
    "pos_prec": 0.757213747472891,
    "neg_rec": 0.5729065632072422,
    "pos_rec": 0.620201716092127,
    "neg_f": 0.4796968056307526,
    "pos_f": 0.6818934127772261,
    "tn": 1772,
    "fp": 1321,
    "fn": 2523,
    "tp": 4120,
    "sensitivity": 0.620201716092127,
    "specificity": 0.5729065632072422,
    "acc": 0.6051766639276911
}