{
    "fbeta-1.0": 0.6138688897309587,
    "neg_prec": 0.5886627906976745,
    "pos_prec": 0.7576676176890157,
    "neg_rec": 0.6413301662707839,
    "pos_rec": 0.7144778880107617,
    "neg_f": 0.6138688897309587,
    "pos_f": 0.7354392038078754,
    "tn": 2430,
    "fp": 1359,
    "fn": 1698,
    "tp": 4249,
    "sensitivity": 0.7144778880107617,
    "specificity": 0.6413301662707839,
    "acc": 0.6860106820049302
}