{
    "fbeta-1.0": 0.5499388956782579,
    "neg_prec": 0.46322290847838293,
    "pos_prec": 0.7307079444570909,
    "neg_rec": 0.6765992345544013,
    "pos_rec": 0.5281342546890424,
    "neg_f": 0.5499388956782579,
    "pos_f": 0.6131219558781396,
    "tn": 2475,
    "fp": 1183,
    "fn": 2868,
    "tp": 3210,
    "sensitivity": 0.5281342546890424,
    "specificity": 0.6765992345544013,
    "acc": 0.5839153656532456
}