{
    "fbeta-1.0": 0.5627653123104911,
    "neg_prec": 0.47687564234326824,
    "pos_prec": 0.8548939082819986,
    "neg_rec": 0.6863905325443787,
    "pos_rec": 0.7104664391353811,
    "neg_f": 0.5627653123104911,
    "pos_f": 0.7760173967070518,
    "tn": 1856,
    "fp": 848,
    "fn": 2036,
    "tp": 4996,
    "sensitivity": 0.7104664391353811,
    "specificity": 0.6863905325443787,
    "acc": 0.7037797863599013
}