{
    "fbeta-1.0": 0.6134301270417423,
    "neg_prec": 0.5748299319727891,
    "pos_prec": 0.7807829181494662,
    "neg_rec": 0.6575875486381323,
    "pos_rec": 0.714890843923102,
    "neg_f": 0.6134301270417423,
    "pos_f": 0.7463854397006294,
    "tn": 2366,
    "fp": 1232,
    "fn": 1750,
    "tp": 4388,
    "sensitivity": 0.714890843923102,
    "specificity": 0.6575875486381323,
    "acc": 0.6937140509449465
}