{
    "fbeta-1.0": 0.5293427230046949,
    "neg_prec": 0.4932195975503062,
    "pos_prec": 0.6721533694810224,
    "neg_rec": 0.5711752786220872,
    "pos_rec": 0.599689011748445,
    "neg_f": 0.5293427230046949,
    "pos_f": 0.6338568298027757,
    "tn": 2255,
    "fp": 1693,
    "fn": 2317,
    "tp": 3471,
    "sensitivity": 0.599689011748445,
    "specificity": 0.5711752786220872,
    "acc": 0.588126540673788
}