{
    "fbeta-1.0": 0.6409554615576014,
    "neg_prec": 0.5733363009125306,
    "pos_prec": 0.8151821476254053,
    "neg_rec": 0.7266572637517631,
    "pos_rec": 0.6903569697948635,
    "neg_f": 0.6409554615576014,
    "pos_f": 0.7475948924260976,
    "tn": 2576,
    "fp": 969,
    "fn": 1917,
    "tp": 4274,
    "sensitivity": 0.6903569697948635,
    "specificity": 0.7266572637517631,
    "acc": 0.7035743631881676
}