{
    "fbeta-1.0": 0.49487960143924714,
    "neg_prec": 0.4928335170893054,
    "pos_prec": 0.703667321545514,
    "neg_rec": 0.49694274596998333,
    "pos_rec": 0.7002280873248615,
    "neg_f": 0.49487960143924714,
    "pos_f": 0.7019434917524089,
    "tn": 1788,
    "fp": 1810,
    "fn": 1840,
    "tp": 4298,
    "sensitivity": 0.7002280873248615,
    "specificity": 0.49694274596998333,
    "acc": 0.6251027115858668
}