{
    "fbeta-1.0": 0.5995838287752675,
    "neg_prec": 0.5214581178903827,
    "pos_prec": 0.8563394683026585,
    "neg_rec": 0.7052447552447553,
    "pos_rec": 0.7308027923211169,
    "neg_f": 0.5995838287752675,
    "pos_f": 0.7886064030131825,
    "tn": 2017,
    "fp": 843,
    "fn": 1851,
    "tp": 5025,
    "sensitivity": 0.7308027923211169,
    "specificity": 0.7052447552447553,
    "acc": 0.7232949876746096
}