{
    "fbeta-1.0": 0.496735308890005,
    "neg_prec": 0.4443945180858234,
    "pos_prec": 0.7095553453169348,
    "neg_rec": 0.5630515229148876,
    "pos_rec": 0.6026032460228186,
    "neg_f": 0.496735308890005,
    "pos_f": 0.6517205422314911,
    "tn": 1978,
    "fp": 1535,
    "fn": 2473,
    "tp": 3750,
    "sensitivity": 0.6026032460228186,
    "specificity": 0.5630515229148876,
    "acc": 0.5883319638455218
}