{
    "fbeta-1.0": 0.4545715928694652,
    "neg_prec": 0.41054271617761623,
    "pos_prec": 0.7410365335598981,
    "neg_rec": 0.5091787439613527,
    "pos_rec": 0.6576685266174032,
    "neg_f": 0.4545715928694652,
    "pos_f": 0.6968680089485458,
    "tn": 1581,
    "fp": 1524,
    "fn": 2270,
    "tp": 4361,
    "sensitivity": 0.6576685266174032,
    "specificity": 0.5091787439613527,
    "acc": 0.6103122432210353
}