{
    "fbeta-1.0": 0.4930114358322744,
    "neg_prec": 0.4885282596530498,
    "pos_prec": 0.7138915936384291,
    "neg_rec": 0.4975776574522656,
    "pos_rec": 0.7064396980889674,
    "neg_f": 0.4930114358322744,
    "pos_f": 0.7101460973444185,
    "tn": 1746,
    "fp": 1763,
    "fn": 1828,
    "tp": 4399,
    "sensitivity": 0.7064396980889674,
    "specificity": 0.4975776574522656,
    "acc": 0.6311626951520132
}