{
    "fbeta-1.0": 0.5167031763417306,
    "neg_prec": 0.5362318840579711,
    "pos_prec": 0.6947080585491394,
    "neg_rec": 0.49854689564068694,
    "pos_rec": 0.7257603764073265,
    "neg_f": 0.5167031763417306,
    "pos_f": 0.7098948060486522,
    "tn": 1887,
    "fp": 1898,
    "fn": 1632,
    "tp": 4319,
    "sensitivity": 0.7257603764073265,
    "specificity": 0.49854689564068694,
    "acc": 0.6374281018898932
}