{
    "fbeta-1.0": 0.5419811760320566,
    "neg_prec": 0.4046757584191483,
    "pos_prec": 0.7501960784313726,
    "neg_rec": 0.8203102961918195,
    "pos_rec": 0.30899693102891296,
    "neg_f": 0.5419811760320566,
    "pos_f": 0.43770735613774175,
    "tn": 2908,
    "fp": 637,
    "fn": 4278,
    "tp": 1913,
    "sensitivity": 0.30899693102891296,
    "specificity": 0.8203102961918195,
    "acc": 0.49517255546425637
}