{
    "fbeta-1.0": 0.5605124171255197,
    "neg_prec": 0.45494345129514774,
    "pos_prec": 0.7830277385989657,
    "neg_rec": 0.729880011706175,
    "pos_rec": 0.5271403703117582,
    "neg_f": 0.5605124171255197,
    "pos_f": 0.6300955263406791,
    "tn": 2494,
    "fp": 923,
    "fn": 2988,
    "tp": 3331,
    "sensitivity": 0.5271403703117582,
    "specificity": 0.729880011706175,
    "acc": 0.5982949876746096
}