{
    "fbeta-1.0": 0.6692147324530924,
    "neg_prec": 0.6122059758423395,
    "pos_prec": 0.7954953159258521,
    "neg_rec": 0.7379310344827587,
    "pos_rec": 0.6856210273148944,
    "neg_f": 0.6692147324530924,
    "pos_f": 0.7364827458940764,
    "tn": 2889,
    "fp": 1026,
    "fn": 1830,
    "tp": 3991,
    "sensitivity": 0.6856210273148944,
    "specificity": 0.7379310344827587,
    "acc": 0.7066557107641742
}