{
    "fbeta-1.0": 0.5223863506240697,
    "neg_prec": 0.43697318007662833,
    "pos_prec": 0.7271922054915855,
    "neg_rec": 0.6493025903785938,
    "pos_rec": 0.5277197493170497,
    "neg_f": 0.5223863506240697,
    "pos_f": 0.6116025700717013,
    "tn": 2281,
    "fp": 1232,
    "fn": 2939,
    "tp": 3284,
    "sensitivity": 0.5277197493170497,
    "specificity": 0.6493025903785938,
    "acc": 0.5715899753492194
}