{
    "fbeta-1.0": 0.6596756493110596,
    "neg_prec": 0.5654264214046822,
    "pos_prec": 0.8562197092084006,
    "neg_rec": 0.7916300848697688,
    "pos_rec": 0.6709922456084824,
    "neg_f": 0.6596756493110596,
    "pos_f": 0.7523733475290568,
    "tn": 2705,
    "fp": 712,
    "fn": 2079,
    "tp": 4240,
    "sensitivity": 0.6709922456084824,
    "specificity": 0.7916300848697688,
    "acc": 0.7133319638455218
}