{
    "fbeta-1.0": 0.5972048630837407,
    "neg_prec": 0.5169158143194336,
    "pos_prec": 0.7659071367153912,
    "neg_rec": 0.7070217917675545,
    "pos_rec": 0.5919587971423824,
    "neg_f": 0.5972048630837407,
    "pos_f": 0.6677912098210101,
    "tn": 2628,
    "fp": 1089,
    "fn": 2456,
    "tp": 3563,
    "sensitivity": 0.5919587971423824,
    "specificity": 0.7070217917675545,
    "acc": 0.6358874281018899
}