{
    "fbeta-1.0": 0.6774625593571167,
    "neg_prec": 0.6004748543060652,
    "pos_prec": 0.8436213991769548,
    "neg_rec": 0.7770949720670391,
    "pos_rec": 0.699317738791423,
    "neg_f": 0.6774625593571167,
    "pos_f": 0.7647215560884626,
    "tn": 2782,
    "fp": 798,
    "fn": 1851,
    "tp": 4305,
    "sensitivity": 0.699317738791423,
    "specificity": 0.7770949720670391,
    "acc": 0.7279170090386196
}