{
    "fbeta-1.0": 0.5813703216549087,
    "neg_prec": 0.4893317230273752,
    "pos_prec": 0.7978187919463087,
    "neg_rec": 0.7160530191458027,
    "pos_rec": 0.5999053777006781,
    "neg_f": 0.5813703216549087,
    "pos_f": 0.6848501215230893,
    "tn": 2431,
    "fp": 964,
    "fn": 2537,
    "tp": 3804,
    "sensitivity": 0.5999053777006781,
    "specificity": 0.7160530191458027,
    "acc": 0.6404067378800329
}