{
    "fbeta-1.0": 0.5659785102016178,
    "neg_prec": 0.48121535618969413,
    "pos_prec": 0.7804727646454265,
    "neg_rec": 0.6869871043376319,
    "pos_rec": 0.6004111321948135,
    "neg_f": 0.5659785102016178,
    "pos_f": 0.6787022968987398,
    "tn": 2344,
    "fp": 1068,
    "fn": 2527,
    "tp": 3797,
    "sensitivity": 0.6004111321948135,
    "specificity": 0.6869871043376319,
    "acc": 0.6307518488085456
}