{
    "fbeta-1.0": 0.562874251497006,
    "neg_prec": 0.47877758913412566,
    "pos_prec": 0.7341600901916573,
    "neg_rec": 0.6828087167070218,
    "pos_rec": 0.5409536467851802,
    "neg_f": 0.562874251497006,
    "pos_f": 0.6229194566673044,
    "tn": 2538,
    "fp": 1179,
    "fn": 2763,
    "tp": 3256,
    "sensitivity": 0.5409536467851802,
    "specificity": 0.6828087167070218,
    "acc": 0.5951109285127363
}