{
    "fbeta-1.0": 0.5469588550983899,
    "neg_prec": 0.45600298284862045,
    "pos_prec": 0.7406221408966148,
    "neg_rec": 0.6832402234636872,
    "pos_rec": 0.5259909031838856,
    "neg_f": 0.5469588550983899,
    "pos_f": 0.6151215805471124,
    "tn": 2446,
    "fp": 1134,
    "fn": 2918,
    "tp": 3238,
    "sensitivity": 0.5259909031838856,
    "specificity": 0.6832402234636872,
    "acc": 0.5838126540673788
}