{
    "fbeta-1.0": 0.5526916058394161,
    "neg_prec": 0.47066822066822067,
    "pos_prec": 0.7391020052310375,
    "neg_rec": 0.6693370165745857,
    "pos_rec": 0.5544473512099412,
    "neg_f": 0.5526916058394161,
    "pos_f": 0.6335949177877429,
    "tn": 2423,
    "fp": 1197,
    "fn": 2725,
    "tp": 3391,
    "sensitivity": 0.5544473512099412,
    "specificity": 0.6693370165745857,
    "acc": 0.5971651602300739
}