{
    "fbeta-1.0": 0.66468913146654,
    "neg_prec": 0.6285906642728905,
    "pos_prec": 0.778219696969697,
    "neg_rec": 0.7051863041289023,
    "pos_rec": 0.7128730048577376,
    "neg_f": 0.66468913146654,
    "pos_f": 0.744114451285766,
    "tn": 2801,
    "fp": 1171,
    "fn": 1655,
    "tp": 4109,
    "sensitivity": 0.7128730048577376,
    "specificity": 0.7051863041289023,
    "acc": 0.7097370583401807
}