{
    "fbeta-1.0": 0.6667466698667948,
    "neg_prec": 0.5866948257655755,
    "pos_prec": 0.8360327934413118,
    "neg_rec": 0.7720956086714842,
    "pos_rec": 0.6811665037471489,
    "neg_f": 0.6667466698667948,
    "pos_f": 0.7506957536583176,
    "tn": 2778,
    "fp": 820,
    "fn": 1957,
    "tp": 4181,
    "sensitivity": 0.6811665037471489,
    "specificity": 0.7720956086714842,
    "acc": 0.7147699260476582
}