{
    "fbeta-1.0": 0.5525040387722132,
    "neg_prec": 0.4510286618603833,
    "pos_prec": 0.7448752778463819,
    "neg_rec": 0.7128960533629795,
    "pos_rec": 0.49136526555881394,
    "neg_f": 0.5525040387722132,
    "pos_f": 0.5921272209679003,
    "tn": 2565,
    "fp": 1033,
    "fn": 3122,
    "tp": 3016,
    "sensitivity": 0.49136526555881394,
    "specificity": 0.7128960533629795,
    "acc": 0.5732333607230896
}