{
    "fbeta-1.0": 0.48607796340493237,
    "neg_prec": 0.3698547215496368,
    "pos_prec": 0.8424686192468619,
    "neg_rec": 0.7088167053364269,
    "pos_rec": 0.5632167832167833,
    "neg_f": 0.48607796340493237,
    "pos_f": 0.6751047778709137,
    "tn": 1833,
    "fp": 753,
    "fn": 3123,
    "tp": 4027,
    "sensitivity": 0.5632167832167833,
    "specificity": 0.7088167053364269,
    "acc": 0.6018898931799507
}