{
    "fbeta-1.0": 0.6725965639088582,
    "neg_prec": 0.6247170665459484,
    "pos_prec": 0.8065062053403536,
    "neg_rec": 0.728424386381631,
    "pos_rec": 0.7212039683874222,
    "neg_f": 0.6725965639088582,
    "pos_f": 0.761473590767865,
    "tn": 2760,
    "fp": 1029,
    "fn": 1658,
    "tp": 4289,
    "sensitivity": 0.7212039683874222,
    "specificity": 0.728424386381631,
    "acc": 0.7240139687756779
}