{
    "fbeta-1.0": 0.579552185759981,
    "neg_prec": 0.4959448499594485,
    "pos_prec": 0.7787260616153205,
    "neg_rec": 0.6970646907950984,
    "pos_rec": 0.6007708366789787,
    "neg_f": 0.579552185759981,
    "pos_f": 0.6782703290726135,
    "tn": 2446,
    "fp": 1063,
    "fn": 2486,
    "tp": 3741,
    "sensitivity": 0.6007708366789787,
    "specificity": 0.6970646907950984,
    "acc": 0.6354765817584224
}