{
    "fbeta-1.0": 0.6072865187909435,
    "neg_prec": 0.5238945072377553,
    "pos_prec": 0.7835073513743874,
    "neg_rec": 0.722252597047567,
    "pos_rec": 0.6049687397170121,
    "neg_f": 0.6072865187909435,
    "pos_f": 0.6827592609785536,
    "tn": 2642,
    "fp": 1016,
    "fn": 2401,
    "tp": 3677,
    "sensitivity": 0.6049687397170121,
    "specificity": 0.722252597047567,
    "acc": 0.6490345110928513
}