{
    "fbeta-1.0": 0.5722707176057136,
    "neg_prec": 0.4783927217589083,
    "pos_prec": 0.7710762331838565,
    "neg_rec": 0.7119887165021157,
    "pos_rec": 0.5554837667581973,
    "neg_f": 0.5722707176057136,
    "pos_f": 0.645760961412074,
    "tn": 2524,
    "fp": 1021,
    "fn": 2752,
    "tp": 3439,
    "sensitivity": 0.5554837667581973,
    "specificity": 0.7119887165021157,
    "acc": 0.61246918652424
}