{
    "fbeta-1.0": 0.5345823174643911,
    "neg_prec": 0.4431914893617021,
    "pos_prec": 0.7994440031771247,
    "neg_rec": 0.6734561913999353,
    "pos_rec": 0.6060514827638115,
    "neg_f": 0.5345823174643911,
    "pos_f": 0.6894425892627795,
    "tn": 2083,
    "fp": 1010,
    "fn": 2617,
    "tp": 4026,
    "sensitivity": 0.6060514827638115,
    "specificity": 0.6734561913999353,
    "acc": 0.6274650780608052
}