{
    "fbeta-1.0": 0.5822784810126582,
    "neg_prec": 0.5081693278871148,
    "pos_prec": 0.7062068965517241,
    "neg_rec": 0.6816936488169365,
    "pos_rec": 0.5369690613529103,
    "neg_f": 0.5822784810126582,
    "pos_f": 0.6100685135537682,
    "tn": 2737,
    "fp": 1278,
    "fn": 2649,
    "tp": 3072,
    "sensitivity": 0.5369690613529103,
    "specificity": 0.6816936488169365,
    "acc": 0.5966516023007395
}