{
    "fbeta-1.0": 0.4959405531856337,
    "neg_prec": 0.39491562568485644,
    "pos_prec": 0.8256330949159095,
    "neg_rec": 0.6664201183431953,
    "pos_rec": 0.6073663253697383,
    "neg_f": 0.4959405531856337,
    "pos_f": 0.6998770995493652,
    "tn": 1802,
    "fp": 902,
    "fn": 2761,
    "tp": 4271,
    "sensitivity": 0.6073663253697383,
    "specificity": 0.6664201183431953,
    "acc": 0.6237674609695973
}