{
    "fbeta-1.0": 0.5856746252082177,
    "neg_prec": 0.5180746561886052,
    "pos_prec": 0.7249246663796814,
    "neg_rec": 0.6735632183908046,
    "pos_rec": 0.5785947431712765,
    "neg_f": 0.5856746252082177,
    "pos_f": 0.6435463838731251,
    "tn": 2637,
    "fp": 1278,
    "fn": 2453,
    "tp": 3368,
    "sensitivity": 0.5785947431712765,
    "specificity": 0.6735632183908046,
    "acc": 0.6167830731306492
}