{
    "fbeta-1.0": 0.5739708404802745,
    "neg_prec": 0.48295147032292984,
    "pos_prec": 0.7357500596231815,
    "neg_rec": 0.7072655217965654,
    "pos_rec": 0.5184002688623761,
    "neg_f": 0.5739708404802745,
    "pos_f": 0.6082413249211357,
    "tn": 2677,
    "fp": 1108,
    "fn": 2866,
    "tp": 3085,
    "sensitivity": 0.5184002688623761,
    "specificity": 0.7072655217965654,
    "acc": 0.5918241577649959
}