{
    "fbeta-1.0": 0.5769316909294514,
    "neg_prec": 0.48149532710280374,
    "pos_prec": 0.7710898312813498,
    "neg_rec": 0.7195530726256983,
    "pos_rec": 0.5493827160493827,
    "neg_f": 0.5769316909294514,
    "pos_f": 0.6416239802693986,
    "tn": 2576,
    "fp": 1004,
    "fn": 2774,
    "tp": 3382,
    "sensitivity": 0.5493827160493827,
    "specificity": 0.7195530726256983,
    "acc": 0.6119556285949055
}