{
    "fbeta-1.0": 0.5274852447633377,
    "neg_prec": 0.4440763834762276,
    "pos_prec": 0.7328410078192876,
    "neg_rec": 0.6494727842690226,
    "pos_rec": 0.54183394893207,
    "neg_f": 0.5274852447633377,
    "pos_f": 0.623026498014957,
    "tn": 2279,
    "fp": 1230,
    "fn": 2853,
    "tp": 3374,
    "sensitivity": 0.54183394893207,
    "specificity": 0.6494727842690226,
    "acc": 0.5806285949055053
}