{
    "fbeta-1.0": 0.5233380480905234,
    "neg_prec": 0.43098427489807806,
    "pos_prec": 0.7572519083969466,
    "neg_rec": 0.6660666066606661,
    "pos_rec": 0.5422458222708105,
    "neg_f": 0.5233380480905234,
    "pos_f": 0.6319621405169276,
    "tn": 2220,
    "fp": 1113,
    "fn": 2931,
    "tp": 3472,
    "sensitivity": 0.5422458222708105,
    "specificity": 0.6660666066606661,
    "acc": 0.5846343467543139
}