{
    "fbeta-1.0": 0.669406503082316,
    "neg_prec": 0.5920461834509301,
    "pos_prec": 0.8365289582921526,
    "neg_rec": 0.7700222469410456,
    "pos_rec": 0.6892508143322476,
    "neg_f": 0.669406503082316,
    "pos_f": 0.7557817662291277,
    "tn": 2769,
    "fp": 827,
    "fn": 1908,
    "tp": 4232,
    "sensitivity": 0.6892508143322476,
    "specificity": 0.7700222469410456,
    "acc": 0.7190838126540674
}