{
    "fbeta-1.0": 0.5893169877408057,
    "neg_prec": 0.5188897455666923,
    "pos_prec": 0.723834652594547,
    "neg_rec": 0.6818642350557245,
    "pos_rec": 0.5687629578438148,
    "neg_f": 0.5893169877408057,
    "pos_f": 0.6369969040247678,
    "tn": 2692,
    "fp": 1256,
    "fn": 2496,
    "tp": 3292,
    "sensitivity": 0.5687629578438148,
    "specificity": 0.6818642350557245,
    "acc": 0.6146261298274446
}