{
    "fbeta-1.0": 0.5390491392087561,
    "neg_prec": 0.47450822962665595,
    "pos_prec": 0.7002524190155658,
    "neg_rec": 0.6239113222486145,
    "pos_rec": 0.5597780393475702,
    "neg_f": 0.5390491392087561,
    "pos_f": 0.6221848425380806,
    "tn": 2364,
    "fp": 1425,
    "fn": 2618,
    "tp": 3329,
    "sensitivity": 0.5597780393475702,
    "specificity": 0.6239113222486145,
    "acc": 0.5847370583401807
}