{
    "fbeta-1.0": 0.5272407732864675,
    "neg_prec": 0.45871559633027525,
    "pos_prec": 0.7143448561374457,
    "neg_rec": 0.6198347107438017,
    "pos_rec": 0.5651817884048477,
    "neg_f": 0.5272407732864675,
    "pos_f": 0.6310688488616621,
    "tn": 2250,
    "fp": 1380,
    "fn": 2655,
    "tp": 3451,
    "sensitivity": 0.5651817884048477,
    "specificity": 0.6198347107438017,
    "acc": 0.5855587510271159
}