{
    "fbeta-1.0": 0.5455786958006145,
    "neg_prec": 0.45414929897688516,
    "pos_prec": 0.7505607895917452,
    "neg_rec": 0.6831005984611,
    "pos_rec": 0.5373374016380279,
    "neg_f": 0.5455786958006145,
    "pos_f": 0.6262985493682732,
    "tn": 2397,
    "fp": 1112,
    "fn": 2881,
    "tp": 3346,
    "sensitivity": 0.5373374016380279,
    "specificity": 0.6831005984611,
    "acc": 0.589872637633525
}