{
    "fbeta-1.0": 0.6936647065350049,
    "neg_prec": 0.6301148961902843,
    "pos_prec": 0.8060732984293194,
    "neg_rec": 0.7714708785784797,
    "pos_rec": 0.6771639690358903,
    "neg_f": 0.6936647065350049,
    "pos_f": 0.7360168276125825,
    "tn": 3126,
    "fp": 926,
    "fn": 1835,
    "tp": 3849,
    "sensitivity": 0.6771639690358903,
    "specificity": 0.7714708785784797,
    "acc": 0.7164133114215283
}