{
    "fbeta-1.0": 0.5810316139767054,
    "neg_prec": 0.4854494902687674,
    "pos_prec": 0.7694079705137066,
    "neg_rec": 0.7234806629834254,
    "pos_rec": 0.5461085676913014,
    "neg_f": 0.5810316139767054,
    "pos_f": 0.6388065410729654,
    "tn": 2619,
    "fp": 1001,
    "fn": 2776,
    "tp": 3340,
    "sensitivity": 0.5461085676913014,
    "specificity": 0.7234806629834254,
    "acc": 0.6120583401807724
}