{
    "fbeta-1.0": 0.5840493500771096,
    "neg_prec": 0.5008501794823351,
    "pos_prec": 0.7447670492910196,
    "neg_rec": 0.7003963011889036,
    "pos_rec": 0.5560410015123509,
    "neg_f": 0.5840493500771096,
    "pos_f": 0.6367134885510872,
    "tn": 2651,
    "fp": 1134,
    "fn": 2642,
    "tp": 3309,
    "sensitivity": 0.5560410015123509,
    "specificity": 0.7003963011889036,
    "acc": 0.6121610517666393
}