{
    "fbeta-1.0": 0.595556782116738,
    "neg_prec": 0.475016508914814,
    "pos_prec": 0.8948584633160023,
    "neg_rec": 0.7980769230769231,
    "pos_rec": 0.6608361774744027,
    "neg_f": 0.595556782116738,
    "pos_f": 0.7602453987730061,
    "tn": 2158,
    "fp": 546,
    "fn": 2385,
    "tp": 4647,
    "sensitivity": 0.6608361774744027,
    "specificity": 0.7980769230769231,
    "acc": 0.6989523418241578
}