{
    "fbeta-1.0": 0.6353461738677773,
    "neg_prec": 0.5713951310861424,
    "pos_prec": 0.8222913616398243,
    "neg_rec": 0.7154161781946072,
    "pos_rec": 0.7104680581910183,
    "neg_f": 0.6353461738677773,
    "pos_f": 0.7623006447234476,
    "tn": 2441,
    "fp": 971,
    "fn": 1831,
    "tp": 4493,
    "sensitivity": 0.7104680581910183,
    "specificity": 0.7154161781946072,
    "acc": 0.7122021364009861
}