{
    "fbeta-1.0": 0.5163297045101088,
    "neg_prec": 0.43622397412573277,
    "pos_prec": 0.7381499269158488,
    "neg_rec": 0.6324736225087925,
    "pos_rec": 0.5589816571790006,
    "neg_f": 0.5163297045101088,
    "pos_f": 0.6361918473859444,
    "tn": 2158,
    "fp": 1254,
    "fn": 2789,
    "tp": 3535,
    "sensitivity": 0.5589816571790006,
    "specificity": 0.6324736225087925,
    "acc": 0.5847370583401807
}