{
    "fbeta-1.0": 0.5860790337959529,
    "neg_prec": 0.5134583255986634,
    "pos_prec": 0.7042998390434583,
    "neg_rec": 0.6826258637709773,
    "pos_rec": 0.538881069669247,
    "neg_f": 0.5860790337959529,
    "pos_f": 0.6105850692714043,
    "tn": 2766,
    "fp": 1286,
    "fn": 2621,
    "tp": 3063,
    "sensitivity": 0.538881069669247,
    "specificity": 0.6826258637709773,
    "acc": 0.5987058340180772
}