{
    "fbeta-1.0": 0.5240567670474212,
    "neg_prec": 0.43257142857142855,
    "pos_prec": 0.7445385644226482,
    "neg_rec": 0.6646180860403863,
    "pos_rec": 0.528564646304795,
    "neg_f": 0.5240567670474212,
    "pos_f": 0.6182322998611753,
    "tn": 2271,
    "fp": 1146,
    "fn": 2979,
    "tp": 3340,
    "sensitivity": 0.528564646304795,
    "specificity": 0.6646180860403863,
    "acc": 0.5763147082990961
}