{
    "fbeta-1.0": 0.5422268633337683,
    "neg_prec": 0.4326182045407207,
    "pos_prec": 0.841337386018237,
    "neg_rec": 0.7262237762237762,
    "pos_rec": 0.6038394415357766,
    "neg_f": 0.5422268633337683,
    "pos_f": 0.7030734061468122,
    "tn": 2077,
    "fp": 783,
    "fn": 2724,
    "tp": 4152,
    "sensitivity": 0.6038394415357766,
    "specificity": 0.7262237762237762,
    "acc": 0.6397904683648316
}