{
    "fbeta-1.0": 0.5130120200723539,
    "neg_prec": 0.40226939970717424,
    "pos_prec": 0.787687265917603,
    "neg_rec": 0.707890499194847,
    "pos_rec": 0.5074649374151712,
    "neg_f": 0.5130120200723539,
    "pos_f": 0.6172613042281941,
    "tn": 2198,
    "fp": 907,
    "fn": 3266,
    "tp": 3365,
    "sensitivity": 0.5074649374151712,
    "specificity": 0.707890499194847,
    "acc": 0.5713845521774856
}