{
    "fbeta-1.0": 0.6819531899726744,
    "neg_prec": 0.6030678714015549,
    "pos_prec": 0.8416716897729556,
    "neg_rec": 0.7845817386550027,
    "pos_rec": 0.6892069759789404,
    "neg_f": 0.6819531899726744,
    "pos_f": 0.7578471279963817,
    "tn": 2870,
    "fp": 788,
    "fn": 1889,
    "tp": 4189,
    "sensitivity": 0.6892069759789404,
    "specificity": 0.7845817386550027,
    "acc": 0.7250410846343468
}