{
    "fbeta-1.0": 0.5653206650831353,
    "neg_prec": 0.48502139800285304,
    "pos_prec": 0.765375854214123,
    "neg_rec": 0.6774836322231711,
    "pos_rec": 0.59392575928009,
    "neg_f": 0.5653206650831353,
    "pos_f": 0.6688382193268186,
    "tn": 2380,
    "fp": 1133,
    "fn": 2527,
    "tp": 3696,
    "sensitivity": 0.59392575928009,
    "specificity": 0.6774836322231711,
    "acc": 0.6240755957271981
}