{
    "fbeta-1.0": 0.580347564900236,
    "neg_prec": 0.5033494603647191,
    "pos_prec": 0.7150389729481889,
    "neg_rec": 0.6851570415400202,
    "pos_rec": 0.5388735314443677,
    "neg_f": 0.580347564900236,
    "pos_f": 0.6145812807881773,
    "tn": 2705,
    "fp": 1243,
    "fn": 2669,
    "tp": 3119,
    "sensitivity": 0.5388735314443677,
    "specificity": 0.6851570415400202,
    "acc": 0.5981922760887428
}