{
    "fbeta-1.0": 0.5357476635514018,
    "neg_prec": 0.4936490850376749,
    "pos_prec": 0.6813985464545276,
    "neg_rec": 0.5856960408684546,
    "pos_rec": 0.5959457137948806,
    "neg_f": 0.5357476635514018,
    "pos_f": 0.6358137829912024,
    "tn": 2293,
    "fp": 1622,
    "fn": 2352,
    "tp": 3469,
    "sensitivity": 0.5959457137948806,
    "specificity": 0.5856960408684546,
    "acc": 0.5918241577649959
}