{
    "fbeta-1.0": 0.5251053170898327,
    "neg_prec": 0.4279881217520416,
    "pos_prec": 0.749540018399264,
    "neg_rec": 0.6792341678939617,
    "pos_rec": 0.5139567891499763,
    "neg_f": 0.5251053170898327,
    "pos_f": 0.6097857610627748,
    "tn": 2306,
    "fp": 1089,
    "fn": 3082,
    "tp": 3259,
    "sensitivity": 0.5139567891499763,
    "specificity": 0.6792341678939617,
    "acc": 0.5715899753492194
}