{
    "fbeta-1.0": 0.5262456997003663,
    "neg_prec": 0.43656785122445224,
    "pos_prec": 0.7191637630662021,
    "neg_rec": 0.662290502793296,
    "pos_rec": 0.5029239766081871,
    "neg_f": 0.5262456997003663,
    "pos_f": 0.5919128190421565,
    "tn": 2371,
    "fp": 1209,
    "fn": 3060,
    "tp": 3096,
    "sensitivity": 0.5029239766081871,
    "specificity": 0.662290502793296,
    "acc": 0.5615242399342646
}