{
    "fbeta-1.0": 0.6027750887383027,
    "neg_prec": 0.5296786389413989,
    "pos_prec": 0.728969860548808,
    "neg_rec": 0.6992762665335662,
    "pos_rec": 0.56571827544074,
    "neg_f": 0.6027750887383027,
    "pos_f": 0.6370515970515971,
    "tn": 2802,
    "fp": 1205,
    "fn": 2488,
    "tp": 3241,
    "sensitivity": 0.56571827544074,
    "specificity": 0.6992762665335662,
    "acc": 0.6206861133935908
}