{
    "fbeta-1.0": 0.6282490874903218,
    "neg_prec": 0.569252355181399,
    "pos_prec": 0.7446808510638298,
    "neg_rec": 0.700888450148075,
    "pos_rec": 0.6219211822660099,
    "neg_f": 0.6282490874903218,
    "pos_f": 0.6777873645863293,
    "tn": 2840,
    "fp": 1212,
    "fn": 2149,
    "tp": 3535,
    "sensitivity": 0.6219211822660099,
    "specificity": 0.700888450148075,
    "acc": 0.6547863599013969
}