{
    "fbeta-1.0": 0.5452013461761633,
    "neg_prec": 0.46313091482649843,
    "pos_prec": 0.7435677530017153,
    "neg_rec": 0.66262341325811,
    "pos_rec": 0.5601679857858182,
    "neg_f": 0.5452013461761633,
    "pos_f": 0.6389682174113311,
    "tn": 2349,
    "fp": 1196,
    "fn": 2723,
    "tp": 3468,
    "sensitivity": 0.5601679857858182,
    "specificity": 0.66262341325811,
    "acc": 0.5974732949876747
}