{
    "fbeta-1.0": 0.6150583244962885,
    "neg_prec": 0.5226402342870016,
    "pos_prec": 0.8518029073060223,
    "neg_rec": 0.7471819645732689,
    "pos_rec": 0.6804403559040869,
    "neg_f": 0.6150583244962885,
    "pos_f": 0.7565392354124749,
    "tn": 2320,
    "fp": 785,
    "fn": 2119,
    "tp": 4512,
    "sensitivity": 0.6804403559040869,
    "specificity": 0.7471819645732689,
    "acc": 0.7017255546425637
}