{
    "fbeta-1.0": 0.5777520278099652,
    "neg_prec": 0.5014078841512469,
    "pos_prec": 0.7554575986565911,
    "neg_rec": 0.6815199562602515,
    "pos_rec": 0.592135570911484,
    "neg_f": 0.5777520278099652,
    "pos_f": 0.6638996495111603,
    "tn": 2493,
    "fp": 1165,
    "fn": 2479,
    "tp": 3599,
    "sensitivity": 0.592135570911484,
    "specificity": 0.6815199562602515,
    "acc": 0.6257189811010682
}