{
    "fbeta-1.0": 0.5540757749712975,
    "neg_prec": 0.4776326207442597,
    "pos_prec": 0.734201537147737,
    "neg_rec": 0.6596500820120285,
    "pos_rec": 0.5658111220796315,
    "neg_f": 0.5540757749712975,
    "pos_f": 0.6391005389332838,
    "tn": 2413,
    "fp": 1245,
    "fn": 2639,
    "tp": 3439,
    "sensitivity": 0.5658111220796315,
    "specificity": 0.6596500820120285,
    "acc": 0.6010682004930156
}