{
    "fbeta-1.0": 0.5326646787747357,
    "neg_prec": 0.42041078305519897,
    "pos_prec": 0.854010272619518,
    "neg_rec": 0.7267011834319527,
    "pos_rec": 0.6147610921501706,
    "neg_f": 0.5326646787747357,
    "pos_f": 0.7148999503886225,
    "tn": 1965,
    "fp": 739,
    "fn": 2709,
    "tp": 4323,
    "sensitivity": 0.6147610921501706,
    "specificity": 0.7267011834319527,
    "acc": 0.6458504519309778
}