{
    "fbeta-1.0": 0.5664058069638198,
    "neg_prec": 0.47042200452147703,
    "pos_prec": 0.7714543812104788,
    "neg_rec": 0.7115987460815048,
    "pos_rec": 0.5485787698731331,
    "neg_f": 0.5664058069638198,
    "pos_f": 0.6412013139371188,
    "tn": 2497,
    "fp": 1012,
    "fn": 2811,
    "tp": 3416,
    "sensitivity": 0.5485787698731331,
    "specificity": 0.7115987460815048,
    "acc": 0.6073336072308957
}