{
    "fbeta-1.0": 0.579245484663888,
    "neg_prec": 0.48670977011494254,
    "pos_prec": 0.7411228406909789,
    "neg_rec": 0.7152282924254421,
    "pos_rec": 0.5194215570876072,
    "neg_f": 0.579245484663888,
    "pos_f": 0.6107760751359368,
    "tn": 2710,
    "fp": 1079,
    "fn": 2858,
    "tp": 3089,
    "sensitivity": 0.5194215570876072,
    "specificity": 0.7152282924254421,
    "acc": 0.5956244864420707
}