{
    "fbeta-1.0": 0.6163864551266872,
    "neg_prec": 0.5584638489594508,
    "pos_prec": 0.7670935960591133,
    "neg_rec": 0.6877146631439894,
    "pos_rec": 0.6541757687783566,
    "neg_f": 0.6163864551266872,
    "pos_f": 0.7061491021222565,
    "tn": 2603,
    "fp": 1182,
    "fn": 2058,
    "tp": 3893,
    "sensitivity": 0.6541757687783566,
    "specificity": 0.6877146631439894,
    "acc": 0.6672144617912901
}