{
    "fbeta-1.0": 0.6140127388535032,
    "neg_prec": 0.5158145065398335,
    "pos_prec": 0.8750677996745616,
    "neg_rec": 0.7583916083916084,
    "pos_rec": 0.7038976148923793,
    "neg_f": 0.6140127388535032,
    "pos_f": 0.7802047231401629,
    "tn": 2169,
    "fp": 691,
    "fn": 2036,
    "tp": 4840,
    "sensitivity": 0.7038976148923793,
    "specificity": 0.7583916083916084,
    "acc": 0.7199055053410025
}