{
    "fbeta-1.0": 0.6751242479727962,
    "neg_prec": 0.6410829607550919,
    "pos_prec": 0.8180385288966725,
    "neg_rec": 0.7129834254143647,
    "pos_rec": 0.7637344669718771,
    "neg_f": 0.6751242479727962,
    "pos_f": 0.7899543378995434,
    "tn": 2581,
    "fp": 1039,
    "fn": 1445,
    "tp": 4671,
    "sensitivity": 0.7637344669718771,
    "specificity": 0.7129834254143647,
    "acc": 0.7448644207066557
}