{
    "fbeta-1.0": 0.587344766410408,
    "neg_prec": 0.4928543072647876,
    "pos_prec": 0.8011919965942954,
    "neg_rec": 0.726660813579163,
    "pos_rec": 0.5956638708656433,
    "neg_f": 0.587344766410408,
    "pos_f": 0.6833076155033131,
    "tn": 2483,
    "fp": 934,
    "fn": 2555,
    "tp": 3764,
    "sensitivity": 0.5956638708656433,
    "specificity": 0.726660813579163,
    "acc": 0.6416392769104355
}