{
    "fbeta-1.0": 0.6169811320754718,
    "neg_prec": 0.5290039288190432,
    "pos_prec": 0.8513588463671659,
    "neg_rec": 0.7400581959262852,
    "pos_rec": 0.6932108986903508,
    "neg_f": 0.6169811320754718,
    "pos_f": 0.7641885164288086,
    "tn": 2289,
    "fp": 804,
    "fn": 2038,
    "tp": 4605,
    "sensitivity": 0.6932108986903508,
    "specificity": 0.7400581959262852,
    "acc": 0.7080936729663106
}