{
    "fbeta-1.0": 0.558782251970204,
    "neg_prec": 0.47278041651443187,
    "pos_prec": 0.7182074143594557,
    "neg_rec": 0.683029823172341,
    "pos_rec": 0.5147133008239448,
    "neg_f": 0.558782251970204,
    "pos_f": 0.5996669605250269,
    "tn": 2588,
    "fp": 1201,
    "fn": 2886,
    "tp": 3061,
    "sensitivity": 0.5147133008239448,
    "specificity": 0.683029823172341,
    "acc": 0.5802177485620378
}