{
    "fbeta-1.0": 0.5703022339027596,
    "neg_prec": 0.4890691908947487,
    "pos_prec": 0.8107190035855821,
    "neg_rec": 0.683895367160416,
    "pos_rec": 0.6545786987658083,
    "neg_f": 0.5703022339027596,
    "pos_f": 0.7243297926150734,
    "tn": 2170,
    "fp": 1003,
    "fn": 2267,
    "tp": 4296,
    "sensitivity": 0.6545786987658083,
    "specificity": 0.683895367160416,
    "acc": 0.6641331142152835
}