{
    "fbeta-1.0": 0.6294829731870121,
    "neg_prec": 0.5757450331125827,
    "pos_prec": 0.7502039151712887,
    "neg_rec": 0.6942850012478163,
    "pos_rec": 0.6421714086227963,
    "neg_f": 0.6294829731870121,
    "pos_f": 0.6919966143139283,
    "tn": 2782,
    "fp": 1225,
    "fn": 2050,
    "tp": 3679,
    "sensitivity": 0.6421714086227963,
    "specificity": 0.6942850012478163,
    "acc": 0.663619556285949
}