{
    "fbeta-1.0": 0.5697115384615384,
    "neg_prec": 0.46584766584766585,
    "pos_prec": 0.8782209671726086,
    "neg_rec": 0.7331786542923434,
    "pos_rec": 0.695944055944056,
    "neg_f": 0.5697115384615384,
    "pos_f": 0.7765293383270913,
    "tn": 1896,
    "fp": 690,
    "fn": 2174,
    "tp": 4976,
    "sensitivity": 0.695944055944056,
    "specificity": 0.7331786542923434,
    "acc": 0.7058340180772391
}