{
    "fbeta-1.0": 0.5701587301587301,
    "neg_prec": 0.49178532311062434,
    "pos_prec": 0.6998590887740723,
    "neg_rec": 0.6782477341389728,
    "pos_rec": 0.5170020818875781,
    "neg_f": 0.5701587301587301,
    "pos_f": 0.5946916783077231,
    "tn": 2694,
    "fp": 1278,
    "fn": 2784,
    "tp": 2980,
    "sensitivity": 0.5170020818875781,
    "specificity": 0.6782477341389728,
    "acc": 0.5827855382087099
}