{
    "fbeta-1.0": 0.5741457480924471,
    "neg_prec": 0.5062402496099844,
    "pos_prec": 0.7137586805555556,
    "neg_rec": 0.6630906768837803,
    "pos_rec": 0.5650231918914276,
    "neg_f": 0.5741457480924471,
    "pos_f": 0.6307412024163391,
    "tn": 2596,
    "fp": 1319,
    "fn": 2532,
    "tp": 3289,
    "sensitivity": 0.5650231918914276,
    "specificity": 0.6630906768837803,
    "acc": 0.6044576828266228
}