{
    "fbeta-1.0": 0.5451940035273368,
    "neg_prec": 0.48490196078431375,
    "pos_prec": 0.6766609145815358,
    "neg_rec": 0.6226082578046325,
    "pos_rec": 0.5442401110340042,
    "neg_f": 0.5451940035273368,
    "pos_f": 0.6032692307692308,
    "tn": 2473,
    "fp": 1499,
    "fn": 2627,
    "tp": 3137,
    "sensitivity": 0.5442401110340042,
    "specificity": 0.6226082578046325,
    "acc": 0.5762119967132292
}