{
    "fbeta-1.0": 0.6389457523029684,
    "neg_prec": 0.5846405993912432,
    "pos_prec": 0.8082342177493138,
    "neg_rec": 0.7043723554301834,
    "pos_rec": 0.7134550153448554,
    "neg_f": 0.6389457523029684,
    "pos_f": 0.7578929306794784,
    "tn": 2497,
    "fp": 1048,
    "fn": 1774,
    "tp": 4417,
    "sensitivity": 0.7134550153448554,
    "specificity": 0.7043723554301834,
    "acc": 0.7101479046836483
}