{
    "fbeta-1.0": 0.4883098755379784,
    "neg_prec": 0.38219227967953384,
    "pos_prec": 0.7629594721960414,
    "neg_rec": 0.6760064412238326,
    "pos_rec": 0.4883124717237219,
    "neg_f": 0.4883098755379784,
    "pos_f": 0.5954942528735632,
    "tn": 2099,
    "fp": 1006,
    "fn": 3393,
    "tp": 3238,
    "sensitivity": 0.4883124717237219,
    "specificity": 0.6760064412238326,
    "acc": 0.5481717337715695
}