{
    "fbeta-1.0": 0.6728689382486336,
    "neg_prec": 0.6220167705869706,
    "pos_prec": 0.7925270403146509,
    "neg_rec": 0.7327760891590679,
    "pos_rec": 0.6962681409813407,
    "neg_f": 0.6728689382486336,
    "pos_f": 0.7412857537018303,
    "tn": 2893,
    "fp": 1055,
    "fn": 1758,
    "tp": 4030,
    "sensitivity": 0.6962681409813407,
    "specificity": 0.7327760891590679,
    "acc": 0.7110723089564502
}