{
    "fbeta-1.0": 0.5233298599050596,
    "neg_prec": 0.4483237452886332,
    "pos_prec": 0.7154419595314164,
    "neg_rec": 0.628476084538376,
    "pos_rec": 0.5470684039087947,
    "neg_f": 0.5233298599050596,
    "pos_f": 0.6200276880479927,
    "tn": 2260,
    "fp": 1336,
    "fn": 2781,
    "tp": 3359,
    "sensitivity": 0.5470684039087947,
    "specificity": 0.628476084538376,
    "acc": 0.5771364009860313
}