{
    "fbeta-1.0": 0.5452660677263304,
    "neg_prec": 0.4296605554547105,
    "pos_prec": 0.8093210314643956,
    "neg_rec": 0.7459817207689884,
    "pos_rec": 0.5212555233886942,
    "neg_f": 0.5452660677263304,
    "pos_f": 0.6341056533827618,
    "tn": 2367,
    "fp": 806,
    "fn": 3142,
    "tp": 3421,
    "sensitivity": 0.5212555233886942,
    "specificity": 0.7459817207689884,
    "acc": 0.594494658997535
}