{
    "fbeta-1.0": 0.6725222551928783,
    "neg_prec": 0.5908237747653806,
    "pos_prec": 0.8386966201173851,
    "neg_rec": 0.7804407713498622,
    "pos_rec": 0.678676711431379,
    "neg_f": 0.6725222551928783,
    "pos_f": 0.7502489363628134,
    "tn": 2833,
    "fp": 797,
    "fn": 1962,
    "tp": 4144,
    "sensitivity": 0.678676711431379,
    "specificity": 0.7804407713498622,
    "acc": 0.7166187345932621
}