{
    "fbeta-1.0": 0.5905265688867516,
    "neg_prec": 0.5145610727006076,
    "pos_prec": 0.7805762643562362,
    "neg_rec": 0.6928067700987306,
    "pos_rec": 0.6257470521725085,
    "neg_f": 0.5905265688867516,
    "pos_f": 0.6946386946386948,
    "tn": 2456,
    "fp": 1089,
    "fn": 2317,
    "tp": 3874,
    "sensitivity": 0.6257470521725085,
    "specificity": 0.6928067700987306,
    "acc": 0.650164338537387
}