{
    "fbeta-1.0": 0.5442359249329759,
    "neg_prec": 0.486810551558753,
    "pos_prec": 0.6804733727810651,
    "neg_rec": 0.6170212765957447,
    "pos_rec": 0.5563234277816171,
    "neg_f": 0.5442359249329759,
    "pos_f": 0.612167300380228,
    "tn": 2436,
    "fp": 1512,
    "fn": 2568,
    "tp": 3220,
    "sensitivity": 0.5563234277816171,
    "specificity": 0.6170212765957447,
    "acc": 0.5809367296631059
}