{
    "fbeta-1.0": 0.6068337129840546,
    "neg_prec": 0.5317365269461077,
    "pos_prec": 0.7659754549301735,
    "neg_rec": 0.706631299734748,
    "pos_rec": 0.6067717063359035,
    "neg_f": 0.6068337129840546,
    "pos_f": 0.6771417882528994,
    "tn": 2664,
    "fp": 1106,
    "fn": 2346,
    "tp": 3620,
    "sensitivity": 0.6067717063359035,
    "specificity": 0.706631299734748,
    "acc": 0.6454396055875102
}