{
    "fbeta-1.0": 0.47621419676214194,
    "neg_prec": 0.3589936162223057,
    "pos_prec": 0.8204081632653061,
    "neg_rec": 0.7071005917159763,
    "pos_rec": 0.514505119453925,
    "neg_f": 0.47621419676214194,
    "pos_f": 0.6324069218668066,
    "tn": 1912,
    "fp": 792,
    "fn": 3414,
    "tp": 3618,
    "sensitivity": 0.514505119453925,
    "specificity": 0.7071005917159763,
    "acc": 0.5679950698438784
}