{
    "fbeta-1.0": 0.6122254059216811,
    "neg_prec": 0.5391084945332212,
    "pos_prec": 0.7879518072289157,
    "neg_rec": 0.7082872928176795,
    "pos_rec": 0.6415958142576847,
    "neg_f": 0.6122254059216811,
    "pos_f": 0.7072819033886086,
    "tn": 2564,
    "fp": 1056,
    "fn": 2192,
    "tp": 3924,
    "sensitivity": 0.6415958142576847,
    "specificity": 0.7082872928176795,
    "acc": 0.666392769104355
}