{
    "fbeta-1.0": 0.5328167730173199,
    "neg_prec": 0.4684431977559607,
    "pos_prec": 0.6950474183350895,
    "neg_rec": 0.6177014531043593,
    "pos_rec": 0.5541925726768611,
    "neg_f": 0.5328167730173199,
    "pos_f": 0.6166791323859387,
    "tn": 2338,
    "fp": 1447,
    "fn": 2653,
    "tp": 3298,
    "sensitivity": 0.5541925726768611,
    "specificity": 0.6177014531043593,
    "acc": 0.5788824979457683
}