{
    "fbeta-1.0": 0.5124943207632894,
    "neg_prec": 0.41235605922134894,
    "pos_prec": 0.7474794841735053,
    "neg_rec": 0.6768676867686768,
    "pos_rec": 0.4978916133062627,
    "neg_f": 0.5124943207632894,
    "pos_f": 0.5976752905886764,
    "tn": 2256,
    "fp": 1077,
    "fn": 3215,
    "tp": 3188,
    "sensitivity": 0.4978916133062627,
    "specificity": 0.6768676867686768,
    "acc": 0.5591618734593262
}