{
    "fbeta-1.0": 0.6677970207097009,
    "neg_prec": 0.5811551433389545,
    "pos_prec": 0.8485576923076923,
    "neg_rec": 0.784799316823228,
    "pos_rec": 0.6807006267073759,
    "neg_f": 0.6677970207097009,
    "pos_f": 0.7554168524297815,
    "tn": 2757,
    "fp": 756,
    "fn": 1987,
    "tp": 4236,
    "sensitivity": 0.6807006267073759,
    "specificity": 0.784799316823228,
    "acc": 0.7182621199671323
}