{
    "fbeta-1.0": 0.6155210643015521,
    "neg_prec": 0.5473186119873817,
    "pos_prec": 0.7487135506003431,
    "neg_rec": 0.7031408308004052,
    "pos_rec": 0.6033172080165861,
    "neg_f": 0.6155210643015521,
    "pos_f": 0.6681974741676234,
    "tn": 2776,
    "fp": 1172,
    "fn": 2296,
    "tp": 3492,
    "sensitivity": 0.6033172080165861,
    "specificity": 0.7031408308004052,
    "acc": 0.6437962202136401
}