{
    "fbeta-1.0": 0.5481967213114755,
    "neg_prec": 0.4616234124792932,
    "pos_prec": 0.7190332326283988,
    "neg_rec": 0.6747376916868443,
    "pos_rec": 0.5140388768898488,
    "neg_f": 0.5481967213114755,
    "pos_f": 0.5994962216624685,
    "tn": 2508,
    "fp": 1209,
    "fn": 2925,
    "tp": 3094,
    "sensitivity": 0.5140388768898488,
    "specificity": 0.6747376916868443,
    "acc": 0.5753903040262942
}