{
    "fbeta-1.0": 0.46151908300793554,
    "neg_prec": 0.34995224450811846,
    "pos_prec": 0.8062652743834703,
    "neg_rec": 0.6775147928994083,
    "pos_rec": 0.5160693970420933,
    "neg_f": 0.46151908300793554,
    "pos_f": 0.629324546952224,
    "tn": 1832,
    "fp": 872,
    "fn": 3403,
    "tp": 3629,
    "sensitivity": 0.5160693970420933,
    "specificity": 0.6775147928994083,
    "acc": 0.5609079704190633
}