{
    "fbeta-1.0": 0.5379090183559456,
    "neg_prec": 0.4667590027700831,
    "pos_prec": 0.7099530115335326,
    "neg_rec": 0.6346516007532956,
    "pos_rec": 0.5522512045190231,
    "neg_f": 0.5379090183559456,
    "pos_f": 0.6212503504345388,
    "tn": 2359,
    "fp": 1358,
    "fn": 2695,
    "tp": 3324,
    "sensitivity": 0.5522512045190231,
    "specificity": 0.6346516007532956,
    "acc": 0.5837099424815119
}