{
    "fbeta-1.0": 0.6492346938775511,
    "neg_prec": 0.5725534308211474,
    "pos_prec": 0.8393498393498393,
    "neg_rec": 0.7496318114874816,
    "pos_rec": 0.7003627188140672,
    "neg_f": 0.6492346938775511,
    "pos_f": 0.7635832187070152,
    "tn": 2545,
    "fp": 850,
    "fn": 1900,
    "tp": 4441,
    "sensitivity": 0.7003627188140672,
    "specificity": 0.7496318114874816,
    "acc": 0.7175431388660641
}