{
    "fbeta-1.0": 0.4920246827337292,
    "neg_prec": 0.3901403249630724,
    "pos_prec": 0.7546296296296297,
    "neg_rec": 0.6659312953041285,
    "pos_rec": 0.4967240591193052,
    "neg_f": 0.4920246827337292,
    "pos_f": 0.5990995130019297,
    "tn": 2113,
    "fp": 1060,
    "fn": 3303,
    "tp": 3260,
    "sensitivity": 0.4967240591193052,
    "specificity": 0.6659312953041285,
    "acc": 0.5518693508627773
}