{
    "fbeta-1.0": 0.6526131969564676,
    "neg_prec": 0.580301685891748,
    "pos_prec": 0.8291889824024483,
    "neg_rec": 0.7455115417497863,
    "pos_rec": 0.6961618757025855,
    "neg_f": 0.6526131969564676,
    "pos_f": 0.7568747271933653,
    "tn": 2616,
    "fp": 893,
    "fn": 1892,
    "tp": 4335,
    "sensitivity": 0.6961618757025855,
    "specificity": 0.7455115417497863,
    "acc": 0.7139482333607231
}