{
    "fbeta-1.0": 0.6703748488512696,
    "neg_prec": 0.6088293432901384,
    "pos_prec": 0.8176731622612387,
    "neg_rec": 0.7457627118644068,
    "pos_rec": 0.7041036717062635,
    "neg_f": 0.6703748488512696,
    "pos_f": 0.7566505981074808,
    "tn": 2772,
    "fp": 945,
    "fn": 1781,
    "tp": 4238,
    "sensitivity": 0.7041036717062635,
    "specificity": 0.7457627118644068,
    "acc": 0.7200082169268693
}