{
    "fbeta-1.0": 0.6216673719847652,
    "neg_prec": 0.5361313868613139,
    "pos_prec": 0.7570488721804511,
    "neg_rec": 0.7396777442094663,
    "pos_rec": 0.5589868147120055,
    "neg_f": 0.6216673719847652,
    "pos_f": 0.6431137724550898,
    "tn": 2938,
    "fp": 1034,
    "fn": 2542,
    "tp": 3222,
    "sensitivity": 0.5589868147120055,
    "specificity": 0.7396777442094663,
    "acc": 0.6327033689400164
}