{
    "fbeta-1.0": 0.570976133921502,
    "neg_prec": 0.48122020972354623,
    "pos_prec": 0.7613003785348474,
    "neg_rec": 0.7018909899888766,
    "pos_rec": 0.5568403908794788,
    "neg_f": 0.570976133921502,
    "pos_f": 0.6432132442855799,
    "tn": 2524,
    "fp": 1072,
    "fn": 2721,
    "tp": 3419,
    "sensitivity": 0.5568403908794788,
    "specificity": 0.7018909899888766,
    "acc": 0.6104149548069022
}