{
    "fbeta-1.0": 0.5161366313309776,
    "neg_prec": 0.43002944062806675,
    "pos_prec": 0.7405731523378583,
    "neg_rec": 0.6453608247422681,
    "pos_rec": 0.5420280712821322,
    "neg_f": 0.5161366313309776,
    "pos_f": 0.6259333454744127,
    "tn": 2191,
    "fp": 1204,
    "fn": 2904,
    "tp": 3437,
    "sensitivity": 0.5420280712821322,
    "specificity": 0.6453608247422681,
    "acc": 0.5780608052588332
}