{
    "fbeta-1.0": 0.5989154013015184,
    "neg_prec": 0.5304514889529299,
    "pos_prec": 0.723239902891194,
    "neg_rec": 0.6876712328767123,
    "pos_rec": 0.5728019576997029,
    "neg_f": 0.5989154013015184,
    "pos_f": 0.6392898946547014,
    "tn": 2761,
    "fp": 1254,
    "fn": 2444,
    "tp": 3277,
    "sensitivity": 0.5728019576997029,
    "specificity": 0.6876712328767123,
    "acc": 0.6201725554642563
}