{
    "fbeta-1.0": 0.6745762711864407,
    "neg_prec": 0.6225698324022346,
    "pos_prec": 0.8101121459798517,
    "neg_rec": 0.7360634081902245,
    "pos_rec": 0.7161821542597883,
    "neg_f": 0.6745762711864407,
    "pos_f": 0.7602568676418123,
    "tn": 2786,
    "fp": 999,
    "fn": 1689,
    "tp": 4262,
    "sensitivity": 0.7161821542597883,
    "specificity": 0.7360634081902245,
    "acc": 0.723911257189811
}