{
    "fbeta-1.0": 0.4217338546582176,
    "neg_prec": 0.3237424963775616,
    "pos_prec": 0.7916411824668705,
    "neg_rec": 0.6047950502706884,
    "pos_rec": 0.5430769230769231,
    "neg_f": 0.4217338546582176,
    "pos_f": 0.6442140190792203,
    "tn": 1564,
    "fp": 1022,
    "fn": 3267,
    "tp": 3883,
    "sensitivity": 0.5430769230769231,
    "specificity": 0.6047950502706884,
    "acc": 0.5594700082169268
}