{
    "fbeta-1.0": 0.49686580529614943,
    "neg_prec": 0.39176921525116,
    "pos_prec": 0.807909604519774,
    "neg_rec": 0.679020979020979,
    "pos_rec": 0.5615183246073299,
    "neg_f": 0.49686580529614943,
    "pos_f": 0.6625482625482625,
    "tn": 1942,
    "fp": 918,
    "fn": 3015,
    "tp": 3861,
    "sensitivity": 0.5615183246073299,
    "specificity": 0.679020979020979,
    "acc": 0.5960353327855382
}