{
    "fbeta-1.0": 0.46553245116572156,
    "neg_prec": 0.3639408866995074,
    "pos_prec": 0.7826646642351427,
    "neg_rec": 0.6458041958041958,
    "pos_rec": 0.5305410122164049,
    "neg_f": 0.46553245116572156,
    "pos_f": 0.632400104013175,
    "tn": 1847,
    "fp": 1013,
    "fn": 3228,
    "tp": 3648,
    "sensitivity": 0.5305410122164049,
    "specificity": 0.6458041958041958,
    "acc": 0.5644001643385373
}