{
    "fbeta-1.0": 0.5328588902479706,
    "neg_prec": 0.4587401876316293,
    "pos_prec": 0.6955461998670508,
    "neg_rec": 0.6355437665782493,
    "pos_rec": 0.5261481729802212,
    "neg_f": 0.5328588902479706,
    "pos_f": 0.5991029678404428,
    "tn": 2396,
    "fp": 1374,
    "fn": 2827,
    "tp": 3139,
    "sensitivity": 0.5261481729802212,
    "specificity": 0.6355437665782493,
    "acc": 0.5685086277732129
}