{
    "fbeta-1.0": 0.5652067531196476,
    "neg_prec": 0.4771741375748812,
    "pos_prec": 0.7910112359550562,
    "neg_rec": 0.693069306930693,
    "pos_rec": 0.6047165391222864,
    "neg_f": 0.5652067531196476,
    "pos_f": 0.6854310497433174,
    "tn": 2310,
    "fp": 1023,
    "fn": 2531,
    "tp": 3872,
    "sensitivity": 0.6047165391222864,
    "specificity": 0.693069306930693,
    "acc": 0.6349630238290879
}