{
    "fbeta-1.0": 0.564445932373619,
    "neg_prec": 0.4715644228976319,
    "pos_prec": 0.755545392179282,
    "neg_rec": 0.7028904947192884,
    "pos_rec": 0.5382860866731835,
    "neg_f": 0.564445932373619,
    "pos_f": 0.6286747217201027,
    "tn": 2529,
    "fp": 1069,
    "fn": 2834,
    "tp": 3304,
    "sensitivity": 0.5382860866731835,
    "specificity": 0.7028904947192884,
    "acc": 0.5991166803615448
}