{
    "fbeta-1.0": 0.5659251895116192,
    "neg_prec": 0.46074463779846214,
    "pos_prec": 0.8272841051314143,
    "neg_rec": 0.7333333333333333,
    "pos_rec": 0.5980998341125019,
    "neg_f": 0.5659251895116192,
    "pos_f": 0.6942669584245077,
    "tn": 2277,
    "fp": 828,
    "fn": 2665,
    "tp": 3966,
    "sensitivity": 0.5980998341125019,
    "specificity": 0.7333333333333333,
    "acc": 0.641228430566968
}