{
    "fbeta-1.0": 0.6039040713887339,
    "neg_prec": 0.5229907264296755,
    "pos_prec": 0.762719298245614,
    "neg_rec": 0.7144365267880707,
    "pos_rec": 0.5848326887506305,
    "neg_f": 0.6039040713887339,
    "pos_f": 0.6620348339202436,
    "tn": 2707,
    "fp": 1082,
    "fn": 2469,
    "tp": 3478,
    "sensitivity": 0.5848326887506305,
    "specificity": 0.7144365267880707,
    "acc": 0.6352711585866886
}