{
    "fbeta-1.0": 0.6245419211549139,
    "neg_prec": 0.5339916445119636,
    "pos_prec": 0.7926174496644295,
    "neg_rec": 0.7520727467237229,
    "pos_rec": 0.5907953976988495,
    "neg_f": 0.6245419211549139,
    "pos_f": 0.6769848094009745,
    "tn": 2812,
    "fp": 927,
    "fn": 2454,
    "tp": 3543,
    "sensitivity": 0.5907953976988495,
    "specificity": 0.7520727467237229,
    "acc": 0.6527321281840591
}