{
    "fbeta-1.0": 0.5392290249433106,
    "neg_prec": 0.4397189349112426,
    "pos_prec": 0.761090573012939,
    "neg_rec": 0.6969519343493552,
    "pos_rec": 0.5208728652751423,
    "neg_f": 0.5392290249433106,
    "pos_f": 0.61847540368006,
    "tn": 2378,
    "fp": 1034,
    "fn": 3030,
    "tp": 3294,
    "sensitivity": 0.5208728652751423,
    "specificity": 0.6969519343493552,
    "acc": 0.5825801150369762
}