{
    "fbeta-1.0": 0.5599040662814784,
    "neg_prec": 0.47529150471960024,
    "pos_prec": 0.7225940456958228,
    "neg_rec": 0.6811671087533157,
    "pos_rec": 0.5248072410325176,
    "neg_f": 0.5599040662814784,
    "pos_f": 0.6080201961355471,
    "tn": 2568,
    "fp": 1202,
    "fn": 2835,
    "tp": 3131,
    "sensitivity": 0.5248072410325176,
    "specificity": 0.6811671087533157,
    "acc": 0.5853533278553821
}