{
    "fbeta-1.0": 0.6884478144513827,
    "neg_prec": 0.6222535779076799,
    "pos_prec": 0.8073298429319372,
    "neg_rec": 0.7704017968555029,
    "pos_rec": 0.6728923023215221,
    "neg_f": 0.6884478144513827,
    "pos_f": 0.7340060929169839,
    "tn": 3087,
    "fp": 920,
    "fn": 1874,
    "tp": 3855,
    "sensitivity": 0.6728923023215221,
    "specificity": 0.7704017968555029,
    "acc": 0.7130238290879212
}