{
    "fbeta-1.0": 0.5157606756274534,
    "neg_prec": 0.4142147497134123,
    "pos_prec": 0.7767658818302976,
    "neg_rec": 0.6832650488496691,
    "pos_rec": 0.5328355934785921,
    "neg_f": 0.5157606756274534,
    "pos_f": 0.6320831450519656,
    "tn": 2168,
    "fp": 1005,
    "fn": 3066,
    "tp": 3497,
    "sensitivity": 0.5328355934785921,
    "specificity": 0.6832650488496691,
    "acc": 0.581861133935908
}