{
    "fbeta-1.0": 0.5328409980977956,
    "neg_prec": 0.43897492625368734,
    "pos_prec": 0.7374768089053804,
    "neg_rec": 0.6777682892115001,
    "pos_rec": 0.5110075526273502,
    "neg_f": 0.5328409980977956,
    "pos_f": 0.6037019458946369,
    "tn": 2381,
    "fp": 1132,
    "fn": 3043,
    "tp": 3180,
    "sensitivity": 0.5110075526273502,
    "specificity": 0.6777682892115001,
    "acc": 0.5711791290057519
}