{
    "fbeta-1.0": 0.683046683046683,
    "neg_prec": 0.6071131447587355,
    "pos_prec": 0.8336038961038961,
    "neg_rec": 0.7806900240706072,
    "pos_rec": 0.6850091712522928,
    "neg_f": 0.683046683046683,
    "pos_f": 0.7520366132723112,
    "tn": 2919,
    "fp": 820,
    "fn": 1889,
    "tp": 4108,
    "sensitivity": 0.6850091712522928,
    "specificity": 0.7806900240706072,
    "acc": 0.7217543138866064
}