{
    "fbeta-1.0": 0.5958440345552183,
    "neg_prec": 0.5136876006441223,
    "pos_prec": 0.7806208053691275,
    "neg_rec": 0.7092829349638688,
    "pos_rec": 0.6063864450961225,
    "neg_f": 0.5958440345552183,
    "pos_f": 0.6825600586832936,
    "tn": 2552,
    "fp": 1046,
    "fn": 2416,
    "tp": 3722,
    "sensitivity": 0.6063864450961225,
    "specificity": 0.7092829349638688,
    "acc": 0.6444124897288415
}