{
    "fbeta-1.0": 0.5293783384475509,
    "neg_prec": 0.4530247033651041,
    "pos_prec": 0.7107725788900979,
    "neg_rec": 0.6366867140513942,
    "pos_rec": 0.5373478117801909,
    "neg_f": 0.5293783384475509,
    "pos_f": 0.6120116181017521,
    "tn": 2329,
    "fp": 1329,
    "fn": 2812,
    "tp": 3266,
    "sensitivity": 0.5373478117801909,
    "specificity": 0.6366867140513942,
    "acc": 0.5746713229252259
}