{
    "fbeta-1.0": 0.48414190798545814,
    "neg_prec": 0.37736955247215165,
    "pos_prec": 0.7988742151980949,
    "neg_rec": 0.6751748251748252,
    "pos_rec": 0.5366492146596858,
    "neg_f": 0.48414190798545814,
    "pos_f": 0.6420182688125271,
    "tn": 1931,
    "fp": 929,
    "fn": 3186,
    "tp": 3690,
    "sensitivity": 0.5366492146596858,
    "specificity": 0.6751748251748252,
    "acc": 0.577341824157765
}