{
    "fbeta-1.0": 0.7005121353818748,
    "neg_prec": 0.6333803100463056,
    "pos_prec": 0.8177815055567205,
    "neg_rec": 0.7835616438356164,
    "pos_rec": 0.6816990036706869,
    "neg_f": 0.7005121353818748,
    "pos_f": 0.7435653002859866,
    "tn": 3146,
    "fp": 869,
    "fn": 1821,
    "tp": 3900,
    "sensitivity": 0.6816990036706869,
    "specificity": 0.7835616438356164,
    "acc": 0.7237058340180772
}