{
    "fbeta-1.0": 0.5694570135746606,
    "neg_prec": 0.48310940499040306,
    "pos_prec": 0.7540874944763588,
    "neg_rec": 0.6933884297520662,
    "pos_rec": 0.5589584015722241,
    "neg_f": 0.5694570135746606,
    "pos_f": 0.6420240782543266,
    "tn": 2517,
    "fp": 1113,
    "fn": 2693,
    "tp": 3413,
    "sensitivity": 0.5589584015722241,
    "specificity": 0.6933884297520662,
    "acc": 0.6090797041906327
}