{
    "fbeta-1.0": 0.5803835616438356,
    "neg_prec": 0.49449112978524745,
    "pos_prec": 0.7438940881077379,
    "neg_rec": 0.7023872679045093,
    "pos_rec": 0.5462621521957761,
    "neg_f": 0.5803835616438356,
    "pos_f": 0.6299410457137334,
    "tn": 2648,
    "fp": 1122,
    "fn": 2707,
    "tp": 3259,
    "sensitivity": 0.5462621521957761,
    "specificity": 0.7023872679045093,
    "acc": 0.6067173377156944
}