{
    "fbeta-1.0": 0.586506949937846,
    "neg_prec": 0.5078277886497065,
    "pos_prec": 0.7527021184608733,
    "neg_rec": 0.6940358384594811,
    "pos_rec": 0.5806236451559112,
    "neg_f": 0.586506949937846,
    "pos_f": 0.6555586934011108,
    "tn": 2595,
    "fp": 1144,
    "fn": 2515,
    "tp": 3482,
    "sensitivity": 0.5806236451559112,
    "specificity": 0.6940358384594811,
    "acc": 0.6241783073130649
}