{
    "fbeta-1.0": 0.5553966332929916,
    "neg_prec": 0.5010919197935279,
    "pos_prec": 0.6748244307299426,
    "neg_rec": 0.6229022704837117,
    "pos_rec": 0.5578817733990148,
    "neg_f": 0.5553966332929916,
    "pos_f": 0.6108061253972841,
    "tn": 2524,
    "fp": 1528,
    "fn": 2513,
    "tp": 3171,
    "sensitivity": 0.5578817733990148,
    "specificity": 0.6229022704837117,
    "acc": 0.5849424815119145
}