{
    "fbeta-1.0": 0.6336094158674803,
    "neg_prec": 0.5632629335400117,
    "pos_prec": 0.7578142076502732,
    "neg_rec": 0.7240348692403487,
    "pos_rec": 0.6060129348016081,
    "neg_f": 0.6336094158674803,
    "pos_f": 0.6734654234654234,
    "tn": 2907,
    "fp": 1108,
    "fn": 2254,
    "tp": 3467,
    "sensitivity": 0.6060129348016081,
    "specificity": 0.7240348692403487,
    "acc": 0.6546836483155299
}