{
    "fbeta-1.0": 0.5002366303833412,
    "neg_prec": 0.3944765814517634,
    "pos_prec": 0.7763308201964816,
    "neg_rec": 0.6834788231490463,
    "pos_rec": 0.511515881378895,
    "neg_f": 0.5002366303833412,
    "pos_f": 0.6166969147005444,
    "tn": 2114,
    "fp": 979,
    "fn": 3245,
    "tp": 3398,
    "sensitivity": 0.511515881378895,
    "specificity": 0.6834788231490463,
    "acc": 0.5661462612982745
}