{
    "fbeta-1.0": 0.5446757882212969,
    "neg_prec": 0.451301261829653,
    "pos_prec": 0.7761578044596913,
    "neg_rec": 0.6867686768676867,
    "pos_rec": 0.5653599875058566,
    "neg_f": 0.5446757882212969,
    "pos_f": 0.6541971627360622,
    "tn": 2289,
    "fp": 1044,
    "fn": 2783,
    "tp": 3620,
    "sensitivity": 0.5653599875058566,
    "specificity": 0.6867686768676867,
    "acc": 0.6069227608874281
}