{
    "fbeta-1.0": 0.5294740557712672,
    "neg_prec": 0.41713014460511677,
    "pos_prec": 0.8030861354214648,
    "neg_rec": 0.7246376811594203,
    "pos_rec": 0.5258633690242799,
    "neg_f": 0.5294740557712672,
    "pos_f": 0.6355600109359336,
    "tn": 2250,
    "fp": 855,
    "fn": 3144,
    "tp": 3487,
    "sensitivity": 0.5258633690242799,
    "specificity": 0.7246376811594203,
    "acc": 0.5892563681183237
}