{
    "fbeta-1.0": 0.6407038426704618,
    "neg_prec": 0.5632393084622384,
    "pos_prec": 0.8395131086142322,
    "neg_rec": 0.7428742874287428,
    "pos_rec": 0.7001405591129158,
    "neg_f": 0.6407038426704618,
    "pos_f": 0.7635186919867154,
    "tn": 2476,
    "fp": 857,
    "fn": 1920,
    "tp": 4483,
    "sensitivity": 0.7001405591129158,
    "specificity": 0.7428742874287428,
    "acc": 0.7147699260476582
}