{
    "fbeta-1.0": 0.5225675836608312,
    "neg_prec": 0.41365007541478127,
    "pos_prec": 0.7971570397111913,
    "neg_rec": 0.709343679275784,
    "pos_rec": 0.5318380249887099,
    "neg_f": 0.5225675836608312,
    "pos_f": 0.6380135440180587,
    "tn": 2194,
    "fp": 899,
    "fn": 3110,
    "tp": 3533,
    "sensitivity": 0.5318380249887099,
    "specificity": 0.709343679275784,
    "acc": 0.5882292522596549
}