{
    "fbeta-1.0": 0.6024096385542168,
    "neg_prec": 0.5314625850340136,
    "pos_prec": 0.7821939586645469,
    "neg_rec": 0.6952169076751946,
    "pos_rec": 0.641042345276873,
    "neg_f": 0.6024096385542168,
    "pos_f": 0.7046186895810956,
    "tn": 2500,
    "fp": 1096,
    "fn": 2204,
    "tp": 3936,
    "sensitivity": 0.641042345276873,
    "specificity": 0.6952169076751946,
    "acc": 0.6610517666392769
}