{
    "fbeta-1.0": 0.5475477780336173,
    "neg_prec": 0.4508911642017444,
    "pos_prec": 0.7682653518601524,
    "neg_rec": 0.6969519343493552,
    "pos_rec": 0.5420619860847565,
    "neg_f": 0.5475477780336173,
    "pos_f": 0.6356387910254033,
    "tn": 2378,
    "fp": 1034,
    "fn": 2896,
    "tp": 3428,
    "sensitivity": 0.5420619860847565,
    "specificity": 0.6969519343493552,
    "acc": 0.5963434675431388
}