{
    "fbeta-1.0": 0.5416518964906061,
    "neg_prec": 0.47326037580012387,
    "pos_prec": 0.7285918659309217,
    "neg_rec": 0.6331491712707182,
    "pos_rec": 0.5828973185088293,
    "neg_f": 0.5416518964906061,
    "pos_f": 0.6476519211554184,
    "tn": 2292,
    "fp": 1328,
    "fn": 2551,
    "tp": 3565,
    "sensitivity": 0.5828973185088293,
    "specificity": 0.6331491712707182,
    "acc": 0.6015817584223501
}