{
    "fbeta-1.0": 0.48059555772516477,
    "neg_prec": 0.3860027445598902,
    "pos_prec": 0.757497303128371,
    "neg_rec": 0.636598771419334,
    "pos_rec": 0.5285262682522957,
    "neg_f": 0.48059555772516477,
    "pos_f": 0.6226281255541762,
    "tn": 1969,
    "fp": 1124,
    "fn": 3132,
    "tp": 3511,
    "sensitivity": 0.5285262682522957,
    "specificity": 0.636598771419334,
    "acc": 0.5628594905505341
}