{
    "fbeta-1.0": 0.5528383313046364,
    "neg_prec": 0.4714986787466969,
    "pos_prec": 0.7203695358269491,
    "neg_rec": 0.6680930730141749,
    "pos_rec": 0.5330998832749708,
    "neg_f": 0.5528383313046364,
    "pos_f": 0.6127455678006708,
    "tn": 2498,
    "fp": 1241,
    "fn": 2800,
    "tp": 3197,
    "sensitivity": 0.5330998832749708,
    "specificity": 0.6680930730141749,
    "acc": 0.5849424815119145
}