{
    "fbeta-1.0": 0.5620724458898733,
    "neg_prec": 0.47399281255910725,
    "pos_prec": 0.7473589570690042,
    "neg_rec": 0.6903581267217631,
    "pos_rec": 0.5445463478545692,
    "neg_f": 0.5620724458898733,
    "pos_f": 0.6300331596399811,
    "tn": 2506,
    "fp": 1124,
    "fn": 2781,
    "tp": 3325,
    "sensitivity": 0.5445463478545692,
    "specificity": 0.6903581267217631,
    "acc": 0.598911257189811
}