{
    "fbeta-1.0": 0.638500132030631,
    "neg_prec": 0.5494205862304021,
    "pos_prec": 0.8584817244611059,
    "neg_rec": 0.762054837693035,
    "pos_rec": 0.6978515922596373,
    "neg_f": 0.638500132030631,
    "pos_f": 0.7698772903008909,
    "tn": 2418,
    "fp": 755,
    "fn": 1983,
    "tp": 4580,
    "sensitivity": 0.6978515922596373,
    "specificity": 0.762054837693035,
    "acc": 0.7187756778964667
}