{
    "fbeta-1.0": 0.5560923242082663,
    "neg_prec": 0.47962962962962963,
    "pos_prec": 0.6944188191881919,
    "neg_rec": 0.6615581098339719,
    "pos_rec": 0.517265074729428,
    "neg_f": 0.5560923242082663,
    "pos_f": 0.5928916018509404,
    "tn": 2590,
    "fp": 1325,
    "fn": 2810,
    "tp": 3011,
    "sensitivity": 0.517265074729428,
    "specificity": 0.6615581098339719,
    "acc": 0.5752875924404273
}