{
    "fbeta-1.0": 0.5504430447315043,
    "neg_prec": 0.4467163403223012,
    "pos_prec": 0.7432534678436318,
    "neg_rec": 0.7169076751946607,
    "pos_rec": 0.47996742671009773,
    "neg_f": 0.5504430447315043,
    "pos_f": 0.5832756061355764,
    "tn": 2578,
    "fp": 1018,
    "fn": 3193,
    "tp": 2947,
    "sensitivity": 0.47996742671009773,
    "specificity": 0.7169076751946607,
    "acc": 0.567481511914544
}