{
    "fbeta-1.0": 0.5720366035326665,
    "neg_prec": 0.49934980494148246,
    "pos_prec": 0.695152768205835,
    "neg_rec": 0.6694894146948941,
    "pos_rec": 0.5289285090019228,
    "neg_f": 0.5720366035326665,
    "pos_f": 0.600754417311892,
    "tn": 2688,
    "fp": 1327,
    "fn": 2695,
    "tp": 3026,
    "sensitivity": 0.5289285090019228,
    "specificity": 0.6694894146948941,
    "acc": 0.5868940016433853
}