{
    "fbeta-1.0": 0.553730849774055,
    "neg_prec": 0.4958547177260166,
    "pos_prec": 0.6798715203426124,
    "neg_rec": 0.6269029198901922,
    "pos_rec": 0.5541979403037179,
    "neg_f": 0.553730849774055,
    "pos_f": 0.6106356380421195,
    "tn": 2512,
    "fp": 1495,
    "fn": 2554,
    "tp": 3175,
    "sensitivity": 0.5541979403037179,
    "specificity": 0.6269029198901922,
    "acc": 0.5841207888249794
}