{
    "fbeta-1.0": 0.5928623452294247,
    "neg_prec": 0.5168253968253969,
    "pos_prec": 0.7862702055477948,
    "neg_rec": 0.695132365499573,
    "pos_rec": 0.6331351438213081,
    "neg_f": 0.5928623452294247,
    "pos_f": 0.7014420509168595,
    "tn": 2442,
    "fp": 1071,
    "fn": 2283,
    "tp": 3940,
    "sensitivity": 0.6331351438213081,
    "specificity": 0.695132365499573,
    "acc": 0.655505341002465
}