{
    "fbeta-1.0": 0.6807806031933767,
    "neg_prec": 0.6143009605122732,
    "pos_prec": 0.8234013066719461,
    "neg_rec": 0.763395225464191,
    "pos_rec": 0.6971169963124372,
    "neg_f": 0.6807806031933767,
    "pos_f": 0.7550149768539529,
    "tn": 2878,
    "fp": 892,
    "fn": 1807,
    "tp": 4159,
    "sensitivity": 0.6971169963124372,
    "specificity": 0.763395225464191,
    "acc": 0.7227814297452753
}