{
    "fbeta-1.0": 0.46692317239667375,
    "neg_prec": 0.3438128312922683,
    "pos_prec": 0.8347010550996483,
    "neg_rec": 0.7273781902552204,
    "pos_rec": 0.4979020979020979,
    "neg_f": 0.46692317239667375,
    "pos_f": 0.6237406920718354,
    "tn": 1881,
    "fp": 705,
    "fn": 3590,
    "tp": 3560,
    "sensitivity": 0.4979020979020979,
    "specificity": 0.7273781902552204,
    "acc": 0.5588537387017255
}