{
    "fbeta-1.0": 0.5303355553044855,
    "neg_prec": 0.4319101950680898,
    "pos_prec": 0.7512784751278475,
    "neg_rec": 0.6868598185542873,
    "pos_rec": 0.5114733343883526,
    "neg_f": 0.5303355553044855,
    "pos_f": 0.60860559269372,
    "tn": 2347,
    "fp": 1070,
    "fn": 3087,
    "tp": 3232,
    "sensitivity": 0.5114733343883526,
    "specificity": 0.6868598185542873,
    "acc": 0.5730279375513558
}