{
    "fbeta-1.0": 0.4550357456415402,
    "neg_prec": 0.33673658808242063,
    "pos_prec": 0.82248792825937,
    "neg_rec": 0.7014694508894045,
    "pos_rec": 0.5002797202797202,
    "neg_f": 0.4550357456415402,
    "pos_f": 0.6221410557439777,
    "tn": 1814,
    "fp": 772,
    "fn": 3573,
    "tp": 3577,
    "sensitivity": 0.5002797202797202,
    "specificity": 0.7014694508894045,
    "acc": 0.5537181594083813
}