{
    "fbeta-1.0": 0.5391869918699187,
    "neg_prec": 0.45333576376230406,
    "pos_prec": 0.7054117647058824,
    "neg_rec": 0.6651511099224392,
    "pos_rec": 0.49991662497915623,
    "neg_f": 0.5391869918699187,
    "pos_f": 0.5851468722552943,
    "tn": 2487,
    "fp": 1252,
    "fn": 2999,
    "tp": 2998,
    "sensitivity": 0.49991662497915623,
    "specificity": 0.6651511099224392,
    "acc": 0.5633730484798686
}