{
    "fbeta-1.0": 0.6070690842322699,
    "neg_prec": 0.5202596380802518,
    "pos_prec": 0.7882631126397248,
    "neg_rec": 0.7286501377410468,
    "pos_rec": 0.6005568293481821,
    "neg_f": 0.6070690842322699,
    "pos_f": 0.6817252277374977,
    "tn": 2645,
    "fp": 985,
    "fn": 2439,
    "tp": 3667,
    "sensitivity": 0.6005568293481821,
    "specificity": 0.7286501377410468,
    "acc": 0.6483155299917831
}