{
    "fbeta-1.0": 0.5797192541378589,
    "neg_prec": 0.4995486549918758,
    "pos_prec": 0.7045508696688111,
    "neg_rec": 0.6905415522835039,
    "pos_rec": 0.516145924245069,
    "neg_f": 0.5797192541378589,
    "pos_f": 0.5958089865001007,
    "tn": 2767,
    "fp": 1240,
    "fn": 2772,
    "tp": 2957,
    "sensitivity": 0.516145924245069,
    "specificity": 0.6905415522835039,
    "acc": 0.5879211175020542
}