{
    "fbeta-1.0": 0.512033004813202,
    "neg_prec": 0.43564742589703587,
    "pos_prec": 0.7039930555555556,
    "neg_rec": 0.6209005002779322,
    "pos_rec": 0.5285109156076898,
    "neg_f": 0.512033004813202,
    "pos_f": 0.6037595384329053,
    "tn": 2234,
    "fp": 1364,
    "fn": 2894,
    "tp": 3244,
    "sensitivity": 0.5285109156076898,
    "specificity": 0.6209005002779322,
    "acc": 0.5626540673788003
}