{
    "fbeta-1.0": 0.6111563992081053,
    "neg_prec": 0.524066307169962,
    "pos_prec": 0.7978430957919221,
    "neg_rec": 0.7329608938547486,
    "pos_rec": 0.6128979857050032,
    "neg_f": 0.6111563992081053,
    "pos_f": 0.6932475884244372,
    "tn": 2624,
    "fp": 956,
    "fn": 2383,
    "tp": 3773,
    "sensitivity": 0.6128979857050032,
    "specificity": 0.7329608938547486,
    "acc": 0.6570460147904683
}