{
    "fbeta-1.0": 0.5837002040158918,
    "neg_prec": 0.508893465643138,
    "pos_prec": 0.7146757679180887,
    "neg_rec": 0.6842900302114804,
    "pos_rec": 0.5449340735600278,
    "neg_f": 0.5837002040158918,
    "pos_f": 0.6183679496013387,
    "tn": 2718,
    "fp": 1254,
    "fn": 2623,
    "tp": 3141,
    "sensitivity": 0.5449340735600278,
    "specificity": 0.6842900302114804,
    "acc": 0.6017871815940838
}