{
    "fbeta-1.0": 0.5532786885245902,
    "neg_prec": 0.450918537762108,
    "pos_prec": 0.7780078214860824,
    "neg_rec": 0.7157584683357879,
    "pos_rec": 0.5333543605109604,
    "neg_f": 0.5532786885245902,
    "pos_f": 0.6328592814371258,
    "tn": 2430,
    "fp": 965,
    "fn": 2959,
    "tp": 3382,
    "sensitivity": 0.5333543605109604,
    "specificity": 0.7157584683357879,
    "acc": 0.5969597370583402
}