{
    "fbeta-1.0": 0.6182978723404255,
    "neg_prec": 0.5433807030665669,
    "pos_prec": 0.7388331814038286,
    "neg_rec": 0.7171767028627838,
    "pos_rec": 0.5703729767769177,
    "neg_f": 0.6182978723404255,
    "pos_f": 0.6437648927720413,
    "tn": 2906,
    "fp": 1146,
    "fn": 2442,
    "tp": 3242,
    "sensitivity": 0.5703729767769177,
    "specificity": 0.7171767028627838,
    "acc": 0.6314708299096138
}