{
    "fbeta-1.0": 0.48273014999311953,
    "neg_prec": 0.4202204120747484,
    "pos_prec": 0.7592592592592593,
    "neg_rec": 0.5670869705787261,
    "pos_rec": 0.6357067589944302,
    "neg_f": 0.48273014999311953,
    "pos_f": 0.6920114707087259,
    "tn": 1754,
    "fp": 1339,
    "fn": 2420,
    "tp": 4223,
    "sensitivity": 0.6357067589944302,
    "specificity": 0.5670869705787261,
    "acc": 0.6139071487263763
}