{
    "fbeta-1.0": 0.5080385852090032,
    "neg_prec": 0.3978541712283775,
    "pos_prec": 0.8512284774617914,
    "neg_rec": 0.7026295436968291,
    "pos_rec": 0.6153846153846154,
    "neg_f": 0.5080385852090032,
    "pos_f": 0.7143436967286307,
    "tn": 1817,
    "fp": 769,
    "fn": 2750,
    "tp": 4400,
    "sensitivity": 0.6153846153846154,
    "specificity": 0.7026295436968291,
    "acc": 0.6385579293344289
}