{
    "fbeta-1.0": 0.5902346227013316,
    "neg_prec": 0.46308457711442785,
    "pos_prec": 0.8868605391636595,
    "neg_rec": 0.8136363636363636,
    "pos_rec": 0.6076207097149505,
    "neg_f": 0.5902346227013316,
    "pos_f": 0.7211530163113833,
    "tn": 2327,
    "fp": 533,
    "fn": 2698,
    "tp": 4178,
    "sensitivity": 0.6076207097149505,
    "specificity": 0.8136363636363636,
    "acc": 0.668138866064092
}