{
    "fbeta-1.0": 0.46289610910549545,
    "neg_prec": 0.42562085074993855,
    "pos_prec": 0.7034750396895396,
    "neg_rec": 0.507327080890973,
    "pos_rec": 0.6306135357368754,
    "neg_f": 0.46289610910549545,
    "pos_f": 0.6650546151921956,
    "tn": 1731,
    "fp": 1681,
    "fn": 2336,
    "tp": 3988,
    "sensitivity": 0.6306135357368754,
    "specificity": 0.507327080890973,
    "acc": 0.5874075595727198
}