{
    "fbeta-1.0": 0.6582338902147972,
    "neg_prec": 0.5806315789473684,
    "pos_prec": 0.8251103088648215,
    "neg_rec": 0.7597796143250689,
    "pos_rec": 0.6737635113003603,
    "neg_f": 0.6582338902147972,
    "pos_f": 0.7417958889289578,
    "tn": 2758,
    "fp": 872,
    "fn": 1992,
    "tp": 4114,
    "sensitivity": 0.6737635113003603,
    "specificity": 0.7597796143250689,
    "acc": 0.7058340180772391
}