{
    "fbeta-1.0": 0.4928922545502856,
    "neg_prec": 0.47600718501411343,
    "pos_prec": 0.6960095906833362,
    "neg_rec": 0.5110192837465565,
    "pos_rec": 0.6655748444153292,
    "neg_f": 0.4928922545502856,
    "pos_f": 0.6804520719966514,
    "tn": 1855,
    "fp": 1775,
    "fn": 2042,
    "tp": 4064,
    "sensitivity": 0.6655748444153292,
    "specificity": 0.5110192837465565,
    "acc": 0.6079498767460969
}