{
    "fbeta-1.0": 0.6650689035350509,
    "neg_prec": 0.5843335439039797,
    "pos_prec": 0.8353719671144977,
    "neg_rec": 0.7716907675194661,
    "pos_rec": 0.6785016286644951,
    "neg_f": 0.6650689035350509,
    "pos_f": 0.7488092028399389,
    "tn": 2775,
    "fp": 821,
    "fn": 1974,
    "tp": 4166,
    "sensitivity": 0.6785016286644951,
    "specificity": 0.7716907675194661,
    "acc": 0.7129211175020542
}