{
    "fbeta-1.0": 0.47217806041335453,
    "neg_prec": 0.441635687732342,
    "pos_prec": 0.6963690580599895,
    "neg_rec": 0.5072587532023911,
    "pos_rec": 0.6379559697894907,
    "neg_f": 0.47217806041335453,
    "pos_f": 0.6658839315665883,
    "tn": 1782,
    "fp": 1731,
    "fn": 2253,
    "tp": 3970,
    "sensitivity": 0.6379559697894907,
    "specificity": 0.5072587532023911,
    "acc": 0.590797041906327
}