{
    "fbeta-1.0": 0.5364934015620791,
    "neg_prec": 0.46837526451916295,
    "pos_prec": 0.7846069669888747,
    "neg_rec": 0.6277970375039394,
    "pos_rec": 0.6554929148255371,
    "neg_f": 0.5364934015620791,
    "pos_f": 0.7142619956832144,
    "tn": 1992,
    "fp": 1181,
    "fn": 2261,
    "tp": 4302,
    "sensitivity": 0.6554929148255371,
    "specificity": 0.6277970375039394,
    "acc": 0.6464667214461791
}