{
    "fbeta-1.0": 0.6321099760373312,
    "neg_prec": 0.581573450916686,
    "pos_prec": 0.7947300534365211,
    "neg_rec": 0.6922651933701658,
    "pos_rec": 0.7051994767822106,
    "neg_f": 0.6321099760373312,
    "pos_f": 0.7472927315255998,
    "tn": 2506,
    "fp": 1114,
    "fn": 1803,
    "tp": 4313,
    "sensitivity": 0.7051994767822106,
    "specificity": 0.6922651933701658,
    "acc": 0.7003903040262942
}