{
    "fbeta-1.0": 0.51682119205298,
    "neg_prec": 0.5416435313714603,
    "pos_prec": 0.6744375611346592,
    "neg_rec": 0.4941742654508612,
    "pos_rec": 0.7147546648237734,
    "neg_f": 0.51682119205298,
    "pos_f": 0.6940110719677907,
    "tn": 1951,
    "fp": 1997,
    "fn": 1651,
    "tp": 4137,
    "sensitivity": 0.7147546648237734,
    "specificity": 0.4941742654508612,
    "acc": 0.6253081347576006
}