{
    "fbeta-1.0": 0.47149501661129567,
    "neg_prec": 0.46586134453781514,
    "pos_prec": 0.6722334682860999,
    "neg_rec": 0.4772666128598332,
    "pos_rec": 0.6620701113141718,
    "neg_f": 0.47149501661129567,
    "pos_f": 0.6671130827822885,
    "tn": 1774,
    "fp": 1943,
    "fn": 2034,
    "tp": 3985,
    "sensitivity": 0.6620701113141718,
    "specificity": 0.4772666128598332,
    "acc": 0.5915160230073953
}