{
    "fbeta-1.0": 0.5421816227834497,
    "neg_prec": 0.5414542527502012,
    "pos_prec": 0.7172574471625894,
    "neg_rec": 0.5429109496906107,
    "pos_rec": 0.7160657916597442,
    "neg_f": 0.5421816227834497,
    "pos_f": 0.7166611240438976,
    "tn": 2018,
    "fp": 1699,
    "fn": 1709,
    "tp": 4310,
    "sensitivity": 0.7160657916597442,
    "specificity": 0.5429109496906107,
    "acc": 0.6499589153656532
}