{
    "fbeta-1.0": 0.4943421949556919,
    "neg_prec": 0.462736089841756,
    "pos_prec": 0.7243038844963905,
    "neg_rec": 0.530582382206614,
    "pos_rec": 0.6668776705174869,
    "neg_f": 0.4943421949556919,
    "pos_f": 0.694405536788333,
    "tn": 1813,
    "fp": 1604,
    "fn": 2105,
    "tp": 4214,
    "sensitivity": 0.6668776705174869,
    "specificity": 0.530582382206614,
    "acc": 0.6190427280197206
}