{
    "fbeta-1.0": 0.6470659407138537,
    "neg_prec": 0.5879507475813545,
    "pos_prec": 0.7989591364687741,
    "neg_rec": 0.71939736346516,
    "pos_rec": 0.6886526000996843,
    "neg_f": 0.6470659407138537,
    "pos_f": 0.7397162487730883,
    "tn": 2674,
    "fp": 1043,
    "fn": 1874,
    "tp": 4145,
    "sensitivity": 0.6886526000996843,
    "specificity": 0.71939736346516,
    "acc": 0.7003903040262942
}