{
    "fbeta-1.0": 0.49548456665318774,
    "neg_prec": 0.4567594433399602,
    "pos_prec": 0.7274159663865546,
    "neg_rec": 0.5413843888070692,
    "pos_rec": 0.6552594228039741,
    "neg_f": 0.49548456665318774,
    "pos_f": 0.6894549074919107,
    "tn": 1838,
    "fp": 1557,
    "fn": 2186,
    "tp": 4155,
    "sensitivity": 0.6552594228039741,
    "specificity": 0.5413843888070692,
    "acc": 0.6155505341002465
}