{
    "fbeta-1.0": 0.5631864496493317,
    "neg_prec": 0.45305514157973176,
    "pos_prec": 0.8547330819607065,
    "neg_rec": 0.7440559440559441,
    "pos_rec": 0.6263816172193135,
    "neg_f": 0.5631864496493317,
    "pos_f": 0.7229542593369702,
    "tn": 2128,
    "fp": 732,
    "fn": 2569,
    "tp": 4307,
    "sensitivity": 0.6263816172193135,
    "specificity": 0.7440559440559441,
    "acc": 0.6609490550534101
}