{
    "fbeta-1.0": 0.4827856025039124,
    "neg_prec": 0.49320543565147884,
    "pos_prec": 0.6550225639311382,
    "neg_rec": 0.4727969348659004,
    "pos_rec": 0.6732520185535131,
    "neg_f": 0.4827856025039124,
    "pos_f": 0.6640121992544901,
    "tn": 1851,
    "fp": 2064,
    "fn": 1902,
    "tp": 3919,
    "sensitivity": 0.6732520185535131,
    "specificity": 0.4727969348659004,
    "acc": 0.592645850451931
}