{
    "fbeta-1.0": 0.5595895816890293,
    "neg_prec": 0.5506083354905514,
    "pos_prec": 0.7255235824961689,
    "neg_rec": 0.5688686814656325,
    "pos_rec": 0.7105219276304819,
    "neg_f": 0.5595895816890293,
    "pos_f": 0.7179443976411122,
    "tn": 2127,
    "fp": 1612,
    "fn": 1736,
    "tp": 4261,
    "sensitivity": 0.7105219276304819,
    "specificity": 0.5688686814656325,
    "acc": 0.6561216105176664
}