{
    "fbeta-1.0": 0.609821088694328,
    "neg_prec": 0.5610553350455288,
    "pos_prec": 0.7808545754630478,
    "neg_rec": 0.6678710394663702,
    "pos_rec": 0.6937113066145324,
    "neg_f": 0.609821088694328,
    "pos_f": 0.7347079630747994,
    "tn": 2403,
    "fp": 1195,
    "fn": 1880,
    "tp": 4258,
    "sensitivity": 0.6937113066145324,
    "specificity": 0.6678710394663702,
    "acc": 0.6841618734593262
}