{
    "fbeta-1.0": 0.4782377919320595,
    "neg_prec": 0.45551061678463095,
    "pos_prec": 0.6923875432525951,
    "neg_rec": 0.5033519553072626,
    "pos_rec": 0.6500974658869396,
    "neg_f": 0.4782377919320595,
    "pos_f": 0.6705764075067024,
    "tn": 1802,
    "fp": 1778,
    "fn": 2154,
    "tp": 4002,
    "sensitivity": 0.6500974658869396,
    "specificity": 0.5033519553072626,
    "acc": 0.596138044371405
}