{
    "fbeta-1.0": 0.6812800375102567,
    "neg_prec": 0.6123050990307628,
    "pos_prec": 0.8238476953907815,
    "neg_rec": 0.7677675033025099,
    "pos_rec": 0.6908082675180642,
    "neg_f": 0.6812800375102567,
    "pos_f": 0.7514852390092313,
    "tn": 2906,
    "fp": 879,
    "fn": 1840,
    "tp": 4111,
    "sensitivity": 0.6908082675180642,
    "specificity": 0.7677675033025099,
    "acc": 0.7207271980279375
}