{
    "fbeta-1.0": 0.509592002161578,
    "neg_prec": 0.43768855883035507,
    "pos_prec": 0.7775935139119219,
    "neg_rec": 0.6097639831878435,
    "pos_rec": 0.635255155803101,
    "neg_f": 0.509592002161578,
    "pos_f": 0.6992543496271748,
    "tn": 1886,
    "fp": 1207,
    "fn": 2423,
    "tp": 4220,
    "sensitivity": 0.635255155803101,
    "specificity": 0.6097639831878435,
    "acc": 0.6271569433032046
}