{
    "fbeta-1.0": 0.48081907724209433,
    "neg_prec": 0.5001348072256673,
    "pos_prec": 0.6429401028704165,
    "neg_rec": 0.4629398552533067,
    "pos_rec": 0.6763833129691046,
    "neg_f": 0.48081907724209433,
    "pos_f": 0.659237835998639,
    "tn": 1855,
    "fp": 2152,
    "fn": 1854,
    "tp": 3875,
    "sensitivity": 0.6763833129691046,
    "specificity": 0.4629398552533067,
    "acc": 0.5885373870172556
}