{
    "fbeta-1.0": 0.4920932725810775,
    "neg_prec": 0.45389369592088996,
    "pos_prec": 0.7221929362150764,
    "neg_rec": 0.5373134328358209,
    "pos_rec": 0.6504193701535053,
    "neg_f": 0.4920932725810775,
    "pos_f": 0.6844296419650291,
    "tn": 1836,
    "fp": 1581,
    "fn": 2209,
    "tp": 4110,
    "sensitivity": 0.6504193701535053,
    "specificity": 0.5373134328358209,
    "acc": 0.6107230895645028
}