{
    "fbeta-1.0": 0.525753529187333,
    "neg_prec": 0.5371621621621622,
    "pos_prec": 0.6691576086956522,
    "neg_rec": 0.5148194271481943,
    "pos_rec": 0.6886907883237197,
    "neg_f": 0.525753529187333,
    "pos_f": 0.6787837022999398,
    "tn": 2067,
    "fp": 1948,
    "fn": 1781,
    "tp": 3940,
    "sensitivity": 0.6886907883237197,
    "specificity": 0.5148194271481943,
    "acc": 0.616988496302383
}