{
    "fbeta-1.0": 0.6142100726511514,
    "neg_prec": 0.5757156048014774,
    "pos_prec": 0.7603626943005182,
    "neg_rec": 0.6582211665347057,
    "pos_rec": 0.6909366066924499,
    "neg_f": 0.6142100726511514,
    "pos_f": 0.7239890758523478,
    "tn": 2494,
    "fp": 1295,
    "fn": 1838,
    "tp": 4109,
    "sensitivity": 0.6909366066924499,
    "specificity": 0.6582211665347057,
    "acc": 0.6782046014790468
}