{
    "fbeta-1.0": 0.539417953272305,
    "neg_prec": 0.5181102362204725,
    "pos_prec": 0.7409719878501518,
    "neg_rec": 0.5625534340267883,
    "pos_rec": 0.7051549702906696,
    "neg_f": 0.539417953272305,
    "pos_f": 0.7226199292355796,
    "tn": 1974,
    "fp": 1535,
    "fn": 1836,
    "tp": 4391,
    "sensitivity": 0.7051549702906696,
    "specificity": 0.5625534340267883,
    "acc": 0.653759244042728
}