{
    "fbeta-1.0": 0.5151352799357085,
    "neg_prec": 0.4971561530506722,
    "pos_prec": 0.7145535105657805,
    "neg_rec": 0.5344635908838243,
    "pos_rec": 0.6831215379602477,
    "neg_f": 0.5151352799357085,
    "pos_f": 0.6984840912876895,
    "tn": 1923,
    "fp": 1675,
    "fn": 1945,
    "tp": 4193,
    "sensitivity": 0.6831215379602477,
    "specificity": 0.5344635908838243,
    "acc": 0.6281840591618735
}