{
    "fbeta-1.0": 0.46060438802263004,
    "neg_prec": 0.4017814155031295,
    "pos_prec": 0.7448943031171623,
    "neg_rec": 0.5396055609440672,
    "pos_rec": 0.6259220231822972,
    "neg_f": 0.46060438802263004,
    "pos_f": 0.6802453987730062,
    "tn": 1669,
    "fp": 1424,
    "fn": 2485,
    "tp": 4158,
    "sensitivity": 0.6259220231822972,
    "specificity": 0.5396055609440672,
    "acc": 0.5985004108463434
}