{
    "fbeta-1.0": 0.5476589707210113,
    "neg_prec": 0.5355701311806257,
    "pos_prec": 0.7113652113652114,
    "neg_rec": 0.5603061493797836,
    "pos_rec": 0.6904321506642004,
    "neg_f": 0.5476589707210113,
    "pos_f": 0.7007423841624711,
    "tn": 2123,
    "fp": 1666,
    "fn": 1841,
    "tp": 4106,
    "sensitivity": 0.6904321506642004,
    "specificity": 0.5603061493797836,
    "acc": 0.6397904683648316
}