{
    "fbeta-1.0": 0.42977365060940226,
    "neg_prec": 0.36731150793650796,
    "pos_prec": 0.7582398316970547,
    "neg_rec": 0.5178321678321678,
    "pos_rec": 0.628999418266434,
    "neg_f": 0.42977365060940226,
    "pos_f": 0.6875993640699524,
    "tn": 1481,
    "fp": 1379,
    "fn": 2551,
    "tp": 4325,
    "sensitivity": 0.628999418266434,
    "specificity": 0.5178321678321678,
    "acc": 0.5963434675431388
}