{
    "fbeta-1.0": 0.4748182762201454,
    "neg_prec": 0.46717752234993615,
    "pos_prec": 0.6632880948290671,
    "neg_rec": 0.48271311691739244,
    "pos_rec": 0.6492349083571549,
    "neg_f": 0.4748182762201454,
    "pos_f": 0.6561862678450033,
    "tn": 1829,
    "fp": 1960,
    "fn": 2086,
    "tp": 3861,
    "sensitivity": 0.6492349083571549,
    "specificity": 0.48271311691739244,
    "acc": 0.5844289235825801
}