{
    "fbeta-1.0": 0.5183016105417276,
    "neg_prec": 0.4950419527078566,
    "pos_prec": 0.7185938307771842,
    "neg_rec": 0.5438547486033519,
    "pos_rec": 0.6773879142300195,
    "neg_f": 0.5183016105417276,
    "pos_f": 0.6973827243080525,
    "tn": 1947,
    "fp": 1633,
    "fn": 1986,
    "tp": 4170,
    "sensitivity": 0.6773879142300195,
    "specificity": 0.5438547486033519,
    "acc": 0.6282867707477403
}