{
    "fbeta-1.0": 0.5927596141801328,
    "neg_prec": 0.5176110260336907,
    "pos_prec": 0.7974830590513069,
    "neg_rec": 0.6934349355216881,
    "pos_rec": 0.6513282732447818,
    "neg_f": 0.5927596141801328,
    "pos_f": 0.7170336843937679,
    "tn": 2366,
    "fp": 1046,
    "fn": 2205,
    "tp": 4119,
    "sensitivity": 0.6513282732447818,
    "specificity": 0.6934349355216881,
    "acc": 0.6660846343467544
}