{
    "fbeta-1.0": 0.4829313299064189,
    "neg_prec": 0.5034350096180269,
    "pos_prec": 0.6529440708545187,
    "neg_rec": 0.46403242147923,
    "pos_rec": 0.6878023496890118,
    "neg_f": 0.4829313299064189,
    "pos_f": 0.6699200673117375,
    "tn": 1832,
    "fp": 2116,
    "fn": 1807,
    "tp": 3981,
    "sensitivity": 0.6878023496890118,
    "specificity": 0.46403242147923,
    "acc": 0.5970624486442071
}