{
    "fbeta-1.0": 0.5278840896664845,
    "neg_prec": 0.45856091189741155,
    "pos_prec": 0.7875113122171946,
    "neg_rec": 0.6219001610305959,
    "pos_rec": 0.6561604584527221,
    "neg_f": 0.5278840896664845,
    "pos_f": 0.7158604804211912,
    "tn": 1931,
    "fp": 1174,
    "fn": 2280,
    "tp": 4351,
    "sensitivity": 0.6561604584527221,
    "specificity": 0.6219001610305959,
    "acc": 0.6452341824157765
}