{
    "fbeta-1.0": 0.5225296442687747,
    "neg_prec": 0.49649474211316974,
    "pos_prec": 0.7190874259839777,
    "neg_rec": 0.5514460511679644,
    "pos_rec": 0.6724755700325733,
    "neg_f": 0.5225296442687747,
    "pos_f": 0.6950008416091568,
    "tn": 1983,
    "fp": 1613,
    "fn": 2011,
    "tp": 4129,
    "sensitivity": 0.6724755700325733,
    "specificity": 0.5514460511679644,
    "acc": 0.6277732128184059
}