{
    "fbeta-1.0": 0.6678657074340527,
    "neg_prec": 0.6053031949576179,
    "pos_prec": 0.8142161635832522,
    "neg_rec": 0.7448515645894624,
    "pos_rec": 0.6971819242954811,
    "neg_f": 0.6678657074340527,
    "pos_f": 0.7511678045274883,
    "tn": 2785,
    "fp": 954,
    "fn": 1816,
    "tp": 4181,
    "sensitivity": 0.6971819242954811,
    "specificity": 0.7448515645894624,
    "acc": 0.7154889071487264
}