{
    "fbeta-1.0": 0.6225015713387806,
    "neg_prec": 0.5456148082855884,
    "pos_prec": 0.8189688341669873,
    "neg_rec": 0.7246122329528827,
    "pos_rec": 0.6736825447064408,
    "neg_f": 0.6225015713387806,
    "pos_f": 0.7392550143266476,
    "tn": 2476,
    "fp": 941,
    "fn": 2062,
    "tp": 4257,
    "sensitivity": 0.6736825447064408,
    "specificity": 0.7246122329528827,
    "acc": 0.6915571076417419
}