{
    "fbeta-1.0": 0.45786235512948925,
    "neg_prec": 0.38750302736740133,
    "pos_prec": 0.7752808988764045,
    "neg_rec": 0.5594405594405595,
    "pos_rec": 0.6321989528795812,
    "neg_f": 0.45786235512948925,
    "pos_f": 0.6964671953857247,
    "tn": 1600,
    "fp": 1260,
    "fn": 2529,
    "tp": 4347,
    "sensitivity": 0.6321989528795812,
    "specificity": 0.5594405594405595,
    "acc": 0.6108258011503698
}