{
    "fbeta-1.0": 0.546221811947778,
    "neg_prec": 0.5088452088452089,
    "pos_prec": 0.7454994705259442,
    "neg_rec": 0.5895246228294905,
    "pos_rec": 0.6787722963201028,
    "neg_f": 0.546221811947778,
    "pos_f": 0.7105727983850618,
    "tn": 2071,
    "fp": 1442,
    "fn": 1999,
    "tp": 4224,
    "sensitivity": 0.6787722963201028,
    "specificity": 0.5895246228294905,
    "acc": 0.6465694330320461
}