{
    "fbeta-1.0": 0.6439222235476559,
    "neg_prec": 0.6231817132302009,
    "pos_prec": 0.7496762257169288,
    "neg_rec": 0.6660908193484699,
    "pos_rec": 0.712878254750176,
    "neg_f": 0.6439222235476559,
    "pos_f": 0.7308143204977906,
    "tn": 2699,
    "fp": 1353,
    "fn": 1632,
    "tp": 4052,
    "sensitivity": 0.712878254750176,
    "specificity": 0.6660908193484699,
    "acc": 0.6934059161873459
}