{
    "fbeta-1.0": 0.6457409847849527,
    "neg_prec": 0.6126392361900432,
    "pos_prec": 0.765223908562863,
    "neg_rec": 0.6826241134751773,
    "pos_rec": 0.7055977885279889,
    "neg_f": 0.6457409847849527,
    "pos_f": 0.7342022471910111,
    "tn": 2695,
    "fp": 1253,
    "fn": 1704,
    "tp": 4084,
    "sensitivity": 0.7055977885279889,
    "specificity": 0.6826241134751773,
    "acc": 0.6962818405916187
}