{
    "fbeta-1.0": 0.5283877878950187,
    "neg_prec": 0.4844095261478026,
    "pos_prec": 0.7488963446936253,
    "neg_rec": 0.5811487481590575,
    "pos_rec": 0.6688219523734427,
    "neg_f": 0.5283877878950187,
    "pos_f": 0.7065978007330889,
    "tn": 1973,
    "fp": 1422,
    "fn": 2100,
    "tp": 4241,
    "sensitivity": 0.6688219523734427,
    "specificity": 0.5811487481590575,
    "acc": 0.6382497945768283
}