{
    "fbeta-1.0": 0.6685056368433676,
    "neg_prec": 0.5907164052564646,
    "pos_prec": 0.8339976086090076,
    "neg_rec": 0.769889502762431,
    "pos_rec": 0.684270765206017,
    "neg_f": 0.6685056368433676,
    "pos_f": 0.7517513921322077,
    "tn": 2787,
    "fp": 833,
    "fn": 1931,
    "tp": 4185,
    "sensitivity": 0.684270765206017,
    "specificity": 0.769889502762431,
    "acc": 0.7161051766639277
}