{
    "fbeta-1.0": 0.5452044516693759,
    "neg_prec": 0.5416149068322982,
    "pos_prec": 0.6862195762563474,
    "neg_rec": 0.5488418932527693,
    "pos_rec": 0.6799097848716169,
    "neg_f": 0.5452044516693759,
    "pos_f": 0.6830501089324619,
    "tn": 2180,
    "fp": 1792,
    "fn": 1845,
    "tp": 3919,
    "sensitivity": 0.6799097848716169,
    "specificity": 0.5488418932527693,
    "acc": 0.6264379622021364
}