{
    "fbeta-1.0": 0.47895229186155286,
    "neg_prec": 0.4509310518369401,
    "pos_prec": 0.7020131898646303,
    "neg_rec": 0.5106868053576518,
    "pos_rec": 0.6495904930142926,
    "neg_f": 0.47895229186155286,
    "pos_f": 0.6747852197848027,
    "tn": 1792,
    "fp": 1717,
    "fn": 2182,
    "tp": 4045,
    "sensitivity": 0.6495904930142926,
    "specificity": 0.5106868053576518,
    "acc": 0.5995275267050123
}