{
    "fbeta-1.0": 0.576198305299102,
    "neg_prec": 0.5909208819714656,
    "pos_prec": 0.6983506206427478,
    "neg_rec": 0.5621915103652517,
    "pos_rec": 0.7225545390570021,
    "neg_f": 0.576198305299102,
    "pos_f": 0.7102464332036316,
    "tn": 2278,
    "fp": 1774,
    "fn": 1577,
    "tp": 4107,
    "sensitivity": 0.7225545390570021,
    "specificity": 0.5621915103652517,
    "acc": 0.6558134757600658
}