{
    "fbeta-1.0": 0.4712758374910905,
    "neg_prec": 0.38343771746694505,
    "pos_prec": 0.8062672811059908,
    "neg_rec": 0.6113165680473372,
    "pos_rec": 0.6220136518771331,
    "neg_f": 0.4712758374910905,
    "pos_f": 0.7022557598137593,
    "tn": 1653,
    "fp": 1051,
    "fn": 2658,
    "tp": 4374,
    "sensitivity": 0.6220136518771331,
    "specificity": 0.6113165680473372,
    "acc": 0.6190427280197206
}