{
    "fbeta-1.0": 0.5506897013526181,
    "neg_prec": 0.5076543209876543,
    "pos_prec": 0.7606401688357369,
    "neg_rec": 0.6016973953760608,
    "pos_rec": 0.684443741098275,
    "neg_f": 0.5506897013526181,
    "pos_f": 0.7205331112036651,
    "tn": 2056,
    "fp": 1361,
    "fn": 1994,
    "tp": 4325,
    "sensitivity": 0.684443741098275,
    "specificity": 0.6016973953760608,
    "acc": 0.6554026294165982
}