{
    "fbeta-1.0": 0.5366049879324216,
    "neg_prec": 0.4107142857142857,
    "pos_prec": 0.8797286184210527,
    "neg_rec": 0.7737819025522041,
    "pos_rec": 0.5984615384615385,
    "neg_f": 0.5366049879324216,
    "pos_f": 0.7123356084568006,
    "tn": 2001,
    "fp": 585,
    "fn": 2871,
    "tp": 4279,
    "sensitivity": 0.5984615384615385,
    "specificity": 0.7737819025522041,
    "acc": 0.6450287592440427
}