{
    "fbeta-1.0": 0.6219948849104859,
    "neg_prec": 0.5646621778500116,
    "pos_prec": 0.8008841407257322,
    "neg_rec": 0.6922857956162823,
    "pos_rec": 0.6986983769885907,
    "neg_f": 0.6219948849104859,
    "pos_f": 0.746309646412633,
    "tn": 2432,
    "fp": 1081,
    "fn": 1875,
    "tp": 4348,
    "sensitivity": 0.6986983769885907,
    "specificity": 0.6922857956162823,
    "acc": 0.6963845521774856
}