{
    "fbeta-1.0": 0.49974358974358973,
    "neg_prec": 0.5200106723585912,
    "pos_prec": 0.6487975951903807,
    "neg_rec": 0.4809970384995064,
    "pos_rec": 0.6834975369458128,
    "neg_f": 0.49974358974358973,
    "pos_f": 0.6656956819739547,
    "tn": 1949,
    "fp": 2103,
    "fn": 1799,
    "tp": 3885,
    "sensitivity": 0.6834975369458128,
    "specificity": 0.4809970384995064,
    "acc": 0.5992193919474117
}