{
    "fbeta-1.0": 0.45857535921736475,
    "neg_prec": 0.37917087967644086,
    "pos_prec": 0.8121107266435986,
    "neg_rec": 0.580046403712297,
    "pos_rec": 0.6565034965034965,
    "neg_f": 0.45857535921736475,
    "pos_f": 0.7260634184068059,
    "tn": 1500,
    "fp": 1086,
    "fn": 2456,
    "tp": 4694,
    "sensitivity": 0.6565034965034965,
    "specificity": 0.580046403712297,
    "acc": 0.6361955628594905
}