{
    "fbeta-1.0": 0.625811283075387,
    "neg_prec": 0.565658844765343,
    "pos_prec": 0.7976998491704375,
    "neg_rec": 0.7002793296089386,
    "pos_rec": 0.6872969460688759,
    "neg_f": 0.625811283075387,
    "pos_f": 0.7383944153577662,
    "tn": 2507,
    "fp": 1073,
    "fn": 1925,
    "tp": 4231,
    "sensitivity": 0.6872969460688759,
    "specificity": 0.7002793296089386,
    "acc": 0.6920706655710764
}