{
    "fbeta-1.0": 0.6619047619047619,
    "neg_prec": 0.5767634854771784,
    "pos_prec": 0.8372660699755899,
    "neg_rec": 0.776536312849162,
    "pos_rec": 0.6686159844054581,
    "neg_f": 0.6619047619047619,
    "pos_f": 0.7434971098265897,
    "tn": 2780,
    "fp": 800,
    "fn": 2040,
    "tp": 4116,
    "sensitivity": 0.6686159844054581,
    "specificity": 0.776536312849162,
    "acc": 0.7082990961380444
}