{
    "fbeta-1.0": 0.6361298224127373,
    "neg_prec": 0.5908987485779295,
    "pos_prec": 0.7803782063284029,
    "neg_rec": 0.6888594164456233,
    "pos_rec": 0.6986255447536037,
    "neg_f": 0.6361298224127373,
    "pos_f": 0.7372424162023525,
    "tn": 2597,
    "fp": 1173,
    "fn": 1798,
    "tp": 4168,
    "sensitivity": 0.6986255447536037,
    "specificity": 0.6888594164456233,
    "acc": 0.6948438783894824
}