{
    "fbeta-1.0": 0.4653179190751445,
    "neg_prec": 0.4354561101549053,
    "pos_prec": 0.6870700299876521,
    "neg_rec": 0.4995768688293371,
    "pos_rec": 0.6291390728476821,
    "neg_f": 0.4653179190751445,
    "pos_f": 0.6568296795952782,
    "tn": 1771,
    "fp": 1774,
    "fn": 2296,
    "tp": 3895,
    "sensitivity": 0.6291390728476821,
    "specificity": 0.4995768688293371,
    "acc": 0.5819638455217748
}