{
    "fbeta-1.0": 0.5065535851966074,
    "neg_prec": 0.49127617148554337,
    "pos_prec": 0.6857092941998603,
    "neg_rec": 0.5228116710875331,
    "pos_rec": 0.6578947368421053,
    "neg_f": 0.5065535851966074,
    "pos_f": 0.6715141146278872,
    "tn": 1971,
    "fp": 1799,
    "fn": 2041,
    "tp": 3925,
    "sensitivity": 0.6578947368421053,
    "specificity": 0.5228116710875331,
    "acc": 0.6055875102711585
}