{
    "fbeta-1.0": 0.507627227278554,
    "neg_prec": 0.49302788844621515,
    "pos_prec": 0.6844405594405595,
    "neg_rec": 0.523117569352708,
    "pos_rec": 0.6578726264493362,
    "neg_f": 0.507627227278554,
    "pos_f": 0.6708936680661468,
    "tn": 1980,
    "fp": 1805,
    "fn": 2036,
    "tp": 3915,
    "sensitivity": 0.6578726264493362,
    "specificity": 0.523117569352708,
    "acc": 0.6054847986852917
}