{
    "fbeta-1.0": 0.529374283165541,
    "neg_prec": 0.5472990777338603,
    "pos_prec": 0.6675643831004882,
    "neg_rec": 0.5125863770977295,
    "pos_rec": 0.6977480647431387,
    "neg_f": 0.529374283165541,
    "pos_f": 0.6823225806451613,
    "tn": 2077,
    "fp": 1975,
    "fn": 1718,
    "tp": 3966,
    "sensitivity": 0.6977480647431387,
    "specificity": 0.5125863770977295,
    "acc": 0.6206861133935908
}