{
    "fbeta-1.0": 0.5766113469702817,
    "neg_prec": 0.44209903333990924,
    "pos_prec": 0.900792800514249,
    "neg_rec": 0.8287721893491125,
    "pos_rec": 0.5978384527872582,
    "neg_f": 0.5766113469702817,
    "pos_f": 0.7186939054620053,
    "tn": 2241,
    "fp": 463,
    "fn": 2828,
    "tp": 4204,
    "sensitivity": 0.5978384527872582,
    "specificity": 0.8287721893491125,
    "acc": 0.6619761709120788
}