{
    "fbeta-1.0": 0.5628592851787053,
    "neg_prec": 0.564835716077251,
    "pos_prec": 0.6933379718211863,
    "neg_rec": 0.5608966376089664,
    "pos_rec": 0.6967313406747072,
    "neg_f": 0.5628592851787053,
    "pos_f": 0.695030514385353,
    "tn": 2252,
    "fp": 1763,
    "fn": 1735,
    "tp": 3986,
    "sensitivity": 0.6967313406747072,
    "specificity": 0.5608966376089664,
    "acc": 0.6407148726376335
}