{
    "fbeta-1.0": 0.5531356599317764,
    "neg_prec": 0.428629524196828,
    "pos_prec": 0.8762972187629722,
    "neg_rec": 0.7795857988165681,
    "pos_rec": 0.6003981797497155,
    "neg_f": 0.5531356599317764,
    "pos_f": 0.7125738396624473,
    "tn": 2108,
    "fp": 596,
    "fn": 2810,
    "tp": 4222,
    "sensitivity": 0.6003981797497155,
    "specificity": 0.7795857988165681,
    "acc": 0.650164338537387
}