{
    "fbeta-1.0": 0.4390099303394101,
    "neg_prec": 0.3559240567171353,
    "pos_prec": 0.8017937219730942,
    "neg_rec": 0.5726991492652745,
    "pos_rec": 0.6251748251748251,
    "neg_f": 0.4390099303394101,
    "pos_f": 0.7025540275049115,
    "tn": 1481,
    "fp": 1105,
    "fn": 2680,
    "tp": 4470,
    "sensitivity": 0.6251748251748251,
    "specificity": 0.5726991492652745,
    "acc": 0.6112366474938373
}