{
    "fbeta-1.0": 0.6343837449811413,
    "neg_prec": 0.6189458689458689,
    "pos_prec": 0.7465604634322954,
    "neg_rec": 0.6506114299975043,
    "pos_rec": 0.7198463955315064,
    "neg_f": 0.6343837449811413,
    "pos_f": 0.7329600995290144,
    "tn": 2607,
    "fp": 1400,
    "fn": 1605,
    "tp": 4124,
    "sensitivity": 0.7198463955315064,
    "specificity": 0.6506114299975043,
    "acc": 0.6913516844700082
}