{
    "fbeta-1.0": 0.5103169251517194,
    "neg_prec": 0.48438300051203276,
    "pos_prec": 0.7226415094339622,
    "neg_rec": 0.5391849529780565,
    "pos_rec": 0.676569776778545,
    "neg_f": 0.5103169251517194,
    "pos_f": 0.698847142738658,
    "tn": 1892,
    "fp": 1617,
    "fn": 2014,
    "tp": 4213,
    "sensitivity": 0.676569776778545,
    "specificity": 0.5391849529780565,
    "acc": 0.6270542317173378
}