{
    "fbeta-1.0": 0.5091812784757697,
    "neg_prec": 0.45307125307125307,
    "pos_prec": 0.7654429932933287,
    "neg_rec": 0.5811534825086668,
    "pos_rec": 0.6608258418406217,
    "neg_f": 0.5091812784757697,
    "pos_f": 0.7092975713467985,
    "tn": 1844,
    "fp": 1329,
    "fn": 2226,
    "tp": 4337,
    "sensitivity": 0.6608258418406217,
    "specificity": 0.5811534825086668,
    "acc": 0.634860312243221
}