{
    "fbeta-1.0": 0.5286124902012019,
    "neg_prec": 0.49233390119250425,
    "pos_prec": 0.729518393460103,
    "neg_rec": 0.5706629055007052,
    "pos_rec": 0.6630592795994185,
    "neg_f": 0.5286124902012019,
    "pos_f": 0.6947029954306988,
    "tn": 2023,
    "fp": 1522,
    "fn": 2086,
    "tp": 4105,
    "sensitivity": 0.6630592795994185,
    "specificity": 0.5706629055007052,
    "acc": 0.6294165981922761
}