{
    "fbeta-1.0": 0.5618998183233843,
    "neg_prec": 0.5267639902676399,
    "pos_prec": 0.7456452186277995,
    "neg_rec": 0.6020578420467185,
    "pos_rec": 0.6832247557003257,
    "neg_f": 0.5618998183233843,
    "pos_f": 0.7130715621281659,
    "tn": 2165,
    "fp": 1431,
    "fn": 1945,
    "tp": 4195,
    "sensitivity": 0.6832247557003257,
    "specificity": 0.6020578420467185,
    "acc": 0.6532456861133936
}