{
    "fbeta-1.0": 0.4840411500923239,
    "neg_prec": 0.47749154306531355,
    "pos_prec": 0.6769048023078228,
    "neg_rec": 0.490772933939556,
    "pos_rec": 0.665165916291479,
    "neg_f": 0.4840411500923239,
    "pos_f": 0.6709840201850293,
    "tn": 1835,
    "fp": 1904,
    "fn": 2008,
    "tp": 3989,
    "sensitivity": 0.665165916291479,
    "specificity": 0.490772933939556,
    "acc": 0.5981922760887428
}