{
    "fbeta-1.0": 0.6419047619047619,
    "neg_prec": 0.5846887876816309,
    "pos_prec": 0.7867317073170732,
    "neg_rec": 0.7115333861177091,
    "pos_rec": 0.6779889019673785,
    "neg_f": 0.6419047619047619,
    "pos_f": 0.7283236994219654,
    "tn": 2696,
    "fp": 1093,
    "fn": 1915,
    "tp": 4032,
    "sensitivity": 0.6779889019673785,
    "specificity": 0.7115333861177091,
    "acc": 0.6910435497124076
}