{
    "fbeta-1.0": 0.5568596765779864,
    "neg_prec": 0.5222602739726028,
    "pos_prec": 0.744157223796034,
    "neg_rec": 0.5963687150837989,
    "pos_rec": 0.6827485380116959,
    "neg_f": 0.5568596765779864,
    "pos_f": 0.7121314808539478,
    "tn": 2135,
    "fp": 1445,
    "fn": 1953,
    "tp": 4203,
    "sensitivity": 0.6827485380116959,
    "specificity": 0.5963687150837989,
    "acc": 0.6509860312243221
}