{
    "fbeta-1.0": 0.42141061659027057,
    "neg_prec": 0.3411539382331817,
    "pos_prec": 0.7911494873178629,
    "neg_rec": 0.5510440835266821,
    "pos_rec": 0.6151048951048951,
    "neg_f": 0.42141061659027057,
    "pos_f": 0.692107954992525,
    "tn": 1425,
    "fp": 1161,
    "fn": 2752,
    "tp": 4398,
    "sensitivity": 0.6151048951048951,
    "specificity": 0.5510440835266821,
    "acc": 0.5980895645028759
}