{
    "fbeta-1.0": 0.6445075991597677,
    "neg_prec": 0.6053853296193129,
    "pos_prec": 0.7831613854089904,
    "neg_rec": 0.6890356671070014,
    "pos_rec": 0.7143337254242984,
    "neg_f": 0.6445075991597677,
    "pos_f": 0.7471658317954125,
    "tn": 2608,
    "fp": 1177,
    "fn": 1700,
    "tp": 4251,
    "sensitivity": 0.7143337254242984,
    "specificity": 0.6890356671070014,
    "acc": 0.7044987674609696
}