{
    "fbeta-1.0": 0.4940551126031613,
    "neg_prec": 0.43669634025717113,
    "pos_prec": 0.7647575544624033,
    "neg_rec": 0.5687600644122384,
    "pos_rec": 0.6564620720856583,
    "neg_f": 0.4940551126031613,
    "pos_f": 0.7064838107603668,
    "tn": 1766,
    "fp": 1339,
    "fn": 2278,
    "tp": 4353,
    "sensitivity": 0.6564620720856583,
    "specificity": 0.5687600644122384,
    "acc": 0.6284921939194741
}