{
    "fbeta-1.0": 0.4599673202614379,
    "neg_prec": 0.40493886358187486,
    "pos_prec": 0.7333333333333333,
    "neg_rec": 0.53230381342578,
    "pos_rec": 0.6218192899588603,
    "neg_f": 0.4599673202614379,
    "pos_f": 0.6729881266490765,
    "tn": 1689,
    "fp": 1484,
    "fn": 2482,
    "tp": 4081,
    "sensitivity": 0.6218192899588603,
    "specificity": 0.53230381342578,
    "acc": 0.592645850451931
}