{
    "fbeta-1.0": 0.5708566853482786,
    "neg_prec": 0.48602590320381733,
    "pos_prec": 0.8211808809746954,
    "neg_rec": 0.6915615906886518,
    "pos_rec": 0.6594911937377691,
    "neg_f": 0.5708566853482786,
    "pos_f": 0.73150776423443,
    "tn": 2139,
    "fp": 954,
    "fn": 2262,
    "tp": 4381,
    "sensitivity": 0.6594911937377691,
    "specificity": 0.6915615906886518,
    "acc": 0.6696795398520953
}