{
    "fbeta-1.0": 0.49712793733681454,
    "neg_prec": 0.508411214953271,
    "pos_prec": 0.6643298280754465,
    "neg_rec": 0.4863346104725415,
    "pos_rec": 0.6837313176430166,
    "neg_f": 0.49712793733681454,
    "pos_f": 0.6738909583474434,
    "tn": 1904,
    "fp": 2011,
    "fn": 1841,
    "tp": 3980,
    "sensitivity": 0.6837313176430166,
    "specificity": 0.4863346104725415,
    "acc": 0.604354971240756
}