{
    "fbeta-1.0": 0.617224880382775,
    "neg_prec": 0.5067190407277238,
    "pos_prec": 0.8665033680342927,
    "neg_rec": 0.7893719806763285,
    "pos_rec": 0.640174935907103,
    "neg_f": 0.617224880382775,
    "pos_f": 0.7363399826539463,
    "tn": 2451,
    "fp": 654,
    "fn": 2386,
    "tp": 4245,
    "sensitivity": 0.640174935907103,
    "specificity": 0.7893719806763285,
    "acc": 0.6877567789646672
}