{
    "fbeta-1.0": 0.5591286307053942,
    "neg_prec": 0.5318204242723237,
    "pos_prec": 0.7356564589933122,
    "neg_rec": 0.5893931109896118,
    "pos_rec": 0.6877262257321487,
    "neg_f": 0.5591286307053942,
    "pos_f": 0.7108843537414966,
    "tn": 2156,
    "fp": 1502,
    "fn": 1898,
    "tp": 4180,
    "sensitivity": 0.6877262257321487,
    "specificity": 0.5893931109896118,
    "acc": 0.6507806080525883
}