{
    "fbeta-1.0": 0.5996636916310956,
    "neg_prec": 0.5085563843791137,
    "pos_prec": 0.8348783314020858,
    "neg_rec": 0.7305389221556886,
    "pos_rec": 0.6586926710345878,
    "neg_f": 0.5996636916310956,
    "pos_f": 0.7363938335746528,
    "tn": 2318,
    "fp": 855,
    "fn": 2240,
    "tp": 4323,
    "sensitivity": 0.6586926710345878,
    "specificity": 0.7305389221556886,
    "acc": 0.6821076417419885
}