{
    "fbeta-1.0": 0.4952890247007894,
    "neg_prec": 0.5010303967027305,
    "pos_prec": 0.6537410317731466,
    "neg_rec": 0.48967774420946625,
    "pos_rec": 0.6639486467730743,
    "neg_f": 0.4952890247007894,
    "pos_f": 0.6588053021174041,
    "tn": 1945,
    "fp": 2027,
    "fn": 1937,
    "tp": 3827,
    "sensitivity": 0.6639486467730743,
    "specificity": 0.48967774420946625,
    "acc": 0.5928512736236647
}