{
    "fbeta-1.0": 0.610718139311833,
    "neg_prec": 0.5829709315632868,
    "pos_prec": 0.7344885410844046,
    "neg_rec": 0.6412386706948641,
    "pos_rec": 0.6839000693962526,
    "neg_f": 0.610718139311833,
    "pos_f": 0.7082921570389004,
    "tn": 2547,
    "fp": 1425,
    "fn": 1822,
    "tp": 3942,
    "sensitivity": 0.6839000693962526,
    "specificity": 0.6412386706948641,
    "acc": 0.6664954806902219
}