{
    "fbeta-1.0": 0.46930611118775006,
    "neg_prec": 0.4413596263622211,
    "pos_prec": 0.7120027201632098,
    "neg_rec": 0.5010309278350515,
    "pos_rec": 0.6604636492666772,
    "neg_f": 0.46930611118775006,
    "pos_f": 0.6852654831056206,
    "tn": 1701,
    "fp": 1694,
    "fn": 2153,
    "tp": 4188,
    "sensitivity": 0.6604636492666772,
    "specificity": 0.5010309278350515,
    "acc": 0.6048685291700904
}