{
    "fbeta-1.0": 0.44479315263908703,
    "neg_prec": 0.36205294937296795,
    "pos_prec": 0.7891344383057091,
    "neg_rec": 0.5765532544378699,
    "pos_rec": 0.6093572241183163,
    "neg_f": 0.44479315263908703,
    "pos_f": 0.6876905793612582,
    "tn": 1559,
    "fp": 1145,
    "fn": 2747,
    "tp": 4285,
    "sensitivity": 0.6093572241183163,
    "specificity": 0.5765532544378699,
    "acc": 0.6002465078060806
}