{
    "fbeta-1.0": 0.5297595585337013,
    "neg_prec": 0.47124824684431976,
    "pos_prec": 0.7587028215463539,
    "neg_rec": 0.6048604860486049,
    "pos_rec": 0.6467280962049039,
    "neg_f": 0.5297595585337013,
    "pos_f": 0.698254784588146,
    "tn": 2016,
    "fp": 1317,
    "fn": 2262,
    "tp": 4141,
    "sensitivity": 0.6467280962049039,
    "specificity": 0.6048604860486049,
    "acc": 0.6323952341824157
}