{
    "fbeta-1.0": 0.5508496732026145,
    "neg_prec": 0.569151809832523,
    "pos_prec": 0.6948955916473318,
    "neg_rec": 0.5336879432624113,
    "pos_rec": 0.7244298548721493,
    "neg_f": 0.5508496732026145,
    "pos_f": 0.7093554390120115,
    "tn": 2107,
    "fp": 1841,
    "fn": 1595,
    "tp": 4193,
    "sensitivity": 0.7244298548721493,
    "specificity": 0.5336879432624113,
    "acc": 0.6470829909613804
}