{
    "fbeta-1.0": 0.5885779409902495,
    "neg_prec": 0.50920245398773,
    "pos_prec": 0.8049110595514308,
    "neg_rec": 0.6972697269726973,
    "pos_rec": 0.6501639856317352,
    "neg_f": 0.5885779409902495,
    "pos_f": 0.7193088552915767,
    "tn": 2324,
    "fp": 1009,
    "fn": 2240,
    "tp": 4163,
    "sensitivity": 0.6501639856317352,
    "specificity": 0.6972697269726973,
    "acc": 0.6662900575184881
}