{
    "fbeta-1.0": 0.637924908207983,
    "neg_prec": 0.594743816254417,
    "pos_prec": 0.7653609831029186,
    "neg_rec": 0.6878671775223499,
    "pos_rec": 0.6847620683731318,
    "neg_f": 0.637924908207983,
    "pos_f": 0.7228216520083417,
    "tn": 2693,
    "fp": 1222,
    "fn": 1835,
    "tp": 3986,
    "sensitivity": 0.6847620683731318,
    "specificity": 0.6878671775223499,
    "acc": 0.6860106820049302
}