{
    "fbeta-1.0": 0.4868438450350391,
    "neg_prec": 0.46407864885303757,
    "pos_prec": 0.6957878315132605,
    "neg_rec": 0.5119577308120133,
    "pos_rec": 0.6537459283387622,
    "neg_f": 0.4868438450350391,
    "pos_f": 0.6741120161222605,
    "tn": 1841,
    "fp": 1755,
    "fn": 2126,
    "tp": 4014,
    "sensitivity": 0.6537459283387622,
    "specificity": 0.5119577308120133,
    "acc": 0.6013763352506163
}