{
    "fbeta-1.0": 0.5660668380462724,
    "neg_prec": 0.5293269230769231,
    "pos_prec": 0.7456958393113343,
    "neg_rec": 0.6082872928176796,
    "pos_rec": 0.6798561151079137,
    "neg_f": 0.5660668380462724,
    "pos_f": 0.7112555593568252,
    "tn": 2202,
    "fp": 1418,
    "fn": 1958,
    "tp": 4158,
    "sensitivity": 0.6798561151079137,
    "specificity": 0.6082872928176796,
    "acc": 0.6532456861133936
}