{
    "fbeta-1.0": 0.6528081692195478,
    "neg_prec": 0.5801642178046672,
    "pos_prec": 0.8212607674236492,
    "neg_rec": 0.7462479155086159,
    "pos_rec": 0.6834473769957641,
    "neg_f": 0.6528081692195478,
    "pos_f": 0.7460430375244531,
    "tn": 2685,
    "fp": 913,
    "fn": 1943,
    "tp": 4195,
    "sensitivity": 0.6834473769957641,
    "specificity": 0.7462479155086159,
    "acc": 0.7066557107641742
}