{
    "fbeta-1.0": 0.636698599852616,
    "neg_prec": 0.5460290709922057,
    "pos_prec": 0.8390459009821608,
    "neg_rec": 0.7634756995581737,
    "pos_rec": 0.6601482416022709,
    "neg_f": 0.636698599852616,
    "pos_f": 0.7389232127096205,
    "tn": 2592,
    "fp": 803,
    "fn": 2155,
    "tp": 4186,
    "sensitivity": 0.6601482416022709,
    "specificity": 0.7634756995581737,
    "acc": 0.6961791290057519
}