{
    "fbeta-1.0": 0.639432896792022,
    "neg_prec": 0.5569275847634994,
    "pos_prec": 0.8217022993142397,
    "neg_rec": 0.7506346967559944,
    "pos_rec": 0.658052010983686,
    "neg_f": 0.639432896792022,
    "pos_f": 0.7308278769396358,
    "tn": 2661,
    "fp": 884,
    "fn": 2117,
    "tp": 4074,
    "sensitivity": 0.658052010983686,
    "specificity": 0.7506346967559944,
    "acc": 0.6917625308134757
}