{
    "fbeta-1.0": 0.4803908622738676,
    "neg_prec": 0.46015684290412345,
    "pos_prec": 0.6885699463946049,
    "neg_rec": 0.5024861878453039,
    "pos_rec": 0.6510791366906474,
    "neg_f": 0.4803908622738676,
    "pos_f": 0.669299941171527,
    "tn": 1819,
    "fp": 1801,
    "fn": 2134,
    "tp": 3982,
    "sensitivity": 0.6510791366906474,
    "specificity": 0.5024861878453039,
    "acc": 0.5958299096138044
}