{
    "fbeta-1.0": 0.5406177004931222,
    "neg_prec": 0.5312420300943637,
    "pos_prec": 0.7073086844368014,
    "neg_rec": 0.550330250990753,
    "pos_rec": 0.6911443454881533,
    "neg_f": 0.5406177004931222,
    "pos_f": 0.6991330953595105,
    "tn": 2083,
    "fp": 1702,
    "fn": 1838,
    "tp": 4113,
    "sensitivity": 0.6911443454881533,
    "specificity": 0.550330250990753,
    "acc": 0.6364009860312243
}