{
    "fbeta-1.0": 0.5069199457259159,
    "neg_prec": 0.48431423386051337,
    "pos_prec": 0.7201905085898962,
    "neg_rec": 0.5317392541986906,
    "pos_rec": 0.680379238309497,
    "neg_f": 0.5069199457259159,
    "pos_f": 0.6997190547017021,
    "tn": 1868,
    "fp": 1645,
    "fn": 1989,
    "tp": 4234,
    "sensitivity": 0.680379238309497,
    "specificity": 0.5317392541986906,
    "acc": 0.626746096959737
}