{
    "fbeta-1.0": 0.5168012503256056,
    "neg_prec": 0.5404521928629801,
    "pos_prec": 0.6664468260511129,
    "neg_rec": 0.4951335163463938,
    "pos_rec": 0.7055332518764182,
    "neg_f": 0.5168012503256056,
    "pos_f": 0.6854332711548244,
    "tn": 1984,
    "fp": 2023,
    "fn": 1687,
    "tp": 4042,
    "sensitivity": 0.7055332518764182,
    "specificity": 0.4951335163463938,
    "acc": 0.6189400164338538
}