{
    "fbeta-1.0": 0.6399515738498789,
    "neg_prec": 0.5563039360134708,
    "pos_prec": 0.8262788365095286,
    "neg_rec": 0.7532060416072955,
    "pos_rec": 0.6614742251485467,
    "neg_f": 0.6399515738498789,
    "pos_f": 0.7347484837673922,
    "tn": 2643,
    "fp": 866,
    "fn": 2108,
    "tp": 4119,
    "sensitivity": 0.6614742251485467,
    "specificity": 0.7532060416072955,
    "acc": 0.6945357436318816
}