{
    "fbeta-1.0": 0.6105817452357071,
    "neg_prec": 0.6045183714001986,
    "pos_prec": 0.7349334267694464,
    "neg_rec": 0.6167679837892603,
    "pos_rec": 0.724775397373877,
    "neg_f": 0.6105817452357071,
    "pos_f": 0.7298190675017397,
    "tn": 2435,
    "fp": 1513,
    "fn": 1593,
    "tp": 4195,
    "sensitivity": 0.724775397373877,
    "specificity": 0.6167679837892603,
    "acc": 0.6809778142974527
}