{
    "fbeta-1.0": 0.5118949958982772,
    "neg_prec": 0.42029636281993715,
    "pos_prec": 0.8129496402877698,
    "neg_rec": 0.6545454545454545,
    "pos_rec": 0.6244909831297266,
    "neg_f": 0.5118949958982772,
    "pos_f": 0.706366178647804,
    "tn": 1872,
    "fp": 988,
    "fn": 2582,
    "tp": 4294,
    "sensitivity": 0.6244909831297266,
    "specificity": 0.6545454545454545,
    "acc": 0.6333196384552178
}