{
    "fbeta-1.0": 0.5870010235414534,
    "neg_prec": 0.4857082362904933,
    "pos_prec": 0.8406144025533613,
    "neg_rec": 0.7416747494342063,
    "pos_rec": 0.6343519494204426,
    "neg_f": 0.5870010235414534,
    "pos_f": 0.7230610844200412,
    "tn": 2294,
    "fp": 799,
    "fn": 2429,
    "tp": 4214,
    "sensitivity": 0.6343519494204426,
    "specificity": 0.7416747494342063,
    "acc": 0.6684470008216927
}