{
    "fbeta-1.0": 0.6058736426456072,
    "neg_prec": 0.5860587252327525,
    "pos_prec": 0.7367946637822246,
    "neg_rec": 0.6270753512132823,
    "pos_rec": 0.7021130389967359,
    "neg_f": 0.6058736426456072,
    "pos_f": 0.7190358902181562,
    "tn": 2455,
    "fp": 1460,
    "fn": 1734,
    "tp": 4087,
    "sensitivity": 0.7021130389967359,
    "specificity": 0.6270753512132823,
    "acc": 0.6719391947411668
}