{
    "fbeta-1.0": 0.4993313720246055,
    "neg_prec": 0.49641052911459715,
    "pos_prec": 0.6903765690376569,
    "neg_rec": 0.5022867904223837,
    "pos_rec": 0.6853297890014952,
    "neg_f": 0.4993313720246055,
    "pos_f": 0.6878439219609804,
    "tn": 1867,
    "fp": 1850,
    "fn": 1894,
    "tp": 4125,
    "sensitivity": 0.6853297890014952,
    "specificity": 0.5022867904223837,
    "acc": 0.6154478225143796
}