{
    "fbeta-1.0": 0.5412251227707418,
    "neg_prec": 0.5097370983446933,
    "pos_prec": 0.7270788912579957,
    "neg_rec": 0.5768595041322314,
    "pos_rec": 0.6701604978709466,
    "neg_f": 0.5412251227707418,
    "pos_f": 0.6974603715697972,
    "tn": 2094,
    "fp": 1536,
    "fn": 2014,
    "tp": 4092,
    "sensitivity": 0.6701604978709466,
    "specificity": 0.5768595041322314,
    "acc": 0.6353738701725554
}