{
    "fbeta-1.0": 0.5132213104077114,
    "neg_prec": 0.4855804781858516,
    "pos_prec": 0.7094558901215002,
    "neg_rec": 0.5441988950276243,
    "pos_rec": 0.6587638979725311,
    "neg_f": 0.5132213104077114,
    "pos_f": 0.6831708350996185,
    "tn": 1970,
    "fp": 1650,
    "fn": 2087,
    "tp": 4029,
    "sensitivity": 0.6587638979725311,
    "specificity": 0.5441988950276243,
    "acc": 0.6161668036154478
}