{
    "fbeta-1.0": 0.6830336560627017,
    "neg_prec": 0.6407871972318339,
    "pos_prec": 0.7869718309859155,
    "neg_rec": 0.731243830207305,
    "pos_rec": 0.7077762139338494,
    "neg_f": 0.6830336560627017,
    "pos_f": 0.7452760281585774,
    "tn": 2963,
    "fp": 1089,
    "fn": 1661,
    "tp": 4023,
    "sensitivity": 0.7077762139338494,
    "specificity": 0.731243830207305,
    "acc": 0.7175431388660641
}