{
    "fbeta-1.0": 0.6790740956147493,
    "neg_prec": 0.6047234307022996,
    "pos_prec": 0.8266449378692198,
    "neg_rec": 0.7742705570291777,
    "pos_rec": 0.6801877304726786,
    "neg_f": 0.6790740956147493,
    "pos_f": 0.7462988505747126,
    "tn": 2919,
    "fp": 851,
    "fn": 1908,
    "tp": 4058,
    "sensitivity": 0.6801877304726786,
    "specificity": 0.7742705570291777,
    "acc": 0.7166187345932621
}