{
    "fbeta-1.0": 0.5359361135758651,
    "neg_prec": 0.5319577252138903,
    "pos_prec": 0.6874349184311003,
    "neg_rec": 0.5399744572158365,
    "pos_rec": 0.6804672736643188,
    "neg_f": 0.5359361135758651,
    "pos_f": 0.6839333506000173,
    "tn": 2114,
    "fp": 1801,
    "fn": 1860,
    "tp": 3961,
    "sensitivity": 0.6804672736643188,
    "specificity": 0.5399744572158365,
    "acc": 0.6239728841413311
}