{
    "fbeta-1.0": 0.6503931463443258,
    "neg_prec": 0.609144867003737,
    "pos_prec": 0.7684596105648738,
    "neg_rec": 0.6976334340382678,
    "pos_rec": 0.6915336571825121,
    "neg_f": 0.6503931463443258,
    "pos_f": 0.7279700483974066,
    "tn": 2771,
    "fp": 1201,
    "fn": 1778,
    "tp": 3986,
    "sensitivity": 0.6915336571825121,
    "specificity": 0.6976334340382678,
    "acc": 0.6940221857025473
}