{
    "fbeta-1.0": 0.5594534226777034,
    "neg_prec": 0.5907325194228635,
    "pos_prec": 0.6937377690802349,
    "neg_rec": 0.5313201896680808,
    "pos_rec": 0.7425379647407925,
    "neg_f": 0.5594534226777034,
    "pos_f": 0.7173088272489673,
    "tn": 2129,
    "fp": 1878,
    "fn": 1475,
    "tp": 4254,
    "sensitivity": 0.7425379647407925,
    "specificity": 0.5313201896680808,
    "acc": 0.655608052588332
}