{
    "fbeta-1.0": 0.5167091665548248,
    "neg_prec": 0.5075138412865805,
    "pos_prec": 0.7083964327780582,
    "neg_rec": 0.5262438490978677,
    "pos_rec": 0.6926620598881211,
    "neg_f": 0.5167091665548248,
    "pos_f": 0.7004408951002412,
    "tn": 1925,
    "fp": 1733,
    "fn": 1868,
    "tp": 4210,
    "sensitivity": 0.6926620598881211,
    "specificity": 0.5262438490978677,
    "acc": 0.6301355792933443
}