{
    "fbeta-1.0": 0.5114693931052562,
    "neg_prec": 0.487871967991998,
    "pos_prec": 0.7073383301377026,
    "neg_rec": 0.537465564738292,
    "pos_rec": 0.6645922043891255,
    "neg_f": 0.5114693931052562,
    "pos_f": 0.685299332939289,
    "tn": 1951,
    "fp": 1679,
    "fn": 2048,
    "tp": 4058,
    "sensitivity": 0.6645922043891255,
    "specificity": 0.537465564738292,
    "acc": 0.6171939194741167
}