{
    "fbeta-1.0": 0.4686863197935064,
    "neg_prec": 0.45841084241296837,
    "pos_prec": 0.6864222333835593,
    "neg_rec": 0.4794330183435242,
    "pos_rec": 0.6679700228087325,
    "neg_f": 0.4686863197935064,
    "pos_f": 0.6770704318388243,
    "tn": 1725,
    "fp": 1873,
    "fn": 2038,
    "tp": 4100,
    "sensitivity": 0.6679700228087325,
    "specificity": 0.4794330183435242,
    "acc": 0.5982949876746096
}