{
    "fbeta-1.0": 0.5648738210553148,
    "neg_prec": 0.5456784043339079,
    "pos_prec": 0.7235242290748899,
    "neg_rec": 0.5854689564068692,
    "pos_rec": 0.6899680725928415,
    "neg_f": 0.5648738210553148,
    "pos_f": 0.7063478410459315,
    "tn": 2216,
    "fp": 1569,
    "fn": 1845,
    "tp": 4106,
    "sensitivity": 0.6899680725928415,
    "specificity": 0.5854689564068692,
    "acc": 0.649342645850452
}