{
    "fbeta-1.0": 0.6013827781269642,
    "neg_prec": 0.5424036281179139,
    "pos_prec": 0.7835148328952309,
    "neg_rec": 0.6747531734837799,
    "pos_rec": 0.6740429655952188,
    "neg_f": 0.6013827781269642,
    "pos_f": 0.7246678822610054,
    "tn": 2392,
    "fp": 1153,
    "fn": 2018,
    "tp": 4173,
    "sensitivity": 0.6740429655952188,
    "specificity": 0.6747531734837799,
    "acc": 0.6743015612161052
}