{
    "fbeta-1.0": 0.4916815971333504,
    "neg_prec": 0.5056593840484338,
    "pos_prec": 0.6472966144517434,
    "neg_rec": 0.4784557907845579,
    "pos_rec": 0.6717357105401154,
    "neg_f": 0.4916815971333504,
    "pos_f": 0.6592897581060216,
    "tn": 1921,
    "fp": 2094,
    "fn": 1878,
    "tp": 3843,
    "sensitivity": 0.6717357105401154,
    "specificity": 0.4784557907845579,
    "acc": 0.5920295809367296
}