{
    "fbeta-1.0": 0.6589511754068715,
    "neg_prec": 0.5715181932245922,
    "pos_prec": 0.8425514735567219,
    "neg_rec": 0.7779675491033304,
    "pos_rec": 0.670737586373132,
    "neg_f": 0.6589511754068715,
    "pos_f": 0.7468909367451017,
    "tn": 2733,
    "fp": 780,
    "fn": 2049,
    "tp": 4174,
    "sensitivity": 0.670737586373132,
    "specificity": 0.7779675491033304,
    "acc": 0.7094289235825801
}