{
    "fbeta-1.0": 0.5875808538163001,
    "neg_prec": 0.49102702702702705,
    "pos_prec": 0.8368225396204265,
    "neg_rec": 0.7314009661835749,
    "pos_rec": 0.6450007540340823,
    "neg_f": 0.5875808538163001,
    "pos_f": 0.7284959972747401,
    "tn": 2271,
    "fp": 834,
    "fn": 2354,
    "tp": 4277,
    "sensitivity": 0.6450007540340823,
    "specificity": 0.7314009661835749,
    "acc": 0.6725554642563681
}