{
    "fbeta-1.0": 0.63364602876798,
    "neg_prec": 0.5840442702328799,
    "pos_prec": 0.7916280792739396,
    "neg_rec": 0.6924548933843631,
    "pos_rec": 0.7031918394208622,
    "neg_f": 0.63364602876798,
    "pos_f": 0.7447939356974821,
    "tn": 2533,
    "fp": 1125,
    "fn": 1804,
    "tp": 4274,
    "sensitivity": 0.7031918394208622,
    "specificity": 0.6924548933843631,
    "acc": 0.6991577649958916
}