{
    "fbeta-1.0": 0.5055691388209727,
    "neg_prec": 0.5136627104609439,
    "pos_prec": 0.692785866186815,
    "neg_rec": 0.49772666488365874,
    "pos_rec": 0.7061864265466067,
    "neg_f": 0.5055691388209727,
    "pos_f": 0.6994219653179192,
    "tn": 1861,
    "fp": 1878,
    "fn": 1762,
    "tp": 4235,
    "sensitivity": 0.7061864265466067,
    "specificity": 0.49772666488365874,
    "acc": 0.6261298274445357
}