{
    "fbeta-1.0": 0.5034740780331374,
    "neg_prec": 0.462671905697446,
    "pos_prec": 0.730225988700565,
    "neg_rec": 0.552168815943728,
    "pos_rec": 0.6540164452877926,
    "neg_f": 0.5034740780331374,
    "pos_f": 0.6900233566900233,
    "tn": 1884,
    "fp": 1528,
    "fn": 2188,
    "tp": 4136,
    "sensitivity": 0.6540164452877926,
    "specificity": 0.552168815943728,
    "acc": 0.6183237469186524
}