{
    "fbeta-1.0": 0.5025695084991435,
    "neg_prec": 0.4715628090999011,
    "pos_prec": 0.7122276879831342,
    "neg_rec": 0.5379407616361072,
    "pos_rec": 0.6548215151025683,
    "neg_f": 0.5025695084991435,
    "pos_f": 0.6823192796431877,
    "tn": 1907,
    "fp": 1638,
    "fn": 2137,
    "tp": 4054,
    "sensitivity": 0.6548215151025683,
    "specificity": 0.5379407616361072,
    "acc": 0.6122637633525062
}