{
    "fbeta-1.0": 0.6517376407244247,
    "neg_prec": 0.5600420609884332,
    "pos_prec": 0.8486247741417386,
    "neg_rec": 0.7793386011120866,
    "pos_rec": 0.6689349580629846,
    "neg_f": 0.6517376407244247,
    "pos_f": 0.7481415929203539,
    "tn": 2663,
    "fp": 754,
    "fn": 2092,
    "tp": 4227,
    "sensitivity": 0.6689349580629846,
    "specificity": 0.7793386011120866,
    "acc": 0.7076828266228431
}