{
    "fbeta-1.0": 0.6322127446061214,
    "neg_prec": 0.5251093977912065,
    "pos_prec": 0.8677334413611505,
    "neg_rec": 0.7942010715411283,
    "pos_rec": 0.6527502666463507,
    "neg_f": 0.6322127446061214,
    "pos_f": 0.7450434782608696,
    "tn": 2520,
    "fp": 653,
    "fn": 2279,
    "tp": 4284,
    "sensitivity": 0.6527502666463507,
    "specificity": 0.7942010715411283,
    "acc": 0.6988496302382908
}