{
    "fbeta-1.0": 0.6743157643121788,
    "neg_prec": 0.5990656190273943,
    "pos_prec": 0.833499104833897,
    "neg_rec": 0.7711864406779662,
    "pos_rec": 0.6893715037841395,
    "neg_f": 0.6743157643121788,
    "pos_f": 0.754615038271049,
    "tn": 2821,
    "fp": 837,
    "fn": 1888,
    "tp": 4190,
    "sensitivity": 0.6893715037841395,
    "specificity": 0.7711864406779662,
    "acc": 0.7201109285127363
}