{
    "fbeta-1.0": 0.6891043924700514,
    "neg_prec": 0.6357894736842106,
    "pos_prec": 0.800441235459286,
    "neg_rec": 0.7521793275217933,
    "pos_rec": 0.6976053137563363,
    "neg_f": 0.6891043924700514,
    "pos_f": 0.7454936023162417,
    "tn": 3020,
    "fp": 995,
    "fn": 1730,
    "tp": 3991,
    "sensitivity": 0.6976053137563363,
    "specificity": 0.7521793275217933,
    "acc": 0.7201109285127363
}