{
    "fbeta-1.0": 0.5306930693069306,
    "neg_prec": 0.48282488589959166,
    "pos_prec": 0.748429930019738,
    "neg_rec": 0.5890973036342321,
    "pos_rec": 0.65955091714105,
    "neg_f": 0.5306930693069306,
    "pos_f": 0.7011851727326217,
    "tn": 2010,
    "fp": 1402,
    "fn": 2153,
    "tp": 4171,
    "sensitivity": 0.65955091714105,
    "specificity": 0.5890973036342321,
    "acc": 0.634860312243221
}