{
    "fbeta-1.0": 0.6303045431852222,
    "neg_prec": 0.5717844202898551,
    "pos_prec": 0.7986842105263158,
    "neg_rec": 0.7021690767519466,
    "pos_rec": 0.6920195439739414,
    "neg_f": 0.6303045431852222,
    "pos_f": 0.7415357766143106,
    "tn": 2525,
    "fp": 1071,
    "fn": 1891,
    "tp": 4249,
    "sensitivity": 0.6920195439739414,
    "specificity": 0.7021690767519466,
    "acc": 0.6957682826622843
}