{
    "fbeta-1.0": 0.46452134105291504,
    "neg_prec": 0.42134831460674155,
    "pos_prec": 0.7149946827366183,
    "neg_rec": 0.5175517551755175,
    "pos_rec": 0.6300171794471342,
    "neg_f": 0.46452134105291504,
    "pos_f": 0.6698215026982152,
    "tn": 1725,
    "fp": 1608,
    "fn": 2369,
    "tp": 4034,
    "sensitivity": 0.6300171794471342,
    "specificity": 0.5175517551755175,
    "acc": 0.5915160230073953
}