{
    "fbeta-1.0": 0.6270701033495205,
    "neg_prec": 0.5721426948420814,
    "pos_prec": 0.7915651358950329,
    "neg_rec": 0.6936639118457301,
    "pos_rec": 0.6916148051097282,
    "neg_f": 0.6270701033495205,
    "pos_f": 0.7382221833755791,
    "tn": 2518,
    "fp": 1112,
    "fn": 1883,
    "tp": 4223,
    "sensitivity": 0.6916148051097282,
    "specificity": 0.6936639118457301,
    "acc": 0.692378800328677
}