{
    "fbeta-1.0": 0.5607783674500886,
    "neg_prec": 0.535472972972973,
    "pos_prec": 0.7226394849785408,
    "neg_rec": 0.5885941644562335,
    "pos_rec": 0.6773382500838082,
    "neg_f": 0.5607783674500886,
    "pos_f": 0.699255926630905,
    "tn": 2219,
    "fp": 1551,
    "fn": 1925,
    "tp": 4041,
    "sensitivity": 0.6773382500838082,
    "specificity": 0.5885941644562335,
    "acc": 0.642974527526705
}