{
    "fbeta-1.0": 0.5055008685581933,
    "neg_prec": 0.41531874405328256,
    "pos_prec": 0.826825741142444,
    "neg_rec": 0.6457100591715976,
    "pos_rec": 0.6504550625711035,
    "neg_f": 0.5055008685581933,
    "pos_f": 0.7281120662209487,
    "tn": 1746,
    "fp": 958,
    "fn": 2458,
    "tp": 4574,
    "sensitivity": 0.6504550625711035,
    "specificity": 0.6457100591715976,
    "acc": 0.6491372226787182
}