{
    "fbeta-1.0": 0.47367743596344447,
    "neg_prec": 0.4601150287571893,
    "pos_prec": 0.6635872407181453,
    "neg_rec": 0.4880636604774536,
    "pos_rec": 0.6381159906134763,
    "neg_f": 0.47367743596344447,
    "pos_f": 0.6506024096385542,
    "tn": 1840,
    "fp": 1930,
    "fn": 2159,
    "tp": 3807,
    "sensitivity": 0.6381159906134763,
    "specificity": 0.4880636604774536,
    "acc": 0.580012325390304
}