{
    "fbeta-1.0": 0.5137733887733889,
    "neg_prec": 0.5060148451497313,
    "pos_prec": 0.6891405043746783,
    "neg_rec": 0.5217735550277118,
    "pos_rec": 0.6754666218261308,
    "neg_f": 0.5137733887733889,
    "pos_f": 0.682235054347826,
    "tn": 1977,
    "fp": 1812,
    "fn": 1930,
    "tp": 4017,
    "sensitivity": 0.6754666218261308,
    "specificity": 0.5217735550277118,
    "acc": 0.6156532456861133
}