{
    "fbeta-1.0": 0.5117117117117117,
    "neg_prec": 0.5234333859926277,
    "pos_prec": 0.6658807679353318,
    "neg_rec": 0.500503524672709,
    "pos_rec": 0.6859819569743234,
    "neg_f": 0.5117117117117117,
    "pos_f": 0.6757819176209195,
    "tn": 1988,
    "fp": 1984,
    "fn": 1810,
    "tp": 3954,
    "sensitivity": 0.6859819569743234,
    "specificity": 0.500503524672709,
    "acc": 0.6103122432210353
}