{
    "fbeta-1.0": 0.44956608336890025,
    "neg_prec": 0.4026503567787971,
    "pos_prec": 0.737611837577426,
    "neg_rec": 0.5088566827697263,
    "pos_rec": 0.6465088221987634,
    "neg_f": 0.44956608336890025,
    "pos_f": 0.6890621232821666,
    "tn": 1580,
    "fp": 1525,
    "fn": 2344,
    "tp": 4287,
    "sensitivity": 0.6465088221987634,
    "specificity": 0.5088566827697263,
    "acc": 0.602608874281019
}