{
    "fbeta-1.0": 0.4959106841490328,
    "neg_prec": 0.4721878862793572,
    "pos_prec": 0.6928483570549991,
    "neg_rec": 0.5221432476763258,
    "pos_rec": 0.6487331358999671,
    "neg_f": 0.4959106841490328,
    "pos_f": 0.6700654261194663,
    "tn": 1910,
    "fp": 1748,
    "fn": 2135,
    "tp": 3943,
    "sensitivity": 0.6487331358999671,
    "specificity": 0.5221432476763258,
    "acc": 0.6011709120788825
}