{
    "fbeta-1.0": 0.6447789498636957,
    "neg_prec": 0.6151062867480778,
    "pos_prec": 0.7563041023710952,
    "neg_rec": 0.6774595267745953,
    "pos_rec": 0.7024995630134592,
    "neg_f": 0.6447789498636957,
    "pos_f": 0.7284096057997281,
    "tn": 2720,
    "fp": 1295,
    "fn": 1702,
    "tp": 4019,
    "sensitivity": 0.7024995630134592,
    "specificity": 0.6774595267745953,
    "acc": 0.6921733771569433
}