{
    "fbeta-1.0": 0.6170266197890507,
    "neg_prec": 0.5785260183659053,
    "pos_prec": 0.7704499908908726,
    "neg_rec": 0.6610169491525424,
    "pos_rec": 0.7026084067120785,
    "neg_f": 0.6170266197890507,
    "pos_f": 0.734966979492527,
    "tn": 2457,
    "fp": 1260,
    "fn": 1790,
    "tp": 4229,
    "sensitivity": 0.7026084067120785,
    "specificity": 0.6610169491525424,
    "acc": 0.6867296631059984
}