{
    "fbeta-1.0": 0.6093163035311795,
    "neg_prec": 0.543444270716998,
    "pos_prec": 0.7953983647081194,
    "neg_rec": 0.6933599316044458,
    "pos_rec": 0.6717520475349286,
    "neg_f": 0.6093163035311795,
    "pos_f": 0.7283649660456207,
    "tn": 2433,
    "fp": 1076,
    "fn": 2044,
    "tp": 4183,
    "sensitivity": 0.6717520475349286,
    "specificity": 0.6933599316044458,
    "acc": 0.6795398520953163
}