{
    "fbeta-1.0": 0.677743973788907,
    "neg_prec": 0.6380259969156202,
    "pos_prec": 0.7862228208581874,
    "neg_rec": 0.722735213376591,
    "pos_rec": 0.7132134753010997,
    "neg_f": 0.677743973788907,
    "pos_f": 0.7479406919275123,
    "tn": 2896,
    "fp": 1111,
    "fn": 1643,
    "tp": 4086,
    "sensitivity": 0.7132134753010997,
    "specificity": 0.722735213376591,
    "acc": 0.7171322925225966
}