{
    "fbeta-1.0": 0.6274219424904356,
    "neg_prec": 0.5329140461215933,
    "pos_prec": 0.8407168747482884,
    "neg_rec": 0.7626762676267627,
    "pos_rec": 0.6520381071372794,
    "neg_f": 0.6274219424904356,
    "pos_f": 0.7344533380244526,
    "tn": 2542,
    "fp": 791,
    "fn": 2228,
    "tp": 4175,
    "sensitivity": 0.6520381071372794,
    "specificity": 0.7626762676267627,
    "acc": 0.6899137222678718
}