{
    "fbeta-1.0": 0.49599782933116265,
    "neg_prec": 0.45269935611688955,
    "pos_prec": 0.7358722358722358,
    "neg_rec": 0.5484548454845485,
    "pos_rec": 0.6548492893955958,
    "neg_f": 0.49599782933116265,
    "pos_f": 0.6930005784645897,
    "tn": 1828,
    "fp": 1505,
    "fn": 2210,
    "tp": 4193,
    "sensitivity": 0.6548492893955958,
    "specificity": 0.5484548454845485,
    "acc": 0.6184264585045193
}