{
    "fbeta-1.0": 0.6041275797373358,
    "neg_prec": 0.525,
    "pos_prec": 0.809190031152648,
    "neg_rec": 0.711340206185567,
    "pos_rec": 0.6554171266361772,
    "neg_f": 0.6041275797373358,
    "pos_f": 0.7242310708373269,
    "tn": 2415,
    "fp": 980,
    "fn": 2185,
    "tp": 4156,
    "sensitivity": 0.6554171266361772,
    "specificity": 0.711340206185567,
    "acc": 0.6749178307313065
}