{
    "fbeta-1.0": 0.6176328502415459,
    "neg_prec": 0.5252670501232539,
    "pos_prec": 0.8243631881676253,
    "neg_rec": 0.7494138335287222,
    "pos_rec": 0.6345667299177735,
    "neg_f": 0.6176328502415459,
    "pos_f": 0.7171193709792709,
    "tn": 2557,
    "fp": 855,
    "fn": 2311,
    "tp": 4013,
    "sensitivity": 0.6345667299177735,
    "specificity": 0.7494138335287222,
    "acc": 0.6748151191454396
}