{
    "fbeta-1.0": 0.5459785171600734,
    "neg_prec": 0.5163528245787908,
    "pos_prec": 0.7343859649122807,
    "neg_rec": 0.5792106725958867,
    "pos_rec": 0.68198110133594,
    "neg_f": 0.5459785171600734,
    "pos_f": 0.7072140564284507,
    "tn": 2084,
    "fp": 1514,
    "fn": 1952,
    "tp": 4186,
    "sensitivity": 0.68198110133594,
    "specificity": 0.5792106725958867,
    "acc": 0.6440016433853739
}