{
    "fbeta-1.0": 0.6409073912501558,
    "neg_prec": 0.6001400560224089,
    "pos_prec": 0.7857666911225238,
    "neg_rec": 0.6876170098956941,
    "pos_rec": 0.7143571785892946,
    "neg_f": 0.6409073912501558,
    "pos_f": 0.7483623023844878,
    "tn": 2571,
    "fp": 1168,
    "fn": 1713,
    "tp": 4284,
    "sensitivity": 0.7143571785892946,
    "specificity": 0.6876170098956941,
    "acc": 0.7040879211175021
}