{
    "fbeta-1.0": 0.6378786035762073,
    "neg_prec": 0.5698761138882852,
    "pos_prec": 0.8056475170399221,
    "neg_rec": 0.7243093922651934,
    "pos_rec": 0.6764224983649444,
    "neg_f": 0.6378786035762073,
    "pos_f": 0.7354012976624299,
    "tn": 2622,
    "fp": 998,
    "fn": 1979,
    "tp": 4137,
    "sensitivity": 0.6764224983649444,
    "specificity": 0.7243093922651934,
    "acc": 0.694227608874281
}