{
    "fbeta-1.0": 0.6416324559285197,
    "neg_prec": 0.5461459403905448,
    "pos_prec": 0.8439745432149456,
    "neg_rec": 0.7775826748609892,
    "pos_rec": 0.6505776230416205,
    "neg_f": 0.6416324559285197,
    "pos_f": 0.734763181411975,
    "tn": 2657,
    "fp": 760,
    "fn": 2208,
    "tp": 4111,
    "sensitivity": 0.6505776230416205,
    "specificity": 0.7775826748609892,
    "acc": 0.695152013147083
}