{
    "fbeta-1.0": 0.5290204773705492,
    "neg_prec": 0.48820414058738565,
    "pos_prec": 0.7339663203152992,
    "neg_rec": 0.5772843723313408,
    "pos_rec": 0.6583641330547967,
    "neg_f": 0.5290204773705492,
    "pos_f": 0.6941126641253705,
    "tn": 2028,
    "fp": 1485,
    "fn": 2126,
    "tp": 4097,
    "sensitivity": 0.6583641330547967,
    "specificity": 0.5772843723313408,
    "acc": 0.6291084634346754
}