{
    "fbeta-1.0": 0.6099113718636875,
    "neg_prec": 0.5431302801244998,
    "pos_prec": 0.7957235586101565,
    "neg_rec": 0.695417022487902,
    "pos_rec": 0.6697734211794955,
    "neg_f": 0.6099113718636875,
    "pos_f": 0.7273361835790944,
    "tn": 2443,
    "fp": 1070,
    "fn": 2055,
    "tp": 4168,
    "sensitivity": 0.6697734211794955,
    "specificity": 0.695417022487902,
    "acc": 0.6790262941659819
}