{
    "fbeta-1.0": 0.6347205707491083,
    "neg_prec": 0.5937708565072303,
    "pos_prec": 0.7622591108567067,
    "neg_rec": 0.6817369093231163,
    "pos_rec": 0.6863081944683044,
    "neg_f": 0.6347205707491083,
    "pos_f": 0.7222925329958416,
    "tn": 2669,
    "fp": 1246,
    "fn": 1826,
    "tp": 3995,
    "sensitivity": 0.6863081944683044,
    "specificity": 0.6817369093231163,
    "acc": 0.6844700082169268
}