{
    "fbeta-1.0": 0.5749455058340814,
    "neg_prec": 0.5116385212231858,
    "pos_prec": 0.7805379155771386,
    "neg_rec": 0.656131109160082,
    "pos_rec": 0.6613388194334546,
    "neg_f": 0.5749455058340814,
    "pos_f": 0.7160113081470059,
    "tn": 2242,
    "fp": 1175,
    "fn": 2140,
    "tp": 4179,
    "sensitivity": 0.6613388194334546,
    "specificity": 0.656131109160082,
    "acc": 0.6595110928512736
}