{
    "fbeta-1.0": 0.4902712682857548,
    "neg_prec": 0.41281989954556325,
    "pos_prec": 0.7958595859585958,
    "neg_rec": 0.6034965034965035,
    "pos_rec": 0.6429610238510762,
    "neg_f": 0.4902712682857548,
    "pos_f": 0.7112863003780872,
    "tn": 1726,
    "fp": 1134,
    "fn": 2455,
    "tp": 4421,
    "sensitivity": 0.6429610238510762,
    "specificity": 0.6034965034965035,
    "acc": 0.631368118323747
}