{
    "fbeta-1.0": 0.5440895788268229,
    "neg_prec": 0.5253071253071253,
    "pos_prec": 0.7086127779738792,
    "neg_rec": 0.5642649775666403,
    "pos_rec": 0.6751303178072978,
    "neg_f": 0.5440895788268229,
    "pos_f": 0.6914664600017222,
    "tn": 2138,
    "fp": 1651,
    "fn": 1932,
    "tp": 4015,
    "sensitivity": 0.6751303178072978,
    "specificity": 0.5642649775666403,
    "acc": 0.6319843878389483
}