{
    "fbeta-1.0": 0.49429254048314314,
    "neg_prec": 0.4730691056910569,
    "pos_prec": 0.7006896551724138,
    "neg_rec": 0.5175097276264592,
    "pos_rec": 0.6621049201694363,
    "neg_f": 0.49429254048314314,
    "pos_f": 0.6808510638297872,
    "tn": 1862,
    "fp": 1736,
    "fn": 2074,
    "tp": 4064,
    "sensitivity": 0.6621049201694363,
    "specificity": 0.5175097276264592,
    "acc": 0.6086688578471652
}