{
    "fbeta-1.0": 0.5294637223974763,
    "neg_prec": 0.5365728900255754,
    "pos_prec": 0.6709577754891864,
    "neg_rec": 0.5225404732254048,
    "pos_rec": 0.6832721552176193,
    "neg_f": 0.5294637223974763,
    "pos_f": 0.6770589763574955,
    "tn": 2098,
    "fp": 1917,
    "fn": 1812,
    "tp": 3909,
    "sensitivity": 0.6832721552176193,
    "specificity": 0.5225404732254048,
    "acc": 0.616988496302383
}