{
    "fbeta-1.0": 0.6306523574098637,
    "neg_prec": 0.5466137123745819,
    "pos_prec": 0.8194668820678513,
    "neg_rec": 0.7452265602735823,
    "pos_rec": 0.6516781756865264,
    "neg_f": 0.6306523574098637,
    "pos_f": 0.7260041148582164,
    "tn": 2615,
    "fp": 894,
    "fn": 2169,
    "tp": 4058,
    "sensitivity": 0.6516781756865264,
    "specificity": 0.7452265602735823,
    "acc": 0.6853944124897289
}