{
    "fbeta-1.0": 0.5099180111081725,
    "neg_prec": 0.49385245901639346,
    "pos_prec": 0.703360768175583,
    "neg_rec": 0.527063969382176,
    "pos_rec": 0.6748930569266206,
    "neg_f": 0.5099180111081725,
    "pos_f": 0.688832913518052,
    "tn": 1928,
    "fp": 1730,
    "fn": 1976,
    "tp": 4102,
    "sensitivity": 0.6748930569266206,
    "specificity": 0.527063969382176,
    "acc": 0.6193508627773213
}