{
    "fbeta-1.0": 0.5468829194120628,
    "neg_prec": 0.5554697554697555,
    "pos_prec": 0.683985643479747,
    "neg_rec": 0.5385575243324182,
    "pos_rec": 0.6985512305812532,
    "neg_f": 0.5468829194120628,
    "pos_f": 0.6911917098445596,
    "tn": 2158,
    "fp": 1849,
    "fn": 1727,
    "tp": 4002,
    "sensitivity": 0.6985512305812532,
    "specificity": 0.5385575243324182,
    "acc": 0.6327033689400164
}