{
    "fbeta-1.0": 0.6294637453092845,
    "neg_prec": 0.5573419078242229,
    "pos_prec": 0.8035890356931572,
    "neg_rec": 0.7230255839822024,
    "pos_rec": 0.6636807817589576,
    "neg_f": 0.6294637453092845,
    "pos_f": 0.7269645883507269,
    "tn": 2600,
    "fp": 996,
    "fn": 2065,
    "tp": 4075,
    "sensitivity": 0.6636807817589576,
    "specificity": 0.7230255839822024,
    "acc": 0.6855998356614627
}