{
    "fbeta-1.0": 0.5416119716461013,
    "neg_prec": 0.45591160220994476,
    "pos_prec": 0.8023412013049319,
    "neg_rec": 0.6669899773682509,
    "pos_rec": 0.6293843143158212,
    "neg_f": 0.5416119716461013,
    "pos_f": 0.7054158933693269,
    "tn": 2063,
    "fp": 1030,
    "fn": 2462,
    "tp": 4181,
    "sensitivity": 0.6293843143158212,
    "specificity": 0.6669899773682509,
    "acc": 0.6413311421528348
}