{
    "fbeta-1.0": 0.5171668018383347,
    "neg_prec": 0.44560913114372236,
    "pos_prec": 0.7810031232776042,
    "neg_rec": 0.6161030595813205,
    "pos_rec": 0.6410797768059117,
    "neg_f": 0.5171668018383347,
    "pos_f": 0.704157694218983,
    "tn": 1913,
    "fp": 1192,
    "fn": 2380,
    "tp": 4251,
    "sensitivity": 0.6410797768059117,
    "specificity": 0.6161030595813205,
    "acc": 0.633114215283484
}