{
    "fbeta-1.0": 0.49128919860627174,
    "neg_prec": 0.4679601736022466,
    "pos_prec": 0.7057913730881594,
    "neg_rec": 0.5170662905500705,
    "pos_rec": 0.6633823291875303,
    "neg_f": 0.49128919860627174,
    "pos_f": 0.6839300582847627,
    "tn": 1833,
    "fp": 1712,
    "fn": 2084,
    "tp": 4107,
    "sensitivity": 0.6633823291875303,
    "specificity": 0.5170662905500705,
    "acc": 0.6101068200493016
}