{
    "fbeta-1.0": 0.6480169971671389,
    "neg_prec": 0.6210407239819005,
    "pos_prec": 0.7541384499623778,
    "neg_rec": 0.6774432379072063,
    "pos_rec": 0.7053131597466573,
    "neg_f": 0.6480169971671389,
    "pos_f": 0.728909090909091,
    "tn": 2745,
    "fp": 1307,
    "fn": 1675,
    "tp": 4009,
    "sensitivity": 0.7053131597466573,
    "specificity": 0.6774432379072063,
    "acc": 0.6937140509449465
}