{
    "fbeta-1.0": 0.5385216033315982,
    "neg_prec": 0.5139095876800794,
    "pos_prec": 0.7217162872154116,
    "neg_rec": 0.5656096227446692,
    "pos_rec": 0.6780190852254031,
    "neg_f": 0.5385216033315982,
    "pos_f": 0.6991856124872752,
    "tn": 2069,
    "fp": 1589,
    "fn": 1957,
    "tp": 4121,
    "sensitivity": 0.6780190852254031,
    "specificity": 0.5656096227446692,
    "acc": 0.635784716516023
}