{
    "fbeta-1.0": 0.5853905557665527,
    "neg_prec": 0.48106533499791926,
    "pos_prec": 0.8415821501014199,
    "neg_rec": 0.7474943420627223,
    "pos_rec": 0.6245672136083095,
    "neg_f": 0.5853905557665527,
    "pos_f": 0.7170137388749677,
    "tn": 2312,
    "fp": 781,
    "fn": 2494,
    "tp": 4149,
    "sensitivity": 0.6245672136083095,
    "specificity": 0.7474943420627223,
    "acc": 0.663619556285949
}