{
    "fbeta-1.0": 0.5170888620828308,
    "neg_prec": 0.3956923076923077,
    "pos_prec": 0.8648426249742851,
    "neg_rec": 0.7459396751740139,
    "pos_rec": 0.587972027972028,
    "neg_f": 0.5170888620828308,
    "pos_f": 0.700024977104321,
    "tn": 1929,
    "fp": 657,
    "fn": 2946,
    "tp": 4204,
    "sensitivity": 0.587972027972028,
    "specificity": 0.7459396751740139,
    "acc": 0.6299301561216105
}