{
    "fbeta-1.0": 0.5706307907094809,
    "neg_prec": 0.51441647597254,
    "pos_prec": 0.7650018635855386,
    "neg_rec": 0.640638358506697,
    "pos_rec": 0.6592259515015256,
    "neg_f": 0.5706307907094809,
    "pos_f": 0.7081859742948331,
    "tn": 2248,
    "fp": 1261,
    "fn": 2122,
    "tp": 4105,
    "sensitivity": 0.6592259515015256,
    "specificity": 0.640638358506697,
    "acc": 0.6525267050123253
}