{
    "fbeta-1.0": 0.5661193839887999,
    "neg_prec": 0.5371980676328503,
    "pos_prec": 0.7332022873481058,
    "neg_rec": 0.5983319881624967,
    "pos_rec": 0.6816746967934872,
    "neg_f": 0.5661193839887999,
    "pos_f": 0.706500215238915,
    "tn": 2224,
    "fp": 1493,
    "fn": 1916,
    "tp": 4103,
    "sensitivity": 0.6816746967934872,
    "specificity": 0.5983319881624967,
    "acc": 0.6498562037797864
}