{
    "fbeta-1.0": 0.6529544643918679,
    "neg_prec": 0.5684123369902712,
    "pos_prec": 0.8299694189602447,
    "neg_rec": 0.7670391061452514,
    "pos_rec": 0.6613060428849903,
    "neg_f": 0.6529544643918679,
    "pos_f": 0.7360998101437485,
    "tn": 2746,
    "fp": 834,
    "fn": 2085,
    "tp": 4071,
    "sensitivity": 0.6613060428849903,
    "specificity": 0.7670391061452514,
    "acc": 0.7001848808545604
}