{
    "fbeta-1.0": 0.6151276544977332,
    "neg_prec": 0.5845804988662131,
    "pos_prec": 0.7382651145324821,
    "neg_rec": 0.649043303121853,
    "pos_rec": 0.6821651630811936,
    "neg_f": 0.6151276544977332,
    "pos_f": 0.709107303877367,
    "tn": 2578,
    "fp": 1394,
    "fn": 1832,
    "tp": 3932,
    "sensitivity": 0.6821651630811936,
    "specificity": 0.649043303121853,
    "acc": 0.6686524239934265
}