{
    "fbeta-1.0": 0.591913095956548,
    "neg_prec": 0.5742388758782201,
    "pos_prec": 0.7140504939626784,
    "neg_rec": 0.6107098381070983,
    "pos_rec": 0.6822233875196644,
    "neg_f": 0.591913095956548,
    "pos_f": 0.697774202198981,
    "tn": 2452,
    "fp": 1563,
    "fn": 1818,
    "tp": 3903,
    "sensitivity": 0.6822233875196644,
    "specificity": 0.6107098381070983,
    "acc": 0.6527321281840591
}