{
    "fbeta-1.0": 0.6377761592619569,
    "neg_prec": 0.5810661358106614,
    "pos_prec": 0.7909875359539789,
    "neg_rec": 0.7067527576002153,
    "pos_rec": 0.6853297890014952,
    "neg_f": 0.6377761592619569,
    "pos_f": 0.7343777817340217,
    "tn": 2627,
    "fp": 1090,
    "fn": 1894,
    "tp": 4125,
    "sensitivity": 0.6853297890014952,
    "specificity": 0.7067527576002153,
    "acc": 0.6935086277732129
}