{
    "fbeta-1.0": 0.5651686791983069,
    "neg_prec": 0.551238465274405,
    "pos_prec": 0.707191171235315,
    "neg_rec": 0.5798212005108557,
    "pos_rec": 0.682528775124549,
    "neg_f": 0.5651686791983069,
    "pos_f": 0.6946411399597866,
    "tn": 2270,
    "fp": 1645,
    "fn": 1848,
    "tp": 3973,
    "sensitivity": 0.682528775124549,
    "specificity": 0.5798212005108557,
    "acc": 0.641228430566968
}