{
    "fbeta-1.0": 0.5050980392156864,
    "neg_prec": 0.4665539724704178,
    "pos_prec": 0.7181411974977658,
    "neg_rec": 0.5505842120262183,
    "pos_rec": 0.6452545366950377,
    "neg_f": 0.5050980392156864,
    "pos_f": 0.6797496193537472,
    "tn": 1932,
    "fp": 1577,
    "fn": 2209,
    "tp": 4018,
    "sensitivity": 0.6452545366950377,
    "specificity": 0.5505842120262183,
    "acc": 0.6111339359079704
}