{
    "fbeta-1.0": 0.4809957173447537,
    "neg_prec": 0.44261083743842367,
    "pos_prec": 0.7154686398872445,
    "neg_rec": 0.5266705744431418,
    "pos_rec": 0.6421568627450981,
    "neg_f": 0.4809957173447537,
    "pos_f": 0.6768333333333334,
    "tn": 1797,
    "fp": 1615,
    "fn": 2263,
    "tp": 4061,
    "sensitivity": 0.6421568627450981,
    "specificity": 0.5266705744431418,
    "acc": 0.6016844700082169
}