{
    "fbeta-1.0": 0.48917268184342033,
    "neg_prec": 0.39155555555555555,
    "pos_prec": 0.8200916730328495,
    "neg_rec": 0.6516272189349113,
    "pos_rec": 0.6106370875995449,
    "neg_f": 0.48917268184342033,
    "pos_f": 0.7000326051516139,
    "tn": 1762,
    "fp": 942,
    "fn": 2738,
    "tp": 4294,
    "sensitivity": 0.6106370875995449,
    "specificity": 0.6516272189349113,
    "acc": 0.6220213640098603
}