{
    "fbeta-1.0": 0.6529134998190372,
    "neg_prec": 0.5665829145728644,
    "pos_prec": 0.8372983870967742,
    "neg_rec": 0.7702818104184458,
    "pos_rec": 0.6673630081954042,
    "neg_f": 0.6529134998190372,
    "pos_f": 0.7427345077349548,
    "tn": 2706,
    "fp": 807,
    "fn": 2070,
    "tp": 4153,
    "sensitivity": 0.6673630081954042,
    "specificity": 0.7702818104184458,
    "acc": 0.7044987674609696
}