{
    "fbeta-1.0": 0.507348938486663,
    "neg_prec": 0.4380728554641598,
    "pos_prec": 0.7757708447363619,
    "neg_rec": 0.6026511477529907,
    "pos_rec": 0.6400722565106127,
    "neg_f": 0.507348938486663,
    "pos_f": 0.7014186737050478,
    "tn": 1864,
    "fp": 1229,
    "fn": 2391,
    "tp": 4252,
    "sensitivity": 0.6400722565106127,
    "specificity": 0.6026511477529907,
    "acc": 0.6281840591618735
}