{
    "fbeta-1.0": 0.5100279258695101,
    "neg_prec": 0.514336917562724,
    "pos_prec": 0.6632933104631218,
    "neg_rec": 0.5057905337361531,
    "pos_rec": 0.6708882720333103,
    "neg_f": 0.5100279258695101,
    "pos_f": 0.66706917371054,
    "tn": 2009,
    "fp": 1963,
    "fn": 1897,
    "tp": 3867,
    "sensitivity": 0.6708882720333103,
    "specificity": 0.5057905337361531,
    "acc": 0.6035332785538209
}