{
    "fbeta-1.0": 0.5149716396253792,
    "neg_prec": 0.4928048472607927,
    "pos_prec": 0.7111688311688311,
    "neg_rec": 0.5392265193370166,
    "pos_rec": 0.6715173315892741,
    "neg_f": 0.5149716396253792,
    "pos_f": 0.6907745353628795,
    "tn": 1952,
    "fp": 1668,
    "fn": 2009,
    "tp": 4107,
    "sensitivity": 0.6715173315892741,
    "specificity": 0.5392265193370166,
    "acc": 0.622329498767461
}