{
    "fbeta-1.0": 0.5926109595834367,
    "neg_prec": 0.5135367425870219,
    "pos_prec": 0.7988980716253443,
    "neg_rec": 0.7004689331770223,
    "pos_rec": 0.6419987349778621,
    "neg_f": 0.5926109595834367,
    "pos_f": 0.7119060143783973,
    "tn": 2390,
    "fp": 1022,
    "fn": 2264,
    "tp": 4060,
    "sensitivity": 0.6419987349778621,
    "specificity": 0.7004689331770223,
    "acc": 0.6624897288414133
}