{
    "fbeta-1.0": 0.513311475409836,
    "neg_prec": 0.4645145976738666,
    "pos_prec": 0.7365562194459533,
    "neg_rec": 0.5735638921453693,
    "pos_rec": 0.6432637571157496,
    "neg_f": 0.513311475409836,
    "pos_f": 0.6867561407951379,
    "tn": 1957,
    "fp": 1455,
    "fn": 2256,
    "tp": 4068,
    "sensitivity": 0.6432637571157496,
    "specificity": 0.5735638921453693,
    "acc": 0.6188373048479868
}