{
    "fbeta-1.0": 0.5343936381709741,
    "neg_prec": 0.40653357531760437,
    "pos_prec": 0.8806782499476659,
    "neg_rec": 0.7795823665893271,
    "pos_rec": 0.5883916083916084,
    "neg_f": 0.5343936381709741,
    "pos_f": 0.7054582040747883,
    "tn": 2016,
    "fp": 570,
    "fn": 2943,
    "tp": 4207,
    "sensitivity": 0.5883916083916084,
    "specificity": 0.7795823665893271,
    "acc": 0.6391741988496302
}