{
    "fbeta-1.0": 0.5223566543924251,
    "neg_prec": 0.49974836436839454,
    "pos_prec": 0.7146824019437695,
    "neg_rec": 0.547107438016529,
    "pos_rec": 0.6744186046511628,
    "neg_f": 0.5223566543924251,
    "pos_f": 0.6939669700033704,
    "tn": 1986,
    "fp": 1644,
    "fn": 1988,
    "tp": 4118,
    "sensitivity": 0.6744186046511628,
    "specificity": 0.547107438016529,
    "acc": 0.6269515201314708
}