{
    "fbeta-1.0": 0.47075131688383703,
    "neg_prec": 0.4120359136132007,
    "pos_prec": 0.7515583259127337,
    "neg_rec": 0.5489815712900097,
    "pos_rec": 0.635255155803101,
    "neg_f": 0.47075131688383703,
    "pos_f": 0.6885299396312612,
    "tn": 1698,
    "fp": 1395,
    "fn": 2423,
    "tp": 4220,
    "sensitivity": 0.635255155803101,
    "specificity": 0.5489815712900097,
    "acc": 0.6078471651602301
}