{
    "fbeta-1.0": 0.5354209445585215,
    "neg_prec": 0.4952516619183286,
    "pos_prec": 0.7295438088341781,
    "neg_rec": 0.5826815642458101,
    "pos_rec": 0.6546458739441195,
    "neg_f": 0.5354209445585215,
    "pos_f": 0.690068493150685,
    "tn": 2086,
    "fp": 1494,
    "fn": 2126,
    "tp": 4030,
    "sensitivity": 0.6546458739441195,
    "specificity": 0.5826815642458101,
    "acc": 0.6281840591618735
}