{
    "fbeta-1.0": 0.6627657033675662,
    "neg_prec": 0.598705501618123,
    "pos_prec": 0.811017447559302,
    "neg_rec": 0.7421770526878845,
    "pos_rec": 0.6898449224612306,
    "neg_f": 0.6627657033675662,
    "pos_f": 0.7455397368895298,
    "tn": 2775,
    "fp": 964,
    "fn": 1860,
    "tp": 4137,
    "sensitivity": 0.6898449224612306,
    "specificity": 0.7421770526878845,
    "acc": 0.7099424815119145
}