{
    "fbeta-1.0": 0.6619785458879619,
    "neg_prec": 0.5868554522400676,
    "pos_prec": 0.8239408473221422,
    "neg_rec": 0.7591580098414434,
    "pos_rec": 0.6783481408358013,
    "neg_f": 0.6619785458879619,
    "pos_f": 0.7440895145280635,
    "tn": 2777,
    "fp": 881,
    "fn": 1955,
    "tp": 4123,
    "sensitivity": 0.6783481408358013,
    "specificity": 0.7591580098414434,
    "acc": 0.7087099424815119
}