{
    "fbeta-1.0": 0.5727735368956742,
    "neg_prec": 0.4722047409272079,
    "pos_prec": 0.830549406319179,
    "neg_rec": 0.7277723892660847,
    "pos_rec": 0.6212554568718952,
    "neg_f": 0.5727735368956742,
    "pos_f": 0.7108163968308645,
    "tn": 2251,
    "fp": 842,
    "fn": 2516,
    "tp": 4127,
    "sensitivity": 0.6212554568718952,
    "specificity": 0.7277723892660847,
    "acc": 0.6550944946589975
}