{
    "fbeta-1.0": 0.5384811416921508,
    "neg_prec": 0.49976348155156103,
    "pos_prec": 0.726397966594045,
    "neg_rec": 0.5837016574585635,
    "pos_rec": 0.6541857423152387,
    "neg_f": 0.5384811416921508,
    "pos_f": 0.6884033035099794,
    "tn": 2113,
    "fp": 1507,
    "fn": 2115,
    "tp": 4001,
    "sensitivity": 0.6541857423152387,
    "specificity": 0.5837016574585635,
    "acc": 0.6279786359901397
}