{
    "fbeta-1.0": 0.5266524520255863,
    "neg_prec": 0.4737473028050827,
    "pos_prec": 0.7561545372866127,
    "neg_rec": 0.5928592859285928,
    "pos_rec": 0.6571919412775261,
    "neg_f": 0.5266524520255863,
    "pos_f": 0.7032085561497327,
    "tn": 1976,
    "fp": 1357,
    "fn": 2195,
    "tp": 4208,
    "sensitivity": 0.6571919412775261,
    "specificity": 0.5928592859285928,
    "acc": 0.6351684470008216
}