{
    "fbeta-1.0": 0.5479417028892866,
    "neg_prec": 0.5010521393500117,
    "pos_prec": 0.743176405935153,
    "neg_rec": 0.6045133991537377,
    "pos_rec": 0.6553060894847359,
    "neg_f": 0.5479417028892866,
    "pos_f": 0.696480686695279,
    "tn": 2143,
    "fp": 1402,
    "fn": 2134,
    "tp": 4057,
    "sensitivity": 0.6553060894847359,
    "specificity": 0.6045133991537377,
    "acc": 0.6368118323746919
}