{
    "fbeta-1.0": 0.4572922719349216,
    "neg_prec": 0.3911530815109344,
    "pos_prec": 0.7748599439775911,
    "neg_rec": 0.5503496503496503,
    "pos_rec": 0.6436881908086096,
    "neg_f": 0.4572922719349216,
    "pos_f": 0.7032094057832856,
    "tn": 1574,
    "fp": 1286,
    "fn": 2450,
    "tp": 4426,
    "sensitivity": 0.6436881908086096,
    "specificity": 0.5503496503496503,
    "acc": 0.6162695152013147
}