{
    "fbeta-1.0": 0.5352254175561973,
    "neg_prec": 0.5339513906289151,
    "pos_prec": 0.6795474325500435,
    "neg_rec": 0.5365055387713998,
    "pos_rec": 0.6773074253990284,
    "neg_f": 0.5352254175561973,
    "pos_f": 0.6784255799808844,
    "tn": 2131,
    "fp": 1841,
    "fn": 1860,
    "tp": 3904,
    "sensitivity": 0.6773074253990284,
    "specificity": 0.5365055387713998,
    "acc": 0.6198644207066557
}