{
    "fbeta-1.0": 0.6212620529720493,
    "neg_prec": 0.5995288574793876,
    "pos_prec": 0.7444909852485886,
    "neg_rec": 0.644630192502533,
    "pos_rec": 0.7062888735314443,
    "neg_f": 0.6212620529720493,
    "pos_f": 0.7248869580636581,
    "tn": 2545,
    "fp": 1403,
    "fn": 1700,
    "tp": 4088,
    "sensitivity": 0.7062888735314443,
    "specificity": 0.644630192502533,
    "acc": 0.6812859490550535
}