{
    "fbeta-1.0": 0.5890445859872612,
    "neg_prec": 0.4872497365648051,
    "pos_prec": 0.8411140052093768,
    "neg_rec": 0.7446054750402576,
    "pos_rec": 0.6330870155331021,
    "neg_f": 0.5890445859872612,
    "pos_f": 0.7224229908793667,
    "tn": 2312,
    "fp": 793,
    "fn": 2433,
    "tp": 4198,
    "sensitivity": 0.6330870155331021,
    "specificity": 0.7446054750402576,
    "acc": 0.6686524239934265
}