{
    "fbeta-1.0": 0.6255901222612275,
    "neg_prec": 0.5579788382638738,
    "pos_prec": 0.7951028403525955,
    "neg_rec": 0.7118457300275483,
    "pos_rec": 0.664755977726826,
    "neg_f": 0.6255901222612275,
    "pos_f": 0.7241102488627241,
    "tn": 2584,
    "fp": 1046,
    "fn": 2047,
    "tp": 4059,
    "sensitivity": 0.664755977726826,
    "specificity": 0.7118457300275483,
    "acc": 0.6823130649137222
}