{
    "fbeta-1.0": 0.5798801479025882,
    "neg_prec": 0.5354367789027549,
    "pos_prec": 0.7591546729823283,
    "neg_rec": 0.6323692992213571,
    "pos_rec": 0.6786644951140065,
    "neg_f": 0.5798801479025882,
    "pos_f": 0.716656634276378,
    "tn": 2274,
    "fp": 1322,
    "fn": 1973,
    "tp": 4167,
    "sensitivity": 0.6786644951140065,
    "specificity": 0.6323692992213571,
    "acc": 0.6615653245686114
}