{
    "fbeta-1.0": 0.5628788855926737,
    "neg_prec": 0.445943184140609,
    "pos_prec": 0.8600041296716912,
    "neg_rec": 0.762937062937063,
    "pos_rec": 0.6057300756253636,
    "neg_f": 0.5628788855926737,
    "pos_f": 0.7108115026879427,
    "tn": 2182,
    "fp": 678,
    "fn": 2711,
    "tp": 4165,
    "sensitivity": 0.6057300756253636,
    "specificity": 0.762937062937063,
    "acc": 0.6519104354971241
}