{
    "fbeta-1.0": 0.5704732510288065,
    "neg_prec": 0.5285986653956148,
    "pos_prec": 0.7541516245487364,
    "neg_rec": 0.6195530726256984,
    "pos_rec": 0.6786874593892138,
    "neg_f": 0.5704732510288065,
    "pos_f": 0.7144322845417237,
    "tn": 2218,
    "fp": 1362,
    "fn": 1978,
    "tp": 4178,
    "sensitivity": 0.6786874593892138,
    "specificity": 0.6195530726256984,
    "acc": 0.6569433032046015
}