{
    "fbeta-1.0": 0.5703105276445343,
    "neg_prec": 0.5224329324699353,
    "pos_prec": 0.7525868440502587,
    "neg_rec": 0.6278488048916064,
    "pos_rec": 0.6635711958292604,
    "neg_f": 0.5703105276445343,
    "pos_f": 0.7052813852813853,
    "tn": 2259,
    "fp": 1339,
    "fn": 2065,
    "tp": 4073,
    "sensitivity": 0.6635711958292604,
    "specificity": 0.6278488048916064,
    "acc": 0.6503697617091208
}