{
    "fbeta-1.0": 0.5070239334027056,
    "neg_prec": 0.4935426690301342,
    "pos_prec": 0.6906860203905305,
    "neg_rec": 0.5212623696175448,
    "pos_rec": 0.6664999166249792,
    "neg_f": 0.5070239334027056,
    "pos_f": 0.6783774609640191,
    "tn": 1949,
    "fp": 1790,
    "fn": 2000,
    "tp": 3997,
    "sensitivity": 0.6664999166249792,
    "specificity": 0.5212623696175448,
    "acc": 0.6107230895645028
}