{
    "fbeta-1.0": 0.6444285031085604,
    "neg_prec": 0.6102807971014492,
    "pos_prec": 0.7644736842105263,
    "neg_rec": 0.6826241134751773,
    "pos_rec": 0.7026606772633034,
    "neg_f": 0.6444285031085604,
    "pos_f": 0.7322650342095787,
    "tn": 2695,
    "fp": 1253,
    "fn": 1721,
    "tp": 4067,
    "sensitivity": 0.7026606772633034,
    "specificity": 0.6826241134751773,
    "acc": 0.6945357436318816
}