{
    "fbeta-1.0": 0.5890990542558486,
    "neg_prec": 0.5548523206751055,
    "pos_prec": 0.743510054844607,
    "neg_rec": 0.6278514588859416,
    "pos_rec": 0.6816962789138451,
    "neg_f": 0.5890990542558486,
    "pos_f": 0.711262679258482,
    "tn": 2367,
    "fp": 1403,
    "fn": 1899,
    "tp": 4067,
    "sensitivity": 0.6816962789138451,
    "specificity": 0.6278514588859416,
    "acc": 0.6608463434675431
}