{
    "fbeta-1.0": 0.5541827541827541,
    "neg_prec": 0.5633176347462062,
    "pos_prec": 0.696482921880284,
    "neg_rec": 0.545339412360689,
    "pos_rec": 0.7116447823082239,
    "neg_f": 0.5541827541827541,
    "pos_f": 0.7039822252606392,
    "tn": 2153,
    "fp": 1795,
    "fn": 1669,
    "tp": 4119,
    "sensitivity": 0.7116447823082239,
    "specificity": 0.545339412360689,
    "acc": 0.6442070665571077
}