{
    "fbeta-1.0": 0.676727561556791,
    "neg_prec": 0.6215089620675281,
    "pos_prec": 0.7908059943296881,
    "neg_rec": 0.7427148194271482,
    "pos_rec": 0.682572976752316,
    "neg_f": 0.676727561556791,
    "pos_f": 0.7327141382868938,
    "tn": 2982,
    "fp": 1033,
    "fn": 1816,
    "tp": 3905,
    "sensitivity": 0.682572976752316,
    "specificity": 0.7427148194271482,
    "acc": 0.7073746918652424
}