{
    "fbeta-1.0": 0.5766350474288567,
    "neg_prec": 0.5470044991712053,
    "pos_prec": 0.7317250136042083,
    "neg_rec": 0.6096595407759303,
    "pos_rec": 0.6783252059862115,
    "neg_f": 0.5766350474288567,
    "pos_f": 0.7040139616055847,
    "tn": 2310,
    "fp": 1479,
    "fn": 1913,
    "tp": 4034,
    "sensitivity": 0.6783252059862115,
    "specificity": 0.6096595407759303,
    "acc": 0.6516023007395234
}