{
    "fbeta-1.0": 0.558935829535657,
    "neg_prec": 0.5528752436647173,
    "pos_prec": 0.6899857954545454,
    "neg_rec": 0.5651307596513075,
    "pos_rec": 0.6792518790421255,
    "neg_f": 0.558935829535657,
    "pos_f": 0.6845767638509644,
    "tn": 2269,
    "fp": 1746,
    "fn": 1835,
    "tp": 3886,
    "sensitivity": 0.6792518790421255,
    "specificity": 0.5651307596513075,
    "acc": 0.6321898110106821
}