{
    "fbeta-1.0": 0.6126394052044609,
    "neg_prec": 0.5678842177808407,
    "pos_prec": 0.7687163291844696,
    "neg_rec": 0.6650524616626311,
    "pos_rec": 0.6874896162153181,
    "neg_f": 0.6126394052044609,
    "pos_f": 0.725837572355727,
    "tn": 2472,
    "fp": 1245,
    "fn": 1881,
    "tp": 4138,
    "sensitivity": 0.6874896162153181,
    "specificity": 0.6650524616626311,
    "acc": 0.678923582580115
}