{
    "fbeta-1.0": 0.6373356273810986,
    "neg_prec": 0.5895861755343338,
    "pos_prec": 0.7853128512551517,
    "neg_rec": 0.6935009360791655,
    "pos_rec": 0.6990161747540437,
    "neg_f": 0.6373356273810986,
    "pos_f": 0.7396559329510365,
    "tn": 2593,
    "fp": 1146,
    "fn": 1805,
    "tp": 4192,
    "sensitivity": 0.6990161747540437,
    "specificity": 0.6935009360791655,
    "acc": 0.69689811010682
}