{
    "fbeta-1.0": 0.55813376349423,
    "neg_prec": 0.5612677813825805,
    "pos_prec": 0.6852853901204399,
    "neg_rec": 0.5550345508390918,
    "pos_rec": 0.6907107670654469,
    "neg_f": 0.55813376349423,
    "pos_f": 0.6879873828090773,
    "tn": 2249,
    "fp": 1803,
    "fn": 1758,
    "tp": 3926,
    "sensitivity": 0.6907107670654469,
    "specificity": 0.5550345508390918,
    "acc": 0.6342440427280197
}