{
    "fbeta-1.0": 0.5979609384596487,
    "neg_prec": 0.5587695133149678,
    "pos_prec": 0.7488847583643122,
    "neg_rec": 0.6430647291941876,
    "pos_rec": 0.6770290707444127,
    "neg_f": 0.5979609384596487,
    "pos_f": 0.7111464124966905,
    "tn": 2434,
    "fp": 1351,
    "fn": 1922,
    "tp": 4029,
    "sensitivity": 0.6770290707444127,
    "specificity": 0.6430647291941876,
    "acc": 0.6638249794576828
}