{
    "fbeta-1.0": 0.4961507831165384,
    "neg_prec": 0.48965155881582395,
    "pos_prec": 0.6877850988342625,
    "neg_rec": 0.5028248587570622,
    "pos_rec": 0.6763581990363848,
    "neg_f": 0.4961507831165384,
    "pos_f": 0.682023789579494,
    "tn": 1869,
    "fp": 1848,
    "fn": 1948,
    "tp": 4071,
    "sensitivity": 0.6763581990363848,
    "specificity": 0.5028248587570622,
    "acc": 0.6101068200493016
}