{
    "fbeta-1.0": 0.5089201877934272,
    "neg_prec": 0.5168937329700273,
    "pos_prec": 0.6887570062644247,
    "neg_rec": 0.5011889035667108,
    "pos_rec": 0.7020668795160477,
    "neg_f": 0.5089201877934272,
    "pos_f": 0.6953482566364317,
    "tn": 1897,
    "fp": 1888,
    "fn": 1773,
    "tp": 4178,
    "sensitivity": 0.7020668795160477,
    "specificity": 0.5011889035667108,
    "acc": 0.6239728841413311
}