{
    "fbeta-1.0": 0.5842752453111414,
    "neg_prec": 0.5816023738872403,
    "pos_prec": 0.7092410400562192,
    "neg_rec": 0.5869727976041926,
    "pos_rec": 0.7046604992145226,
    "neg_f": 0.5842752453111414,
    "pos_f": 0.7069433499693546,
    "tn": 2352,
    "fp": 1655,
    "fn": 1692,
    "tp": 4037,
    "sensitivity": 0.7046604992145226,
    "specificity": 0.5869727976041926,
    "acc": 0.6562243221035333
}