{
    "fbeta-1.0": 0.5787619526925013,
    "neg_prec": 0.4520440251572327,
    "pos_prec": 0.8795180722891566,
    "neg_rec": 0.8041958041958042,
    "pos_rec": 0.5945317044793484,
    "neg_f": 0.5787619526925013,
    "pos_f": 0.7094758764317945,
    "tn": 2300,
    "fp": 560,
    "fn": 2788,
    "tp": 4088,
    "sensitivity": 0.5945317044793484,
    "specificity": 0.8041958041958042,
    "acc": 0.6561216105176664
}