{
    "fbeta-1.0": 0.5043980569778128,
    "neg_prec": 0.5189086980010805,
    "pos_prec": 0.6695392774279085,
    "neg_rec": 0.49067688378033203,
    "pos_rec": 0.6940388249441677,
    "neg_f": 0.5043980569778128,
    "pos_f": 0.6815689582454661,
    "tn": 1921,
    "fp": 1994,
    "fn": 1781,
    "tp": 4040,
    "sensitivity": 0.6940388249441677,
    "specificity": 0.49067688378033203,
    "acc": 0.6122637633525062
}