{
    "fbeta-1.0": 0.5339554173146708,
    "neg_prec": 0.5179783756600452,
    "pos_prec": 0.7084563292238236,
    "neg_rec": 0.5509494517250602,
    "pos_rec": 0.6803401700850426,
    "neg_f": 0.5339554173146708,
    "pos_f": 0.6941136440966316,
    "tn": 2060,
    "fp": 1679,
    "fn": 1917,
    "tp": 4080,
    "sensitivity": 0.6803401700850426,
    "specificity": 0.5509494517250602,
    "acc": 0.6306491372226787
}