{
    "fbeta-1.0": 0.5781882591093118,
    "neg_prec": 0.5381535562882713,
    "pos_prec": 0.7499089253187614,
    "neg_rec": 0.6246582832148715,
    "pos_rec": 0.6773609740046068,
    "neg_f": 0.5781882591093118,
    "pos_f": 0.7117911479944676,
    "tn": 2285,
    "fp": 1373,
    "fn": 1961,
    "tp": 4117,
    "sensitivity": 0.6773609740046068,
    "specificity": 0.6246582832148715,
    "acc": 0.6575595727198028
}