{
    "fbeta-1.0": 0.6707302778103388,
    "neg_prec": 0.6324049513704686,
    "pos_prec": 0.7801227935533385,
    "neg_rec": 0.7140004991265285,
    "pos_rec": 0.7097224646535172,
    "neg_f": 0.6707302778103388,
    "pos_f": 0.7432592998811809,
    "tn": 2861,
    "fp": 1146,
    "fn": 1663,
    "tp": 4066,
    "sensitivity": 0.7097224646535172,
    "specificity": 0.7140004991265285,
    "acc": 0.7114831552999178
}