{
    "fbeta-1.0": 0.6464354527938343,
    "neg_prec": 0.5703357416064598,
    "pos_prec": 0.8182902584493041,
    "neg_rec": 0.7459699833240689,
    "pos_rec": 0.6705767350928641,
    "neg_f": 0.6464354527938343,
    "pos_f": 0.7371060171919769,
    "tn": 2684,
    "fp": 914,
    "fn": 2022,
    "tp": 4116,
    "sensitivity": 0.6705767350928641,
    "specificity": 0.7459699833240689,
    "acc": 0.6984387838948234
}