{
    "fbeta-1.0": 0.5131156316916488,
    "neg_prec": 0.40205536912751677,
    "pos_prec": 0.84158615136876,
    "neg_rec": 0.7089497041420119,
    "pos_rec": 0.5945676905574516,
    "neg_f": 0.5131156316916488,
    "pos_f": 0.6968333333333334,
    "tn": 1917,
    "fp": 787,
    "fn": 2851,
    "tp": 4181,
    "sensitivity": 0.5945676905574516,
    "specificity": 0.7089497041420119,
    "acc": 0.6263352506162695
}