{
    "fbeta-1.0": 0.5021939136588818,
    "neg_prec": 0.5113865667339291,
    "pos_prec": 0.7092707834689644,
    "neg_rec": 0.4933259176863181,
    "pos_rec": 0.7239413680781759,
    "neg_f": 0.5021939136588818,
    "pos_f": 0.7165309905698397,
    "tn": 1774,
    "fp": 1822,
    "fn": 1695,
    "tp": 4445,
    "sensitivity": 0.7239413680781759,
    "specificity": 0.4933259176863181,
    "acc": 0.6387633525061627
}