{
    "fbeta-1.0": 0.47462811066314475,
    "neg_prec": 0.37052311699587587,
    "pos_prec": 0.8286215636576331,
    "neg_rec": 0.660092807424594,
    "pos_rec": 0.5944055944055944,
    "neg_f": 0.47462811066314475,
    "pos_f": 0.6922387816597443,
    "tn": 1707,
    "fp": 879,
    "fn": 2900,
    "tp": 4250,
    "sensitivity": 0.5944055944055944,
    "specificity": 0.660092807424594,
    "acc": 0.6118529170090387
}