{
    "fbeta-1.0": 0.6437029063509149,
    "neg_prec": 0.5861468089740797,
    "pos_prec": 0.7902818270165209,
    "neg_rec": 0.7137931034482758,
    "pos_rec": 0.6815286624203821,
    "neg_f": 0.6437029063509149,
    "pos_f": 0.7318873188731888,
    "tn": 2691,
    "fp": 1079,
    "fn": 1900,
    "tp": 4066,
    "sensitivity": 0.6815286624203821,
    "specificity": 0.7137931034482758,
    "acc": 0.6940221857025473
}