{
    "fbeta-1.0": 0.6121339429136291,
    "neg_prec": 0.5403577661431065,
    "pos_prec": 0.7996894409937888,
    "neg_rec": 0.7058991165574238,
    "pos_rec": 0.6616348161233339,
    "neg_f": 0.6121339429136291,
    "pos_f": 0.7241409614201599,
    "tn": 2477,
    "fp": 1032,
    "fn": 2107,
    "tp": 4120,
    "sensitivity": 0.6616348161233339,
    "specificity": 0.7058991165574238,
    "acc": 0.6775883319638455
}