{
    "fbeta-1.0": 0.5355529745773647,
    "neg_prec": 0.49987954709708504,
    "pos_prec": 0.7273052820053715,
    "neg_rec": 0.5767092829349638,
    "pos_rec": 0.6617790811339198,
    "neg_f": 0.5355529745773647,
    "pos_f": 0.692996673206517,
    "tn": 2075,
    "fp": 1523,
    "fn": 2076,
    "tp": 4062,
    "sensitivity": 0.6617790811339198,
    "specificity": 0.5767092829349638,
    "acc": 0.6303410024650781
}