{
    "fbeta-1.0": 0.5009251916468411,
    "neg_prec": 0.4675548976067111,
    "pos_prec": 0.7152912194263593,
    "neg_rec": 0.5394249928835753,
    "pos_rec": 0.6532219186887354,
    "neg_f": 0.5009251916468411,
    "pos_f": 0.6828489837056947,
    "tn": 1895,
    "fp": 1618,
    "fn": 2158,
    "tp": 4065,
    "sensitivity": 0.6532219186887354,
    "specificity": 0.5394249928835753,
    "acc": 0.6121610517666393
}