{
    "fbeta-1.0": 0.5877786125720009,
    "neg_prec": 0.537562986715529,
    "pos_prec": 0.7629422718808193,
    "neg_rec": 0.6483425414364641,
    "pos_rec": 0.6698822759973839,
    "neg_f": 0.5877786125720009,
    "pos_f": 0.7133902141737768,
    "tn": 2347,
    "fp": 1273,
    "fn": 2019,
    "tp": 4097,
    "sensitivity": 0.6698822759973839,
    "specificity": 0.6483425414364641,
    "acc": 0.661873459326212
}