{
    "fbeta-1.0": 0.5049833887043189,
    "neg_prec": 0.4625121713729309,
    "pos_prec": 0.73045486851457,
    "neg_rec": 0.5560433128475271,
    "pos_rec": 0.6505776230416205,
    "neg_f": 0.5049833887043189,
    "pos_f": 0.6882062442454172,
    "tn": 1900,
    "fp": 1517,
    "fn": 2208,
    "tp": 4111,
    "sensitivity": 0.6505776230416205,
    "specificity": 0.5560433128475271,
    "acc": 0.6173993426458505
}