{
    "fbeta-1.0": 0.5478906871849296,
    "neg_prec": 0.4658244980825626,
    "pos_prec": 0.8038845936262493,
    "neg_rec": 0.6650563607085346,
    "pos_rec": 0.6428894586035289,
    "neg_f": 0.5478906871849296,
    "pos_f": 0.714429361488185,
    "tn": 2065,
    "fp": 1040,
    "fn": 2368,
    "tp": 4263,
    "sensitivity": 0.6428894586035289,
    "specificity": 0.6650563607085346,
    "acc": 0.6499589153656532
}