{
    "fbeta-1.0": 0.5855153914931664,
    "neg_prec": 0.5603911980440098,
    "pos_prec": 0.7437123627346794,
    "neg_rec": 0.6129981278416688,
    "pos_rec": 0.7001834250458563,
    "neg_f": 0.5855153914931664,
    "pos_f": 0.7212917632912479,
    "tn": 2292,
    "fp": 1447,
    "fn": 1798,
    "tp": 4199,
    "sensitivity": 0.7001834250458563,
    "specificity": 0.6129981278416688,
    "acc": 0.6667009038619556
}