{
    "fbeta-1.0": 0.6621557454890787,
    "neg_prec": 0.5805578684429642,
    "pos_prec": 0.8315085158150851,
    "neg_rec": 0.7704419889502763,
    "pos_rec": 0.67053629823414,
    "neg_f": 0.6621557454890787,
    "pos_f": 0.7423968139029689,
    "tn": 2789,
    "fp": 831,
    "fn": 2015,
    "tp": 4101,
    "sensitivity": 0.67053629823414,
    "specificity": 0.7704419889502763,
    "acc": 0.7076828266228431
}