{
    "fbeta-1.0": 0.49765886287625416,
    "neg_prec": 0.4490584258812168,
    "pos_prec": 0.7366821594565606,
    "neg_rec": 0.558055805580558,
    "pos_rec": 0.6436045603623302,
    "neg_f": 0.49765886287625416,
    "pos_f": 0.6870050846044845,
    "tn": 1860,
    "fp": 1473,
    "fn": 2282,
    "tp": 4121,
    "sensitivity": 0.6436045603623302,
    "specificity": 0.558055805580558,
    "acc": 0.6143179950698439
}