{
    "fbeta-1.0": 0.5511385565418757,
    "neg_prec": 0.48243243243243245,
    "pos_prec": 0.7751132930513596,
    "neg_rec": 0.6426642664266426,
    "pos_rec": 0.6411057316882711,
    "neg_f": 0.5511385565418757,
    "pos_f": 0.7017693819984614,
    "tn": 2142,
    "fp": 1191,
    "fn": 2298,
    "tp": 4105,
    "sensitivity": 0.6411057316882711,
    "specificity": 0.6426642664266426,
    "acc": 0.6416392769104355
}