{
    "fbeta-1.0": 0.5685678073510773,
    "neg_prec": 0.4325106054762823,
    "pos_prec": 0.8986813186813187,
    "neg_rec": 0.8295118343195266,
    "pos_rec": 0.5814846416382252,
    "neg_f": 0.5685678073510773,
    "pos_f": 0.7060956656881368,
    "tn": 2243,
    "fp": 461,
    "fn": 2943,
    "tp": 4089,
    "sensitivity": 0.5814846416382252,
    "specificity": 0.8295118343195266,
    "acc": 0.6503697617091208
}