{
    "fbeta-1.0": 0.5246873791414206,
    "neg_prec": 0.5342609608821213,
    "pos_prec": 0.677239750295259,
    "neg_rec": 0.5154508611955421,
    "pos_rec": 0.693503800967519,
    "neg_f": 0.5246873791414206,
    "pos_f": 0.6852752880921895,
    "tn": 2035,
    "fp": 1913,
    "fn": 1774,
    "tp": 4014,
    "sensitivity": 0.693503800967519,
    "specificity": 0.5154508611955421,
    "acc": 0.6213023829087921
}