{
    "fbeta-1.0": 0.4866540846589378,
    "neg_prec": 0.425206124852768,
    "pos_prec": 0.7508650519031141,
    "neg_rec": 0.5688622754491018,
    "pos_rec": 0.6282188023769617,
    "neg_f": 0.4866540846589378,
    "pos_f": 0.684088269454123,
    "tn": 1805,
    "fp": 1368,
    "fn": 2440,
    "tp": 4123,
    "sensitivity": 0.6282188023769617,
    "specificity": 0.5688622754491018,
    "acc": 0.608874281018899
}