{
    "fbeta-1.0": 0.5220861428374846,
    "neg_prec": 0.5167529283573958,
    "pos_prec": 0.7198680956306678,
    "neg_rec": 0.5275305895439377,
    "pos_rec": 0.7110749185667753,
    "neg_f": 0.5220861428374846,
    "pos_f": 0.7154444899631299,
    "tn": 1897,
    "fp": 1699,
    "fn": 1774,
    "tp": 4366,
    "sensitivity": 0.7110749185667753,
    "specificity": 0.5275305895439377,
    "acc": 0.6432826622843056
}