{
    "fbeta-1.0": 0.547279042840602,
    "neg_prec": 0.4196093904123101,
    "pos_prec": 0.87636597385901,
    "neg_rec": 0.786612426035503,
    "pos_rec": 0.5816268486916951,
    "neg_f": 0.547279042840602,
    "pos_f": 0.6992050602615607,
    "tn": 2127,
    "fp": 577,
    "fn": 2942,
    "tp": 4090,
    "sensitivity": 0.5816268486916951,
    "specificity": 0.786612426035503,
    "acc": 0.6385579293344289
}