{
    "fbeta-1.0": 0.6482020249039916,
    "neg_prec": 0.608344255133246,
    "pos_prec": 0.7615354788677782,
    "neg_rec": 0.6936488169364882,
    "pos_rec": 0.6865932529278098,
    "neg_f": 0.6482020249039916,
    "pos_f": 0.722125195330453,
    "tn": 2785,
    "fp": 1230,
    "fn": 1793,
    "tp": 3928,
    "sensitivity": 0.6865932529278098,
    "specificity": 0.6936488169364882,
    "acc": 0.6895028759244043
}