{
    "fbeta-1.0": 0.5321405750798722,
    "neg_prec": 0.5518155314073682,
    "pos_prec": 0.6696293811839678,
    "neg_rec": 0.5138203356367226,
    "pos_rec": 0.7024982406755805,
    "neg_f": 0.5321405750798722,
    "pos_f": 0.6856701296471195,
    "tn": 2082,
    "fp": 1970,
    "fn": 1691,
    "tp": 3993,
    "sensitivity": 0.7024982406755805,
    "specificity": 0.5138203356367226,
    "acc": 0.6239728841413311
}