{
    "fbeta-1.0": 0.5752667922159448,
    "neg_prec": 0.5284890426758939,
    "pos_prec": 0.7520829476022959,
    "neg_rec": 0.6311294765840221,
    "pos_rec": 0.665247297739928,
    "neg_f": 0.5752667922159448,
    "pos_f": 0.7060050404101851,
    "tn": 2291,
    "fp": 1339,
    "fn": 2044,
    "tp": 4062,
    "sensitivity": 0.665247297739928,
    "specificity": 0.6311294765840221,
    "acc": 0.6525267050123253
}