{
    "fbeta-1.0": 0.5517064408519374,
    "neg_prec": 0.4906435417617526,
    "pos_prec": 0.7642883825177438,
    "neg_rec": 0.6301289566236812,
    "pos_rec": 0.6470588235294118,
    "neg_f": 0.5517064408519374,
    "pos_f": 0.70080493235143,
    "tn": 2150,
    "fp": 1262,
    "fn": 2232,
    "tp": 4092,
    "sensitivity": 0.6470588235294118,
    "specificity": 0.6301289566236812,
    "acc": 0.641125718981101
}