{
    "fbeta-1.0": 0.5885885885885885,
    "neg_prec": 0.5048293625241468,
    "pos_prec": 0.8067756549143195,
    "neg_rec": 0.7056705670567057,
    "pos_rec": 0.639700140559113,
    "neg_f": 0.5885885885885885,
    "pos_f": 0.713588850174216,
    "tn": 2352,
    "fp": 981,
    "fn": 2307,
    "tp": 4096,
    "sensitivity": 0.639700140559113,
    "specificity": 0.7056705670567057,
    "acc": 0.6622843056696796
}