{
    "fbeta-1.0": 0.6460321154293693,
    "neg_prec": 0.6006057983556902,
    "pos_prec": 0.7661321861556512,
    "neg_rec": 0.6988922457200403,
    "pos_rec": 0.6797362942401111,
    "neg_f": 0.6460321154293693,
    "pos_f": 0.7203530060672918,
    "tn": 2776,
    "fp": 1196,
    "fn": 1846,
    "tp": 3918,
    "sensitivity": 0.6797362942401111,
    "specificity": 0.6988922457200403,
    "acc": 0.6875513557929335
}