{
    "fbeta-1.0": 0.4538878842676311,
    "neg_prec": 0.3830111902339776,
    "pos_prec": 0.7935906271536871,
    "neg_rec": 0.5569526627218935,
    "pos_rec": 0.6550056882821388,
    "neg_f": 0.4538878842676311,
    "pos_f": 0.717669055780617,
    "tn": 1506,
    "fp": 1198,
    "fn": 2426,
    "tp": 4606,
    "sensitivity": 0.6550056882821388,
    "specificity": 0.5569526627218935,
    "acc": 0.6277732128184059
}