{
    "fbeta-1.0": 0.6119788463903579,
    "neg_prec": 0.5488638870505185,
    "pos_prec": 0.7866615414184125,
    "neg_rec": 0.6914952751528627,
    "pos_rec": 0.6668295861844249,
    "neg_f": 0.6119788463903579,
    "pos_f": 0.7218058372277577,
    "tn": 2488,
    "fp": 1110,
    "fn": 2045,
    "tp": 4093,
    "sensitivity": 0.6668295861844249,
    "specificity": 0.6914952751528627,
    "acc": 0.6759449465899754
}