{
    "fbeta-1.0": 0.5015665796344648,
    "neg_prec": 0.49625419788168434,
    "pos_prec": 0.6815004262574595,
    "neg_rec": 0.5069939297967802,
    "pos_rec": 0.6721035816378006,
    "neg_f": 0.5015665796344648,
    "pos_f": 0.6767693870640027,
    "tn": 1921,
    "fp": 1868,
    "fn": 1950,
    "tp": 3997,
    "sensitivity": 0.6721035816378006,
    "specificity": 0.5069939297967802,
    "acc": 0.6078471651602301
}