{
    "fbeta-1.0": 0.6723719208974211,
    "neg_prec": 0.5979020979020979,
    "pos_prec": 0.8198604842018876,
    "neg_rec": 0.7680317040951122,
    "pos_rec": 0.6714837842379432,
    "neg_f": 0.6723719208974211,
    "pos_f": 0.7382909930715935,
    "tn": 2907,
    "fp": 878,
    "fn": 1955,
    "tp": 3996,
    "sensitivity": 0.6714837842379432,
    "specificity": 0.7680317040951122,
    "acc": 0.7090180772391126
}