{
    "fbeta-1.0": 0.6124999999999999,
    "neg_prec": 0.5005107252298263,
    "pos_prec": 0.8646973765750878,
    "neg_rec": 0.789049919484702,
    "pos_rec": 0.6312773337354849,
    "neg_f": 0.6124999999999999,
    "pos_f": 0.7297768479776848,
    "tn": 2450,
    "fp": 655,
    "fn": 2445,
    "tp": 4186,
    "sensitivity": 0.6312773337354849,
    "specificity": 0.789049919484702,
    "acc": 0.6815940838126541
}