{
    "fbeta-1.0": 0.5222775609099475,
    "neg_prec": 0.4558270676691729,
    "pos_prec": 0.775,
    "neg_rec": 0.6114087614245194,
    "pos_rec": 0.6471126009446899,
    "neg_f": 0.5222775609099475,
    "pos_f": 0.7053059868803455,
    "tn": 1940,
    "fp": 1233,
    "fn": 2316,
    "tp": 4247,
    "sensitivity": 0.6471126009446899,
    "specificity": 0.6114087614245194,
    "acc": 0.6354765817584224
}