{
    "fbeta-1.0": 0.5113863363963245,
    "neg_prec": 0.4666990763247448,
    "pos_prec": 0.7376378512984703,
    "neg_rec": 0.5655375552282769,
    "pos_rec": 0.6539977921463491,
    "neg_f": 0.5113863363963245,
    "pos_f": 0.6933043550948759,
    "tn": 1920,
    "fp": 1475,
    "fn": 2194,
    "tp": 4147,
    "sensitivity": 0.6539977921463491,
    "specificity": 0.5655375552282769,
    "acc": 0.623151191454396
}