{
    "fbeta-1.0": 0.5004110715264456,
    "neg_prec": 0.5175736961451247,
    "pos_prec": 0.6868556701030928,
    "neg_rec": 0.4843501326259947,
    "pos_rec": 0.7147167281260476,
    "neg_f": 0.5004110715264456,
    "pos_f": 0.7005092820765566,
    "tn": 1826,
    "fp": 1944,
    "fn": 1702,
    "tp": 4264,
    "sensitivity": 0.7147167281260476,
    "specificity": 0.4843501326259947,
    "acc": 0.6255135579293344
}