{
    "fbeta-1.0": 0.6394342153395928,
    "neg_prec": 0.5771516618974246,
    "pos_prec": 0.8005006739842095,
    "neg_rec": 0.7167851284855112,
    "pos_rec": 0.6839420862125699,
    "neg_f": 0.6394342153395928,
    "pos_f": 0.7376452843580872,
    "tn": 2622,
    "fp": 1036,
    "fn": 1921,
    "tp": 4157,
    "sensitivity": 0.6839420862125699,
    "specificity": 0.7167851284855112,
    "acc": 0.6962818405916187
}