{
    "fbeta-1.0": 0.4578034682080925,
    "neg_prec": 0.36548223350253806,
    "pos_prec": 0.8145131432802666,
    "neg_rec": 0.6125290023201856,
    "pos_rec": 0.6153846153846154,
    "neg_f": 0.4578034682080925,
    "pos_f": 0.7010834926704909,
    "tn": 1584,
    "fp": 1002,
    "fn": 2750,
    "tp": 4400,
    "sensitivity": 0.6153846153846154,
    "specificity": 0.6125290023201856,
    "acc": 0.6146261298274446
}