{
    "fbeta-1.0": 0.6197288219927852,
    "neg_prec": 0.5119194410193177,
    "pos_prec": 0.859958932238193,
    "neg_rec": 0.7850614560352979,
    "pos_rec": 0.6381228096906902,
    "neg_f": 0.6197288219927852,
    "pos_f": 0.732616111256888,
    "tn": 2491,
    "fp": 682,
    "fn": 2375,
    "tp": 4188,
    "sensitivity": 0.6381228096906902,
    "specificity": 0.7850614560352979,
    "acc": 0.6860106820049302
}