{
    "fbeta-1.0": 0.5417257835676512,
    "neg_prec": 0.5093378607809848,
    "pos_prec": 0.7274184927846071,
    "neg_rec": 0.5785123966942148,
    "pos_rec": 0.668686537831641,
    "neg_f": 0.5417257835676512,
    "pos_f": 0.6968171345677959,
    "tn": 2100,
    "fp": 1530,
    "fn": 2023,
    "tp": 4083,
    "sensitivity": 0.668686537831641,
    "specificity": 0.5785123966942148,
    "acc": 0.6350657354149548
}