{
    "fbeta-1.0": 0.6108160309029453,
    "neg_prec": 0.5790798809796293,
    "pos_prec": 0.7419414943171232,
    "neg_rec": 0.6462324393358876,
    "pos_rec": 0.6840749012197217,
    "neg_f": 0.6108160309029453,
    "pos_f": 0.7118341079728282,
    "tn": 2530,
    "fp": 1385,
    "fn": 1839,
    "tp": 3982,
    "sensitivity": 0.6840749012197217,
    "specificity": 0.6462324393358876,
    "acc": 0.6688578471651603
}