{
    "fbeta-1.0": 0.5326315789473685,
    "neg_prec": 0.5284595300261097,
    "pos_prec": 0.7043684388757196,
    "neg_rec": 0.5368700265251989,
    "pos_rec": 0.6972846128059002,
    "neg_f": 0.5326315789473685,
    "pos_f": 0.7008086253369272,
    "tn": 2024,
    "fp": 1746,
    "fn": 1806,
    "tp": 4160,
    "sensitivity": 0.6972846128059002,
    "specificity": 0.5368700265251989,
    "acc": 0.6351684470008216
}