{
    "fbeta-1.0": 0.635249315720576,
    "neg_prec": 0.5784568703944517,
    "pos_prec": 0.7813354158531823,
    "neg_rec": 0.7044074953813672,
    "pos_rec": 0.6729443416848832,
    "neg_f": 0.635249315720576,
    "pos_f": 0.7231005510886259,
    "tn": 2669,
    "fp": 1120,
    "fn": 1945,
    "tp": 4002,
    "sensitivity": 0.6729443416848832,
    "specificity": 0.7044074953813672,
    "acc": 0.6851889893179951
}