{
    "fbeta-1.0": 0.5784645098985997,
    "neg_prec": 0.5556586270871985,
    "pos_prec": 0.7094395280235988,
    "neg_rec": 0.6032225579053374,
    "pos_rec": 0.6675919500346982,
    "neg_f": 0.5784645098985997,
    "pos_f": 0.6878798712906685,
    "tn": 2396,
    "fp": 1576,
    "fn": 1916,
    "tp": 3848,
    "sensitivity": 0.6675919500346982,
    "specificity": 0.6032225579053374,
    "acc": 0.6413311421528348
}