{
    "fbeta-1.0": 0.6215316315205327,
    "neg_prec": 0.5370843989769821,
    "pos_prec": 0.8221649484536082,
    "neg_rec": 0.7374890254609306,
    "pos_rec": 0.656274727013768,
    "neg_f": 0.6215316315205327,
    "pos_f": 0.7299128751210068,
    "tn": 2520,
    "fp": 897,
    "fn": 2172,
    "tp": 4147,
    "sensitivity": 0.656274727013768,
    "specificity": 0.7374890254609306,
    "acc": 0.6847781429745275
}