{
    "fbeta-1.0": 0.4348209042865532,
    "neg_prec": 0.3504495977283483,
    "pos_prec": 0.7994555353901996,
    "neg_rec": 0.5726991492652745,
    "pos_rec": 0.6160839160839161,
    "neg_f": 0.4348209042865532,
    "pos_f": 0.6958925750394944,
    "tn": 1481,
    "fp": 1105,
    "fn": 2745,
    "tp": 4405,
    "sensitivity": 0.6160839160839161,
    "specificity": 0.5726991492652745,
    "acc": 0.6045603944124898
}