{
    "fbeta-1.0": 0.5089058524173028,
    "neg_prec": 0.5190760446405398,
    "pos_prec": 0.658847526772055,
    "neg_rec": 0.4991265285749938,
    "pos_rec": 0.6765578635014837,
    "neg_f": 0.5089058524173028,
    "pos_f": 0.6675852566310714,
    "tn": 2000,
    "fp": 2007,
    "fn": 1853,
    "tp": 3876,
    "sensitivity": 0.6765578635014837,
    "specificity": 0.4991265285749938,
    "acc": 0.6035332785538209
}