{
    "fbeta-1.0": 0.504309219117263,
    "neg_prec": 0.4735164296223639,
    "pos_prec": 0.708554259455638,
    "neg_rec": 0.5393854748603352,
    "pos_rec": 0.6512345679012346,
    "neg_f": 0.504309219117263,
    "pos_f": 0.6786863043846284,
    "tn": 1931,
    "fp": 1649,
    "fn": 2147,
    "tp": 4009,
    "sensitivity": 0.6512345679012346,
    "specificity": 0.5393854748603352,
    "acc": 0.6101068200493016
}