{
    "fbeta-1.0": 0.5566360052562419,
    "neg_prec": 0.47734956051386074,
    "pos_prec": 0.8009058312889225,
    "neg_rec": 0.6675070910809959,
    "pos_rec": 0.6466554929148255,
    "neg_f": 0.5566360052562419,
    "pos_f": 0.7155622997808126,
    "tn": 2118,
    "fp": 1055,
    "fn": 2319,
    "tp": 4244,
    "sensitivity": 0.6466554929148255,
    "specificity": 0.6675070910809959,
    "acc": 0.6534511092851274
}