{
    "fbeta-1.0": 0.5524502794748472,
    "neg_prec": 0.4944160074453234,
    "pos_prec": 0.7664582567120265,
    "neg_rec": 0.625920471281296,
    "pos_rec": 0.6573095726226147,
    "neg_f": 0.5524502794748472,
    "pos_f": 0.7077001443246456,
    "tn": 2125,
    "fp": 1270,
    "fn": 2173,
    "tp": 4168,
    "sensitivity": 0.6573095726226147,
    "specificity": 0.625920471281296,
    "acc": 0.6463640098603123
}