{
    "fbeta-1.0": 0.6411391647720474,
    "neg_prec": 0.6158620689655172,
    "pos_prec": 0.753434831043446,
    "neg_rec": 0.6685799850262042,
    "pos_rec": 0.7083260603944842,
    "neg_f": 0.6411391647720474,
    "pos_f": 0.7301844354475934,
    "tn": 2679,
    "fp": 1328,
    "fn": 1671,
    "tp": 4058,
    "sensitivity": 0.7083260603944842,
    "specificity": 0.6685799850262042,
    "acc": 0.6919679539852095
}