{
    "fbeta-1.0": 0.6262798634812287,
    "neg_prec": 0.5342066957787481,
    "pos_prec": 0.8323523442256952,
    "neg_rec": 0.756701030927835,
    "pos_rec": 0.6467434158650055,
    "neg_f": 0.6262798634812287,
    "pos_f": 0.72790202342918,
    "tn": 2569,
    "fp": 826,
    "fn": 2240,
    "tp": 4101,
    "sensitivity": 0.6467434158650055,
    "specificity": 0.756701030927835,
    "acc": 0.6850862777321282
}