{
    "fbeta-1.0": 0.6234304522735584,
    "neg_prec": 0.5531040449924292,
    "pos_prec": 0.7999217680422452,
    "neg_rec": 0.714245810055866,
    "pos_rec": 0.6643924626380767,
    "neg_f": 0.6234304522735584,
    "pos_f": 0.7258851717100009,
    "tn": 2557,
    "fp": 1023,
    "fn": 2066,
    "tp": 4090,
    "sensitivity": 0.6643924626380767,
    "specificity": 0.714245810055866,
    "acc": 0.6827239112571898
}