{
    "fbeta-1.0": 0.6023448949682462,
    "neg_prec": 0.5962282398452611,
    "pos_prec": 0.7167857142857142,
    "neg_rec": 0.6085883514313919,
    "pos_rec": 0.7061928219563688,
    "neg_f": 0.6023448949682462,
    "pos_f": 0.7114498404820985,
    "tn": 2466,
    "fp": 1586,
    "fn": 1670,
    "tp": 4014,
    "sensitivity": 0.7061928219563688,
    "specificity": 0.6085883514313919,
    "acc": 0.6655710764174199
}