{
    "fbeta-1.0": 0.6282020588939431,
    "neg_prec": 0.545643584944895,
    "pos_prec": 0.8130708341790136,
    "neg_rec": 0.740197461212976,
    "pos_rec": 0.6470683249878857,
    "neg_f": 0.6282020588939431,
    "pos_f": 0.720633207411405,
    "tn": 2624,
    "fp": 921,
    "fn": 2185,
    "tp": 4006,
    "sensitivity": 0.6470683249878857,
    "specificity": 0.740197461212976,
    "acc": 0.6809778142974527
}