{
    "fbeta-1.0": 0.602064933449434,
    "neg_prec": 0.5211024978466839,
    "pos_prec": 0.808523173605656,
    "neg_rec": 0.7128129602356407,
    "pos_rec": 0.6492666771802554,
    "neg_f": 0.602064933449434,
    "pos_f": 0.7201959240794191,
    "tn": 2420,
    "fp": 975,
    "fn": 2224,
    "tp": 4117,
    "sensitivity": 0.6492666771802554,
    "specificity": 0.7128129602356407,
    "acc": 0.6714256368118324
}