{
    "fbeta-1.0": 0.6119348119103052,
    "neg_prec": 0.5171913835956918,
    "pos_prec": 0.8296658516707417,
    "neg_rec": 0.7491749174917491,
    "pos_rec": 0.6359518975480244,
    "neg_f": 0.6119348119103052,
    "pos_f": 0.7200070727610292,
    "tn": 2497,
    "fp": 836,
    "fn": 2331,
    "tp": 4072,
    "sensitivity": 0.6359518975480244,
    "specificity": 0.7491749174917491,
    "acc": 0.6747124075595727
}