{
    "fbeta-1.0": 0.6077575757575758,
    "neg_prec": 0.5619816184711948,
    "pos_prec": 0.7569668246445498,
    "neg_rec": 0.6616521509633149,
    "pos_rec": 0.6714309736001345,
    "neg_f": 0.6077575757575758,
    "pos_f": 0.7116378542149349,
    "tn": 2507,
    "fp": 1282,
    "fn": 1954,
    "tp": 3993,
    "sensitivity": 0.6714309736001345,
    "specificity": 0.6616521509633149,
    "acc": 0.6676253081347576
}