{
    "fbeta-1.0": 0.6517040731504572,
    "neg_prec": 0.5727405552076811,
    "pos_prec": 0.8208291203235591,
    "neg_rec": 0.7559228650137741,
    "pos_rec": 0.664755977726826,
    "neg_f": 0.6517040731504572,
    "pos_f": 0.7345941543751697,
    "tn": 2744,
    "fp": 886,
    "fn": 2047,
    "tp": 4059,
    "sensitivity": 0.664755977726826,
    "specificity": 0.7559228650137741,
    "acc": 0.698746918652424
}