{
    "fbeta-1.0": 0.5168155543878088,
    "neg_prec": 0.4836488812392427,
    "pos_prec": 0.7216440289292644,
    "neg_rec": 0.5548660084626235,
    "pos_rec": 0.6607979324826361,
    "neg_f": 0.5168155543878088,
    "pos_f": 0.6898819561551434,
    "tn": 1967,
    "fp": 1578,
    "fn": 2100,
    "tp": 4091,
    "sensitivity": 0.6607979324826361,
    "specificity": 0.5548660084626235,
    "acc": 0.6222267871815941
}