{
    "fbeta-1.0": 0.5699601696004112,
    "neg_prec": 0.5194379391100703,
    "pos_prec": 0.7630808635199414,
    "neg_rec": 0.6313692001138628,
    "pos_rec": 0.6702555037763137,
    "neg_f": 0.5699601696004112,
    "pos_f": 0.7136624176576268,
    "tn": 2218,
    "fp": 1295,
    "fn": 2052,
    "tp": 4171,
    "sensitivity": 0.6702555037763137,
    "specificity": 0.6313692001138628,
    "acc": 0.6562243221035333
}