{
    "fbeta-1.0": 0.6082238032075243,
    "neg_prec": 0.5166973980741651,
    "pos_prec": 0.8166838311019567,
    "neg_rec": 0.7391559202813599,
    "pos_rec": 0.6269765970904491,
    "neg_f": 0.6082238032075243,
    "pos_f": 0.7093657751140531,
    "tn": 2522,
    "fp": 890,
    "fn": 2359,
    "tp": 3965,
    "sensitivity": 0.6269765970904491,
    "specificity": 0.7391559202813599,
    "acc": 0.6662900575184881
}