{
    "fbeta-1.0": 0.6752166377816291,
    "neg_prec": 0.6348033890940691,
    "pos_prec": 0.7798558347944672,
    "neg_rec": 0.7211253701875617,
    "pos_rec": 0.7042575650950035,
    "neg_f": 0.6752166377816291,
    "pos_f": 0.7401312748451512,
    "tn": 2922,
    "fp": 1130,
    "fn": 1681,
    "tp": 4003,
    "sensitivity": 0.7042575650950035,
    "specificity": 0.7211253701875617,
    "acc": 0.711277732128184
}