{
    "fbeta-1.0": 0.4748462828395752,
    "neg_prec": 0.451741558096251,
    "pos_prec": 0.7161506276150628,
    "neg_rec": 0.5004418262150221,
    "pos_rec": 0.6748146979971613,
    "neg_f": 0.4748462828395752,
    "pos_f": 0.6948684637869438,
    "tn": 1699,
    "fp": 1696,
    "fn": 2062,
    "tp": 4279,
    "sensitivity": 0.6748146979971613,
    "specificity": 0.5004418262150221,
    "acc": 0.6140098603122432
}