{
    "fbeta-1.0": 0.5986995460679672,
    "neg_prec": 0.5297438124185845,
    "pos_prec": 0.7846003898635477,
    "neg_rec": 0.688293370944993,
    "pos_rec": 0.6501372960749475,
    "neg_f": 0.5986995460679672,
    "pos_f": 0.7110679268615847,
    "tn": 2440,
    "fp": 1105,
    "fn": 2166,
    "tp": 4025,
    "sensitivity": 0.6501372960749475,
    "specificity": 0.688293370944993,
    "acc": 0.6640304026294166
}