{
    "fbeta-1.0": 0.5304,
    "neg_prec": 0.42866379310344827,
    "pos_prec": 0.8290816326530612,
    "neg_rec": 0.6954545454545454,
    "pos_rec": 0.6144560791157649,
    "neg_f": 0.5304,
    "pos_f": 0.7058135649849648,
    "tn": 1989,
    "fp": 871,
    "fn": 2651,
    "tp": 4225,
    "sensitivity": 0.6144560791157649,
    "specificity": 0.6954545454545454,
    "acc": 0.6382497945768283
}