{
    "fbeta-1.0": 0.649710162072637,
    "neg_prec": 0.5653695696932263,
    "pos_prec": 0.8257839721254355,
    "neg_rec": 0.7636262513904338,
    "pos_rec": 0.6561889250814332,
    "neg_f": 0.649710162072637,
    "pos_f": 0.731282330520011,
    "tn": 2746,
    "fp": 850,
    "fn": 2111,
    "tp": 4029,
    "sensitivity": 0.6561889250814332,
    "specificity": 0.7636262513904338,
    "acc": 0.6958709942481512
}