{
    "fbeta-1.0": 0.6693877551020407,
    "neg_prec": 0.5972944849115505,
    "pos_prec": 0.8174812411275604,
    "neg_rec": 0.7612732095490716,
    "pos_rec": 0.6756620851491787,
    "neg_f": 0.6693877551020407,
    "pos_f": 0.739836652289621,
    "tn": 2870,
    "fp": 900,
    "fn": 1935,
    "tp": 4031,
    "sensitivity": 0.6756620851491787,
    "specificity": 0.7612732095490716,
    "acc": 0.7088126540673788
}