{
    "fbeta-1.0": 0.4812398042414356,
    "neg_prec": 0.4163726182074806,
    "pos_prec": 0.7566089334548769,
    "neg_rec": 0.5700483091787439,
    "pos_rec": 0.6258482883426331,
    "neg_f": 0.4812398042414356,
    "pos_f": 0.6850445691647408,
    "tn": 1770,
    "fp": 1335,
    "fn": 2481,
    "tp": 4150,
    "sensitivity": 0.6258482883426331,
    "specificity": 0.5700483091787439,
    "acc": 0.6080525883319639
}