{
    "fbeta-1.0": 0.5283982131461392,
    "neg_prec": 0.5280612244897959,
    "pos_prec": 0.6827716643741403,
    "neg_rec": 0.5287356321839081,
    "pos_rec": 0.682185191547844,
    "neg_f": 0.5283982131461392,
    "pos_f": 0.6824783019678611,
    "tn": 2070,
    "fp": 1845,
    "fn": 1850,
    "tp": 3971,
    "sensitivity": 0.682185191547844,
    "specificity": 0.5287356321839081,
    "acc": 0.620480690221857
}