{
    "fbeta-1.0": 0.650184238678236,
    "neg_prec": 0.5909680207433017,
    "pos_prec": 0.7944400939702427,
    "neg_rec": 0.7225891677675033,
    "pos_rec": 0.6819022013107041,
    "neg_f": 0.650184238678236,
    "pos_f": 0.7338819061397958,
    "tn": 2735,
    "fp": 1050,
    "fn": 1893,
    "tp": 4058,
    "sensitivity": 0.6819022013107041,
    "specificity": 0.7225891677675033,
    "acc": 0.6977198027937551
}