{
    "fbeta-1.0": 0.5555984059647769,
    "neg_prec": 0.5410615923885829,
    "pos_prec": 0.7171717171717171,
    "neg_rec": 0.5709379128137384,
    "pos_rec": 0.6919845404133759,
    "neg_f": 0.5555984059647769,
    "pos_f": 0.7043530317283844,
    "tn": 2161,
    "fp": 1624,
    "fn": 1833,
    "tp": 4118,
    "sensitivity": 0.6919845404133759,
    "specificity": 0.5709379128137384,
    "acc": 0.6449260476581758
}