{
    "fbeta-1.0": 0.5895081142282048,
    "neg_prec": 0.585603599100225,
    "pos_prec": 0.7201394943330427,
    "neg_rec": 0.5934650455927052,
    "pos_rec": 0.7135452660677263,
    "neg_f": 0.5895081142282048,
    "pos_f": 0.7168272151349474,
    "tn": 2343,
    "fp": 1605,
    "fn": 1658,
    "tp": 4130,
    "sensitivity": 0.7135452660677263,
    "specificity": 0.5934650455927052,
    "acc": 0.6648520953163517
}