{
    "fbeta-1.0": 0.5991324317427914,
    "neg_prec": 0.5033226152197213,
    "pos_prec": 0.8373101952277657,
    "neg_rec": 0.7399936968168925,
    "pos_rec": 0.6469602316014018,
    "neg_f": 0.5991324317427914,
    "pos_f": 0.7299295169331271,
    "tn": 2348,
    "fp": 825,
    "fn": 2317,
    "tp": 4246,
    "sensitivity": 0.6469602316014018,
    "specificity": 0.7399936968168925,
    "acc": 0.6772801972062449
}