{
    "fbeta-1.0": 0.5428864920390345,
    "neg_prec": 0.4940406637064735,
    "pos_prec": 0.7443650357339198,
    "neg_rec": 0.6024508406953548,
    "pos_rec": 0.6523205395856753,
    "neg_f": 0.5428864920390345,
    "pos_f": 0.6953098254022595,
    "tn": 2114,
    "fp": 1395,
    "fn": 2165,
    "tp": 4062,
    "sensitivity": 0.6523205395856753,
    "specificity": 0.6024508406953548,
    "acc": 0.6343467543138867
}