{
    "fbeta-1.0": 0.5218682505399568,
    "neg_prec": 0.4843397644700576,
    "pos_prec": 0.7416884247171454,
    "neg_rec": 0.565700907228563,
    "pos_rec": 0.6743155562589017,
    "neg_f": 0.5218682505399568,
    "pos_f": 0.7063992042440319,
    "tn": 1933,
    "fp": 1484,
    "fn": 2058,
    "tp": 4261,
    "sensitivity": 0.6743155562589017,
    "specificity": 0.565700907228563,
    "acc": 0.6361955628594905
}