{
    "fbeta-1.0": 0.5235615725071596,
    "neg_prec": 0.50718789407314,
    "pos_prec": 0.7043839889100676,
    "neg_rec": 0.5410277105192359,
    "pos_rec": 0.675361355706928,
    "neg_f": 0.5235615725071596,
    "pos_f": 0.6895674300254453,
    "tn": 2011,
    "fp": 1706,
    "fn": 1954,
    "tp": 4065,
    "sensitivity": 0.675361355706928,
    "specificity": 0.5410277105192359,
    "acc": 0.6240755957271981
}