{
    "fbeta-1.0": 0.6718935614160134,
    "neg_prec": 0.5906432748538012,
    "pos_prec": 0.8379143088116411,
    "neg_rec": 0.7790633608815427,
    "pos_rec": 0.6790042581067802,
    "neg_f": 0.6718935614160134,
    "pos_f": 0.7501356974850734,
    "tn": 2828,
    "fp": 802,
    "fn": 1960,
    "tp": 4146,
    "sensitivity": 0.6790042581067802,
    "specificity": 0.7790633608815427,
    "acc": 0.7163105998356615
}