{
    "fbeta-1.0": 0.5365402405180388,
    "neg_prec": 0.424459261668564,
    "pos_prec": 0.7295790354056314,
    "neg_rec": 0.729050279329609,
    "pos_rec": 0.4251137102014295,
    "neg_f": 0.5365402405180388,
    "pos_f": 0.5372061993225906,
    "tn": 2610,
    "fp": 970,
    "fn": 3539,
    "tp": 2617,
    "sensitivity": 0.4251137102014295,
    "specificity": 0.729050279329609,
    "acc": 0.536873459326212
}