{
    "fbeta-1.0": 0.43881744663926814,
    "neg_prec": 0.34201281256457944,
    "pos_prec": 0.7857872166632632,
    "neg_rec": 0.6120562130177515,
    "pos_rec": 0.5472127417519909,
    "neg_f": 0.43881744663926814,
    "pos_f": 0.6451504736356777,
    "tn": 1655,
    "fp": 1049,
    "fn": 3184,
    "tp": 3848,
    "sensitivity": 0.5472127417519909,
    "specificity": 0.6120562130177515,
    "acc": 0.5652218570254725
}