{
    "fbeta-1.0": 0.5005752268950531,
    "neg_prec": 0.4210752688172043,
    "pos_prec": 0.7611089264648053,
    "neg_rec": 0.6170816262212417,
    "pos_rec": 0.5898217278683529,
    "neg_f": 0.5005752268950531,
    "pos_f": 0.6646064039831745,
    "tn": 1958,
    "fp": 1215,
    "fn": 2692,
    "tp": 3871,
    "sensitivity": 0.5898217278683529,
    "specificity": 0.6170816262212417,
    "acc": 0.5987058340180772
}