{
    "fbeta-1.0": 0.6712552496500234,
    "neg_prec": 0.5809773828756059,
    "pos_prec": 0.844690635451505,
    "neg_rec": 0.7947513812154696,
    "pos_rec": 0.6607259646827992,
    "neg_f": 0.6712552496500234,
    "pos_f": 0.7414678899082568,
    "tn": 2877,
    "fp": 743,
    "fn": 2075,
    "tp": 4041,
    "sensitivity": 0.6607259646827992,
    "specificity": 0.7947513812154696,
    "acc": 0.7105587510271159
}