{
    "fbeta-1.0": 0.580625812256323,
    "neg_prec": 0.48151218703365944,
    "pos_prec": 0.7117408906882591,
    "neg_rec": 0.7311178247734139,
    "pos_rec": 0.4574947952810548,
    "neg_f": 0.580625812256323,
    "pos_f": 0.5569753933889534,
    "tn": 2904,
    "fp": 1068,
    "fn": 3127,
    "tp": 2637,
    "sensitivity": 0.4574947952810548,
    "specificity": 0.7311178247734139,
    "acc": 0.5691248972884141
}