{
    "fbeta-1.0": 0.6329670329670329,
    "neg_prec": 0.5784355179704017,
    "pos_prec": 0.764482620854974,
    "neg_rec": 0.6988505747126437,
    "pos_rec": 0.6574471740250816,
    "neg_f": 0.6329670329670329,
    "pos_f": 0.7069363627967118,
    "tn": 2736,
    "fp": 1179,
    "fn": 1994,
    "tp": 3827,
    "sensitivity": 0.6574471740250816,
    "specificity": 0.6988505747126437,
    "acc": 0.6740961380443714
}