{
    "fbeta-1.0": 0.6647438855560683,
    "neg_prec": 0.5904898544783768,
    "pos_prec": 0.813053325097797,
    "neg_rec": 0.7603589337556084,
    "pos_rec": 0.6640322851858079,
    "neg_f": 0.6647438855560683,
    "pos_f": 0.7310255460940392,
    "tn": 2881,
    "fp": 908,
    "fn": 1998,
    "tp": 3949,
    "sensitivity": 0.6640322851858079,
    "specificity": 0.7603589337556084,
    "acc": 0.7015201314708299
}