{
    "fbeta-1.0": 0.5127475087356025,
    "neg_prec": 0.42749244712990936,
    "pos_prec": 0.782046256370051,
    "neg_rec": 0.6404784998383446,
    "pos_rec": 0.6006322444678609,
    "neg_f": 0.5127475087356025,
    "pos_f": 0.6794380587484036,
    "tn": 1981,
    "fp": 1112,
    "fn": 2653,
    "tp": 3990,
    "sensitivity": 0.6006322444678609,
    "specificity": 0.6404784998383446,
    "acc": 0.613290879211175
}