{
    "fbeta-1.0": 0.614404703576678,
    "neg_prec": 0.4957501482506424,
    "pos_prec": 0.8723540731237973,
    "neg_rec": 0.8077294685990338,
    "pos_rec": 0.6152918111898658,
    "neg_f": 0.614404703576678,
    "pos_f": 0.7216130173328617,
    "tn": 2508,
    "fp": 597,
    "fn": 2551,
    "tp": 4080,
    "sensitivity": 0.6152918111898658,
    "specificity": 0.8077294685990338,
    "acc": 0.6766639276910436
}