{
    "fbeta-1.0": 0.5726411369917094,
    "neg_prec": 0.4736326530612245,
    "pos_prec": 0.6937136527277762,
    "neg_rec": 0.7239830296980284,
    "pos_rec": 0.437249083609705,
    "neg_f": 0.5726411369917094,
    "pos_f": 0.5364025695931477,
    "tn": 2901,
    "fp": 1106,
    "fn": 3224,
    "tp": 2505,
    "sensitivity": 0.437249083609705,
    "specificity": 0.7239830296980284,
    "acc": 0.5552588331963846
}