{
    "fbeta-1.0": 0.645045045045045,
    "neg_prec": 0.538525823165636,
    "pos_prec": 0.790833999467093,
    "neg_rec": 0.8040928375343149,
    "pos_rec": 0.5180659801012393,
    "neg_f": 0.645045045045045,
    "pos_f": 0.6260282640793081,
    "tn": 3222,
    "fp": 785,
    "fn": 2761,
    "tp": 2968,
    "sensitivity": 0.5180659801012393,
    "specificity": 0.8040928375343149,
    "acc": 0.635784716516023
}