{
    "fbeta-1.0": 0.6327156706344337,
    "neg_prec": 0.5692205784941489,
    "pos_prec": 0.7998847705012483,
    "neg_rec": 0.7121546961325966,
    "pos_rec": 0.6810006540222368,
    "neg_f": 0.6327156706344337,
    "pos_f": 0.7356707586328712,
    "tn": 2578,
    "fp": 1042,
    "fn": 1951,
    "tp": 4165,
    "sensitivity": 0.6810006540222368,
    "specificity": 0.7121546961325966,
    "acc": 0.6925842235004108
}