{
    "fbeta-1.0": 0.5156037991858887,
    "neg_prec": 0.4549412276882891,
    "pos_prec": 0.7232594321275768,
    "neg_rec": 0.5949331056077427,
    "pos_rec": 0.5976217258556966,
    "neg_f": 0.5156037991858887,
    "pos_f": 0.6544654641443026,
    "tn": 2090,
    "fp": 1423,
    "fn": 2504,
    "tp": 3719,
    "sensitivity": 0.5976217258556966,
    "specificity": 0.5949331056077427,
    "acc": 0.5966516023007395
}