{
    "fbeta-1.0": 0.4964389959136019,
    "neg_prec": 0.4572043010752688,
    "pos_prec": 0.6482500983090838,
    "neg_rec": 0.5430395913154534,
    "pos_rec": 0.5663975261982477,
    "neg_f": 0.4964389959136019,
    "pos_f": 0.6045658751260659,
    "tn": 2126,
    "fp": 1789,
    "fn": 2524,
    "tp": 3297,
    "sensitivity": 0.5663975261982477,
    "specificity": 0.5430395913154534,
    "acc": 0.5570049301561216
}