{
    "fbeta-1.0": 0.6308348567946375,
    "neg_prec": 0.514308426073132,
    "pos_prec": 0.8756377551020408,
    "neg_rec": 0.8156318941065238,
    "pos_rec": 0.6276093250038093,
    "neg_f": 0.6308348567946375,
    "pos_f": 0.7311617999467471,
    "tn": 2588,
    "fp": 585,
    "fn": 2444,
    "tp": 4119,
    "sensitivity": 0.6276093250038093,
    "specificity": 0.8156318941065238,
    "acc": 0.688886606409203
}