{
    "fbeta-1.0": 0.5475772290525881,
    "neg_prec": 0.4623974873495027,
    "pos_prec": 0.6759051186017478,
    "neg_rec": 0.671225937183384,
    "pos_rec": 0.46769177608845885,
    "neg_f": 0.5475772290525881,
    "pos_f": 0.552843868069029,
    "tn": 2650,
    "fp": 1298,
    "fn": 3081,
    "tp": 2707,
    "sensitivity": 0.46769177608845885,
    "specificity": 0.671225937183384,
    "acc": 0.5502259654889071
}