{
    "fbeta-1.0": 0.5830884753509631,
    "neg_prec": 0.47916294043999286,
    "pos_prec": 0.7782870928829916,
    "neg_rec": 0.7445803224013341,
    "pos_rec": 0.5255783642880417,
    "neg_f": 0.5830884753509631,
    "pos_f": 0.6274433531070699,
    "tn": 2679,
    "fp": 919,
    "fn": 2912,
    "tp": 3226,
    "sensitivity": 0.5255783642880417,
    "specificity": 0.7445803224013341,
    "acc": 0.6065119145439606
}