{
    "fbeta-1.0": 0.49037814560624404,
    "neg_prec": 0.39859986873769415,
    "pos_prec": 0.7990319457889642,
    "neg_rec": 0.637062937062937,
    "pos_rec": 0.6002036067481094,
    "neg_f": 0.49037814560624404,
    "pos_f": 0.6854912382692467,
    "tn": 1822,
    "fp": 1038,
    "fn": 2749,
    "tp": 4127,
    "sensitivity": 0.6002036067481094,
    "specificity": 0.637062937062937,
    "acc": 0.6110312243221035
}