{
    "fbeta-1.0": 0.6559464709691345,
    "neg_prec": 0.5476662461704812,
    "pos_prec": 0.8380702173393838,
    "neg_rec": 0.8175948345439871,
    "pos_rec": 0.5829872071772719,
    "neg_f": 0.6559464709691345,
    "pos_f": 0.6876347246717616,
    "tn": 3039,
    "fp": 678,
    "fn": 2510,
    "tp": 3509,
    "sensitivity": 0.5829872071772719,
    "specificity": 0.8175948345439871,
    "acc": 0.6725554642563681
}