{
    "fbeta-1.0": 0.5041913214990139,
    "neg_prec": 0.4442754725179231,
    "pos_prec": 0.7147866744593805,
    "neg_rec": 0.5827871188372756,
    "pos_rec": 0.589208286494299,
    "neg_f": 0.5041913214990139,
    "pos_f": 0.6459507042253521,
    "tn": 2045,
    "fp": 1464,
    "fn": 2558,
    "tp": 3669,
    "sensitivity": 0.589208286494299,
    "specificity": 0.5827871188372756,
    "acc": 0.5868940016433853
}