{
    "fbeta-1.0": 0.4962557281770426,
    "neg_prec": 0.37922787837376154,
    "pos_prec": 0.7751159196290572,
    "neg_rec": 0.7177497575169738,
    "pos_rec": 0.45295800090320637,
    "neg_f": 0.4962557281770426,
    "pos_f": 0.5717814726840856,
    "tn": 2220,
    "fp": 873,
    "fn": 3634,
    "tp": 3009,
    "sensitivity": 0.45295800090320637,
    "specificity": 0.7177497575169738,
    "acc": 0.5370788824979458
}