{
    "fbeta-1.0": 0.6702623191958813,
    "neg_prec": 0.5885898815931109,
    "pos_prec": 0.8469848752700845,
    "neg_rec": 0.7782522060916596,
    "pos_rec": 0.6929133858267716,
    "neg_f": 0.6702623191958813,
    "pos_f": 0.7622414707442108,
    "tn": 2734,
    "fp": 779,
    "fn": 1911,
    "tp": 4312,
    "sensitivity": 0.6929133858267716,
    "specificity": 0.7782522060916596,
    "acc": 0.7237058340180772
}