{
    "fbeta-1.0": 0.5658914728682172,
    "neg_prec": 0.44070720137990516,
    "pos_prec": 0.8936837975676736,
    "neg_rec": 0.7904098994586234,
    "pos_rec": 0.6372027972027972,
    "neg_f": 0.5658914728682172,
    "pos_f": 0.7439581972566949,
    "tn": 2044,
    "fp": 542,
    "fn": 2594,
    "tp": 4556,
    "sensitivity": 0.6372027972027972,
    "specificity": 0.7904098994586234,
    "acc": 0.6778964667214462
}