{
    "fbeta-1.0": 0.5354965156794426,
    "neg_prec": 0.426022176022176,
    "pos_prec": 0.7595862764883956,
    "neg_rec": 0.7206916764361079,
    "pos_rec": 0.4761227071473751,
    "neg_f": 0.5354965156794426,
    "pos_f": 0.5853421461897357,
    "tn": 2459,
    "fp": 953,
    "fn": 3313,
    "tp": 3011,
    "sensitivity": 0.4761227071473751,
    "specificity": 0.7206916764361079,
    "acc": 0.5618323746918652
}