{
    "fbeta-1.0": 0.6072538860103628,
    "neg_prec": 0.5155047283923466,
    "pos_prec": 0.8402389670456736,
    "neg_rec": 0.7387330601953986,
    "pos_rec": 0.6643303367362486,
    "neg_f": 0.6072538860103628,
    "pos_f": 0.7420013614703879,
    "tn": 2344,
    "fp": 829,
    "fn": 2203,
    "tp": 4360,
    "sensitivity": 0.6643303367362486,
    "specificity": 0.7387330601953986,
    "acc": 0.6885784716516024
}