{
    "fbeta-1.0": 0.5335748479751585,
    "neg_prec": 0.4447799827437446,
    "pos_prec": 0.797843137254902,
    "neg_rec": 0.6666666666666666,
    "pos_rec": 0.6125244618395304,
    "neg_f": 0.5335748479751585,
    "pos_f": 0.6930086008686026,
    "tn": 2062,
    "fp": 1031,
    "fn": 2574,
    "tp": 4069,
    "sensitivity": 0.6125244618395304,
    "specificity": 0.6666666666666666,
    "acc": 0.6297247329498767
}