{
    "fbeta-1.0": 0.5295913574448098,
    "neg_prec": 0.477046752697271,
    "pos_prec": 0.6937512477540427,
    "neg_rec": 0.5951438374241225,
    "pos_rec": 0.584328232722381,
    "neg_f": 0.5295913574448098,
    "pos_f": 0.6343556042351223,
    "tn": 2255,
    "fp": 1534,
    "fn": 2472,
    "tp": 3475,
    "sensitivity": 0.584328232722381,
    "specificity": 0.5951438374241225,
    "acc": 0.5885373870172556
}