{
    "fbeta-1.0": 0.5269343780607247,
    "neg_prec": 0.46549859398658877,
    "pos_prec": 0.7275572071191082,
    "neg_rec": 0.6070521861777151,
    "pos_rec": 0.6008722338879018,
    "neg_f": 0.5269343780607247,
    "pos_f": 0.6581740976645436,
    "tn": 2152,
    "fp": 1393,
    "fn": 2471,
    "tp": 3720,
    "sensitivity": 0.6008722338879018,
    "specificity": 0.6070521861777151,
    "acc": 0.6031224322103533
}