{
    "fbeta-1.0": 0.4925097475887543,
    "neg_prec": 0.361391356723385,
    "pos_prec": 0.7722132471728594,
    "neg_rec": 0.7729468599033816,
    "pos_rec": 0.3604282913587694,
    "neg_f": 0.4925097475887543,
    "pos_f": 0.49146617314414964,
    "tn": 2400,
    "fp": 705,
    "fn": 4241,
    "tp": 2390,
    "sensitivity": 0.3604282913587694,
    "specificity": 0.7729468599033816,
    "acc": 0.4919884963023829
}