{
    "fbeta-1.0": 0.68760489091345,
    "neg_prec": 0.6293614219881501,
    "pos_prec": 0.8229387912724464,
    "neg_rec": 0.7577278731836196,
    "pos_rec": 0.7161821542597883,
    "neg_f": 0.68760489091345,
    "pos_f": 0.7658580413297393,
    "tn": 2868,
    "fp": 917,
    "fn": 1689,
    "tp": 4262,
    "sensitivity": 0.7161821542597883,
    "specificity": 0.7577278731836196,
    "acc": 0.7323336072308957
}