{
    "fbeta-1.0": 0.5528793518721261,
    "neg_prec": 0.4517802826981571,
    "pos_prec": 0.754039064383892,
    "neg_rec": 0.7122708039492243,
    "pos_rec": 0.5050880310127605,
    "neg_f": 0.5528793518721261,
    "pos_f": 0.6049526020506868,
    "tn": 2525,
    "fp": 1020,
    "fn": 3064,
    "tp": 3127,
    "sensitivity": 0.5050880310127605,
    "specificity": 0.7122708039492243,
    "acc": 0.5805258833196385
}