{
    "fbeta-1.0": 0.6746713852376137,
    "neg_prec": 0.6183966635773864,
    "pos_prec": 0.8289667896678967,
    "neg_rec": 0.7422135706340378,
    "pos_rec": 0.7317589576547231,
    "neg_f": 0.6746713852376137,
    "pos_f": 0.7773356401384082,
    "tn": 2669,
    "fp": 927,
    "fn": 1647,
    "tp": 4493,
    "sensitivity": 0.7317589576547231,
    "specificity": 0.7422135706340378,
    "acc": 0.735620377978636
}