{
    "fbeta-1.0": 0.6002136752136752,
    "neg_prec": 0.47265690728588255,
    "pos_prec": 0.8397047192196151,
    "neg_rec": 0.8220661398887913,
    "pos_rec": 0.5040354486469378,
    "neg_f": 0.6002136752136752,
    "pos_f": 0.6299446202531646,
    "tn": 2809,
    "fp": 608,
    "fn": 3134,
    "tp": 3185,
    "sensitivity": 0.5040354486469378,
    "specificity": 0.8220661398887913,
    "acc": 0.6156532456861133
}