{
    "fbeta-1.0": 0.5703461789679947,
    "neg_prec": 0.45526590198123046,
    "pos_prec": 0.862983201781016,
    "neg_rec": 0.7632867132867133,
    "pos_rec": 0.6201279813845259,
    "neg_f": 0.5703461789679947,
    "pos_f": 0.7216721672167216,
    "tn": 2183,
    "fp": 677,
    "fn": 2612,
    "tp": 4264,
    "sensitivity": 0.6201279813845259,
    "specificity": 0.7632867132867133,
    "acc": 0.6621815940838126
}