{
    "fbeta-1.0": 0.5843351548269582,
    "neg_prec": 0.5351423487544484,
    "pos_prec": 0.7456106870229008,
    "neg_rec": 0.6434875635196576,
    "pos_rec": 0.6514924128731032,
    "neg_f": 0.5843351548269582,
    "pos_f": 0.6953813295363532,
    "tn": 2406,
    "fp": 1333,
    "fn": 2090,
    "tp": 3907,
    "sensitivity": 0.6514924128731032,
    "specificity": 0.6434875635196576,
    "acc": 0.6484182415776499
}