{
    "fbeta-1.0": 0.5142168674698795,
    "neg_prec": 0.46563386428103865,
    "pos_prec": 0.6928003104987386,
    "neg_rec": 0.574118913101964,
    "pos_rec": 0.5931217810267486,
    "neg_f": 0.5142168674698795,
    "pos_f": 0.6390977443609023,
    "tn": 2134,
    "fp": 1583,
    "fn": 2449,
    "tp": 3570,
    "sensitivity": 0.5931217810267486,
    "specificity": 0.574118913101964,
    "acc": 0.5858668857847165
}