{
    "fbeta-1.0": 0.5809181298921091,
    "neg_prec": 0.46748382703438884,
    "pos_prec": 0.7840497151734852,
    "neg_rec": 0.7670391061452514,
    "pos_rec": 0.4918778427550357,
    "neg_f": 0.5809181298921091,
    "pos_f": 0.6045118786184867,
    "tn": 2746,
    "fp": 834,
    "fn": 3128,
    "tp": 3028,
    "sensitivity": 0.4918778427550357,
    "specificity": 0.7670391061452514,
    "acc": 0.5930566967953985
}