{
    "fbeta-1.0": 0.6520828484989527,
    "neg_prec": 0.6119240008735531,
    "pos_prec": 0.7647857281365135,
    "neg_rec": 0.6978829389788294,
    "pos_rec": 0.6893899667890229,
    "neg_f": 0.6520828484989527,
    "pos_f": 0.725133296561868,
    "tn": 2802,
    "fp": 1213,
    "fn": 1777,
    "tp": 3944,
    "sensitivity": 0.6893899667890229,
    "specificity": 0.6978829389788294,
    "acc": 0.6928923582580115
}