{
    "fbeta-1.0": 0.6199639206253759,
    "neg_prec": 0.5101434933201385,
    "pos_prec": 0.7762047372719848,
    "neg_rec": 0.7900383141762453,
    "pos_rec": 0.48977838859302525,
    "neg_f": 0.6199639206253759,
    "pos_f": 0.6005898462186645,
    "tn": 3093,
    "fp": 822,
    "fn": 2970,
    "tp": 2851,
    "sensitivity": 0.48977838859302525,
    "specificity": 0.7900383141762453,
    "acc": 0.610517666392769
}