{
    "fbeta-1.0": 0.5579930723207724,
    "neg_prec": 0.46322760543743463,
    "pos_prec": 0.7171085542771386,
    "neg_rec": 0.7015043547110056,
    "pos_rec": 0.48209181099714143,
    "neg_f": 0.5579930723207724,
    "pos_f": 0.5765711412770237,
    "tn": 2658,
    "fp": 1131,
    "fn": 3080,
    "tp": 2867,
    "sensitivity": 0.48209181099714143,
    "specificity": 0.7015043547110056,
    "acc": 0.567481511914544
}