{
    "fbeta-1.0": 0.5332346775188062,
    "neg_prec": 0.49225865209471764,
    "pos_prec": 0.7090194610778443,
    "neg_rec": 0.581651869787463,
    "pos_rec": 0.629506562551919,
    "neg_f": 0.5332346775188062,
    "pos_f": 0.6669013464754026,
    "tn": 2162,
    "fp": 1555,
    "fn": 2230,
    "tp": 3789,
    "sensitivity": 0.629506562551919,
    "specificity": 0.581651869787463,
    "acc": 0.6112366474938373
}