{
    "fbeta-1.0": 0.6009513207165267,
    "neg_prec": 0.5004213719871903,
    "pos_prec": 0.7425716539574021,
    "neg_rec": 0.7520263424518744,
    "pos_rec": 0.4879060124395301,
    "neg_f": 0.6009513207165267,
    "pos_f": 0.5888854134084038,
    "tn": 2969,
    "fp": 979,
    "fn": 2964,
    "tp": 2824,
    "sensitivity": 0.4879060124395301,
    "specificity": 0.7520263424518744,
    "acc": 0.5950082169268693
}