{
    "fbeta-1.0": 0.5174163783160323,
    "neg_prec": 0.40218755603370987,
    "pos_prec": 0.7956239480644386,
    "neg_rec": 0.725185903653411,
    "pos_rec": 0.49811832003612827,
    "neg_f": 0.5174163783160323,
    "pos_f": 0.6126643214219589,
    "tn": 2243,
    "fp": 850,
    "fn": 3334,
    "tp": 3309,
    "sensitivity": 0.49811832003612827,
    "specificity": 0.725185903653411,
    "acc": 0.5702547247329499
}