{
    "fbeta-1.0": 0.5401442307692309,
    "neg_prec": 0.4791044776119403,
    "pos_prec": 0.7259215219976218,
    "neg_rec": 0.6190082644628099,
    "pos_rec": 0.5999017359973796,
    "neg_f": 0.5401442307692309,
    "pos_f": 0.6569225251076038,
    "tn": 2247,
    "fp": 1383,
    "fn": 2443,
    "tp": 3663,
    "sensitivity": 0.5999017359973796,
    "specificity": 0.6190082644628099,
    "acc": 0.607025472473295
}