{
    "fbeta-1.0": 0.6167276159018521,
    "neg_prec": 0.5575938566552902,
    "pos_prec": 0.7672345483359746,
    "neg_rec": 0.6898917920295593,
    "pos_rec": 0.651252732470153,
    "neg_f": 0.6167276159018521,
    "pos_f": 0.7045020463847204,
    "tn": 2614,
    "fp": 1175,
    "fn": 2074,
    "tp": 3873,
    "sensitivity": 0.651252732470153,
    "specificity": 0.6898917920295593,
    "acc": 0.6662900575184881
}