{
    "fbeta-1.0": 0.5944031172511512,
    "neg_prec": 0.5640968175705962,
    "pos_prec": 0.7174819871065605,
    "neg_rec": 0.6281507362116296,
    "pos_rec": 0.6604992145226043,
    "neg_f": 0.5944031172511512,
    "pos_f": 0.6878124147959648,
    "tn": 2517,
    "fp": 1490,
    "fn": 1945,
    "tp": 3784,
    "sensitivity": 0.6604992145226043,
    "specificity": 0.6281507362116296,
    "acc": 0.6471857025472473
}