{
    "fbeta-1.0": 0.5792536802464909,
    "neg_prec": 0.45402504472271915,
    "pos_prec": 0.846840328027014,
    "neg_rec": 0.7998739363378506,
    "pos_rec": 0.5349687642846259,
    "neg_f": 0.5792536802464909,
    "pos_f": 0.6557101503408348,
    "tn": 2538,
    "fp": 635,
    "fn": 3052,
    "tp": 3511,
    "sensitivity": 0.5349687642846259,
    "specificity": 0.7998739363378506,
    "acc": 0.6213023829087921
}