{
    "fbeta-1.0": 0.5715747467512535,
    "neg_prec": 0.47678388528508026,
    "pos_prec": 0.7106756059824652,
    "neg_rec": 0.7134099616858237,
    "pos_rec": 0.47345816869953616,
    "neg_f": 0.5715747467512535,
    "pos_f": 0.5683060109289617,
    "tn": 2793,
    "fp": 1122,
    "fn": 3065,
    "tp": 2756,
    "sensitivity": 0.47345816869953616,
    "specificity": 0.7134099616858237,
    "acc": 0.5699465899753492
}