{
    "fbeta-1.0": 0.5214246575342465,
    "neg_prec": 0.41518324607329843,
    "pos_prec": 0.746380429355966,
    "neg_rec": 0.7007363770250368,
    "pos_rec": 0.47153445828733637,
    "neg_f": 0.5214246575342465,
    "pos_f": 0.5779452981540544,
    "tn": 2379,
    "fp": 1016,
    "fn": 3351,
    "tp": 2990,
    "sensitivity": 0.47153445828733637,
    "specificity": 0.7007363770250368,
    "acc": 0.5514585045193098
}