{
    "fbeta-1.0": 0.525693497044111,
    "neg_prec": 0.41116841543659965,
    "pos_prec": 0.7906637490882568,
    "neg_rec": 0.7286479672234478,
    "pos_rec": 0.49550510437300016,
    "neg_f": 0.525693497044111,
    "pos_f": 0.6092169351817159,
    "tn": 2312,
    "fp": 861,
    "fn": 3311,
    "tp": 3252,
    "sensitivity": 0.49550510437300016,
    "specificity": 0.7286479672234478,
    "acc": 0.5714872637633525
}