{
    "fbeta-1.0": 0.5461413923367512,
    "neg_prec": 0.4512216871767434,
    "pos_prec": 0.7268103657059821,
    "neg_rec": 0.6916347731000547,
    "pos_rec": 0.493747943402435,
    "neg_f": 0.5461413923367512,
    "pos_f": 0.5880278240423239,
    "tn": 2530,
    "fp": 1128,
    "fn": 3077,
    "tp": 3001,
    "sensitivity": 0.493747943402435,
    "specificity": 0.6916347731000547,
    "acc": 0.5680977814297453
}