{
    "fbeta-1.0": 0.6507576661496242,
    "neg_prec": 0.5493553585817889,
    "pos_prec": 0.855406538139145,
    "neg_rec": 0.7980684811237928,
    "pos_rec": 0.6459882892862795,
    "neg_f": 0.6507576661496242,
    "pos_f": 0.7360923271120728,
    "tn": 2727,
    "fp": 690,
    "fn": 2237,
    "tp": 4082,
    "sensitivity": 0.6459882892862795,
    "specificity": 0.7980684811237928,
    "acc": 0.6993631881676253
}