{
    "fbeta-1.0": 0.5711625982623086,
    "neg_prec": 0.4696376934852866,
    "pos_prec": 0.7334716100596318,
    "neg_rec": 0.7286883082607548,
    "pos_rec": 0.47570203463931393,
    "neg_f": 0.5711625982623086,
    "pos_f": 0.5771113831089352,
    "tn": 2761,
    "fp": 1028,
    "fn": 3118,
    "tp": 2829,
    "sensitivity": 0.47570203463931393,
    "specificity": 0.7286883082607548,
    "acc": 0.5741577649958916
}