{
    "fbeta-1.0": 0.5996136865342163,
    "neg_prec": 0.47821302816901406,
    "pos_prec": 0.8977272727272727,
    "neg_rec": 0.8036242603550295,
    "pos_rec": 0.6628270762229806,
    "neg_f": 0.5996136865342163,
    "pos_f": 0.762598167539267,
    "tn": 2173,
    "fp": 531,
    "fn": 2371,
    "tp": 4661,
    "sensitivity": 0.6628270762229806,
    "specificity": 0.8036242603550295,
    "acc": 0.7019309778142975
}