{
    "fbeta-1.0": 0.6020304568527919,
    "neg_prec": 0.49550866931272197,
    "pos_prec": 0.8543140028288543,
    "neg_rec": 0.7668929841577756,
    "pos_rec": 0.6364594309799789,
    "neg_f": 0.6020304568527919,
    "pos_f": 0.7294685990338164,
    "tn": 2372,
    "fp": 721,
    "fn": 2415,
    "tp": 4228,
    "sensitivity": 0.6364594309799789,
    "specificity": 0.7668929841577756,
    "acc": 0.6778964667214462
}