{
    "fbeta-1.0": 0.5858858123009067,
    "neg_prec": 0.5264200792602378,
    "pos_prec": 0.7633808240277243,
    "neg_rec": 0.6604972375690608,
    "pos_rec": 0.6482995421844343,
    "neg_f": 0.5858858123009067,
    "pos_f": 0.7011494252873564,
    "tn": 2391,
    "fp": 1229,
    "fn": 2151,
    "tp": 3965,
    "sensitivity": 0.6482995421844343,
    "specificity": 0.6604972375690608,
    "acc": 0.6528348397699261
}