{
    "fbeta-1.0": 0.4793367346938775,
    "neg_prec": 0.3968321013727561,
    "pos_prec": 0.7548490301939612,
    "neg_rec": 0.6051529790660225,
    "pos_rec": 0.569295732167094,
    "neg_f": 0.4793367346938775,
    "pos_f": 0.6490715268225585,
    "tn": 1879,
    "fp": 1226,
    "fn": 2856,
    "tp": 3775,
    "sensitivity": 0.569295732167094,
    "specificity": 0.6051529790660225,
    "acc": 0.5807313064913723
}