{
    "fbeta-1.0": 0.6173347778981583,
    "neg_prec": 0.50875,
    "pos_prec": 0.8111702127659575,
    "neg_rec": 0.7848484848484848,
    "pos_rec": 0.5494595479855879,
    "neg_f": 0.6173347778981583,
    "pos_f": 0.6551454793985549,
    "tn": 2849,
    "fp": 781,
    "fn": 2751,
    "tp": 3355,
    "sensitivity": 0.5494595479855879,
    "specificity": 0.7848484848484848,
    "acc": 0.6372226787181594
}