{
    "fbeta-1.0": 0.5815328907664453,
    "neg_prec": 0.5206397233628701,
    "pos_prec": 0.7555294578195342,
    "neg_rec": 0.6585565882996173,
    "pos_rec": 0.6350773280684435,
    "neg_f": 0.5815328907664453,
    "pos_f": 0.6900867077858227,
    "tn": 2409,
    "fp": 1249,
    "fn": 2218,
    "tp": 3860,
    "sensitivity": 0.6350773280684435,
    "specificity": 0.6585565882996173,
    "acc": 0.643898931799507
}