{
    "fbeta-1.0": 0.5722063780140005,
    "neg_prec": 0.4776022505951093,
    "pos_prec": 0.8267839687194526,
    "neg_rec": 0.713546718396379,
    "pos_rec": 0.6366099653770887,
    "neg_f": 0.5722063780140005,
    "pos_f": 0.7193400238135736,
    "tn": 2207,
    "fp": 886,
    "fn": 2414,
    "tp": 4229,
    "sensitivity": 0.6366099653770887,
    "specificity": 0.713546718396379,
    "acc": 0.6610517666392769
}