{
    "fbeta-1.0": 0.5433711715570785,
    "neg_prec": 0.435237605078058,
    "pos_prec": 0.751215766572818,
    "neg_rec": 0.7229980051296666,
    "pos_rec": 0.4713345110004818,
    "neg_f": 0.5433711715570785,
    "pos_f": 0.5792382080126308,
    "tn": 2537,
    "fp": 972,
    "fn": 3292,
    "tp": 2935,
    "sensitivity": 0.4713345110004818,
    "specificity": 0.7229980051296666,
    "acc": 0.562037797863599
}