{
    "fbeta-1.0": 0.5609448457745672,
    "neg_prec": 0.44087959625090123,
    "pos_prec": 0.8264087870105062,
    "neg_rec": 0.770879294043492,
    "pos_rec": 0.5273502971202194,
    "neg_f": 0.5609448457745672,
    "pos_f": 0.6438470839921867,
    "tn": 2446,
    "fp": 727,
    "fn": 3102,
    "tp": 3461,
    "sensitivity": 0.5273502971202194,
    "specificity": 0.770879294043492,
    "acc": 0.6067173377156944
}