{
    "fbeta-1.0": 0.5712620906654235,
    "neg_prec": 0.5367936925098554,
    "pos_prec": 0.6974854932301741,
    "neg_rec": 0.6104607721046077,
    "pos_rec": 0.6303093864708967,
    "neg_f": 0.5712620906654235,
    "pos_f": 0.6621981452575522,
    "tn": 2451,
    "fp": 1564,
    "fn": 2115,
    "tp": 3606,
    "sensitivity": 0.6303093864708967,
    "specificity": 0.6104607721046077,
    "acc": 0.6221240755957272
}