{
    "fbeta-1.0": 0.541784702549575,
    "neg_prec": 0.5072944297082228,
    "pos_prec": 0.6828472755180353,
    "neg_rec": 0.581306990881459,
    "pos_rec": 0.6148928818244644,
    "neg_f": 0.541784702549575,
    "pos_f": 0.6470909090909092,
    "tn": 2295,
    "fp": 1653,
    "fn": 2229,
    "tp": 3559,
    "sensitivity": 0.6148928818244644,
    "specificity": 0.581306990881459,
    "acc": 0.6012736236647493
}