{
    "fbeta-1.0": 0.49363680861478215,
    "neg_prec": 0.4409707039790118,
    "pos_prec": 0.6937233630375823,
    "neg_rec": 0.5605892162312396,
    "pos_rec": 0.5834147930922124,
    "neg_f": 0.49363680861478215,
    "pos_f": 0.6338053097345132,
    "tn": 2017,
    "fp": 1581,
    "fn": 2557,
    "tp": 3581,
    "sensitivity": 0.5834147930922124,
    "specificity": 0.5605892162312396,
    "acc": 0.5749794576828267
}