{
    "fbeta-1.0": 0.6053268765133172,
    "neg_prec": 0.5635465865178189,
    "pos_prec": 0.726270185112249,
    "neg_rec": 0.6537982565379825,
    "pos_rec": 0.6446425450096137,
    "neg_f": 0.6053268765133172,
    "pos_f": 0.6830262061301973,
    "tn": 2625,
    "fp": 1390,
    "fn": 2033,
    "tp": 3688,
    "sensitivity": 0.6446425450096137,
    "specificity": 0.6537982565379825,
    "acc": 0.6484182415776499
}