{
    "fbeta-1.0": 0.5624922118380061,
    "neg_prec": 0.5077615298087739,
    "pos_prec": 0.74995274995275,
    "neg_rec": 0.6304469273743016,
    "pos_rec": 0.6445743989603638,
    "neg_f": 0.5624922118380061,
    "pos_f": 0.6932820826417401,
    "tn": 2257,
    "fp": 1323,
    "fn": 2188,
    "tp": 3968,
    "sensitivity": 0.6445743989603638,
    "specificity": 0.6304469273743016,
    "acc": 0.639379622021364
}