{
    "fbeta-1.0": 0.5689695277971621,
    "neg_prec": 0.5380554333479982,
    "pos_prec": 0.6905587668593449,
    "neg_rec": 0.6036525172754196,
    "pos_rec": 0.6305418719211823,
    "neg_f": 0.5689695277971621,
    "pos_f": 0.6591870516829134,
    "tn": 2446,
    "fp": 1606,
    "fn": 2100,
    "tp": 3584,
    "sensitivity": 0.6305418719211823,
    "specificity": 0.6036525172754196,
    "acc": 0.6193508627773213
}