{
    "fbeta-1.0": 0.669026952946551,
    "neg_prec": 0.6122491638795987,
    "pos_prec": 0.7893780290791599,
    "neg_rec": 0.7374118831822759,
    "pos_rec": 0.6781748785565579,
    "neg_f": 0.669026952946551,
    "pos_f": 0.7295632698768197,
    "tn": 2929,
    "fp": 1043,
    "fn": 1855,
    "tp": 3909,
    "sensitivity": 0.6781748785565579,
    "specificity": 0.7374118831822759,
    "acc": 0.702341824157765
}