{
    "fbeta-1.0": 0.5328342973800613,
    "neg_prec": 0.4891711786755519,
    "pos_prec": 0.6623429266315363,
    "neg_rec": 0.5850560398505604,
    "pos_rec": 0.5712288061527705,
    "neg_f": 0.5328342973800613,
    "pos_f": 0.6134209291412482,
    "tn": 2349,
    "fp": 1666,
    "fn": 2453,
    "tp": 3268,
    "sensitivity": 0.5712288061527705,
    "specificity": 0.5850560398505604,
    "acc": 0.5769309778142975
}