{
    "fbeta-1.0": 0.513632608096943,
    "neg_prec": 0.4091706888986398,
    "pos_prec": 0.8379683275395906,
    "neg_rec": 0.6897189349112426,
    "pos_rec": 0.6170364050056882,
    "neg_f": 0.513632608096943,
    "pos_f": 0.7107289107289106,
    "tn": 1865,
    "fp": 839,
    "fn": 2693,
    "tp": 4339,
    "sensitivity": 0.6170364050056882,
    "specificity": 0.6897189349112426,
    "acc": 0.6372226787181594
}