{
    "fbeta-1.0": 0.6507692307692308,
    "neg_prec": 0.5761634506242905,
    "pos_prec": 0.8392421684486963,
    "neg_rec": 0.7475699558173785,
    "pos_rec": 0.7055669452767702,
    "neg_f": 0.6507692307692308,
    "pos_f": 0.7666209732693625,
    "tn": 2538,
    "fp": 857,
    "fn": 1867,
    "tp": 4474,
    "sensitivity": 0.7055669452767702,
    "specificity": 0.7475699558173785,
    "acc": 0.7202136400986031
}