{
    "fbeta-1.0": 0.6580540037243949,
    "neg_prec": 0.5640462889066241,
    "pos_prec": 0.8406011854360711,
    "neg_rec": 0.7896648044692738,
    "pos_rec": 0.6450617283950617,
    "neg_f": 0.6580540037243949,
    "pos_f": 0.7299632352941177,
    "tn": 2827,
    "fp": 753,
    "fn": 2185,
    "tp": 3971,
    "sensitivity": 0.6450617283950617,
    "specificity": 0.7896648044692738,
    "acc": 0.6982333607230896
}