{
    "fbeta-1.0": 0.5799599198396793,
    "neg_prec": 0.48516345347862533,
    "pos_prec": 0.7027313709891275,
    "neg_rec": 0.7207970112079701,
    "pos_rec": 0.46320573326341546,
    "neg_f": 0.5799599198396793,
    "pos_f": 0.5583649388959123,
    "tn": 2894,
    "fp": 1121,
    "fn": 3071,
    "tp": 2650,
    "sensitivity": 0.46320573326341546,
    "specificity": 0.7207970112079701,
    "acc": 0.5694330320460148
}