{
    "fbeta-1.0": 0.4617001401214386,
    "neg_prec": 0.33737201365187713,
    "pos_prec": 0.8124355005159959,
    "neg_rec": 0.7311390532544378,
    "pos_rec": 0.4478100113765643,
    "neg_f": 0.4617001401214386,
    "pos_f": 0.5773744041070774,
    "tn": 1977,
    "fp": 727,
    "fn": 3883,
    "tp": 3149,
    "sensitivity": 0.4478100113765643,
    "specificity": 0.7311390532544378,
    "acc": 0.5264995891536566
}