{
    "fbeta-1.0": 0.5815267646152265,
    "neg_prec": 0.49815173384967437,
    "pos_prec": 0.6986436498150431,
    "neg_rec": 0.6984205330700889,
    "pos_rec": 0.49841660802251936,
    "neg_f": 0.5815267646152265,
    "pos_f": 0.5817845774720197,
    "tn": 2830,
    "fp": 1222,
    "fn": 2851,
    "tp": 2833,
    "sensitivity": 0.49841660802251936,
    "specificity": 0.6984205330700889,
    "acc": 0.5816557107641742
}