{
    "fbeta-1.0": 0.5704233895426423,
    "neg_prec": 0.5194432169686257,
    "pos_prec": 0.7378119001919385,
    "neg_rec": 0.6324993274145817,
    "pos_rec": 0.6386442930719388,
    "neg_f": 0.5704233895426423,
    "pos_f": 0.6846558019414016,
    "tn": 2351,
    "fp": 1366,
    "fn": 2175,
    "tp": 3844,
    "sensitivity": 0.6386442930719388,
    "specificity": 0.6324993274145817,
    "acc": 0.6362982744453575
}