{
    "fbeta-1.0": 0.5432009626955476,
    "neg_prec": 0.4937650404725443,
    "pos_prec": 0.7130687318489836,
    "neg_rec": 0.603637336186146,
    "pos_rec": 0.6141404035351009,
    "neg_f": 0.5432009626955476,
    "pos_f": 0.6599175774950725,
    "tn": 2257,
    "fp": 1482,
    "fn": 2314,
    "tp": 3683,
    "sensitivity": 0.6141404035351009,
    "specificity": 0.603637336186146,
    "acc": 0.6101068200493016
}