{
    "fbeta-1.0": 0.6098914354644149,
    "neg_prec": 0.5327713382507903,
    "pos_prec": 0.7962332197956321,
    "neg_rec": 0.71311706629055,
    "pos_rec": 0.6418995315780972,
    "neg_f": 0.6098914354644149,
    "pos_f": 0.7107851904847075,
    "tn": 2528,
    "fp": 1017,
    "fn": 2217,
    "tp": 3974,
    "sensitivity": 0.6418995315780972,
    "specificity": 0.71311706629055,
    "acc": 0.6678307313064914
}