{
    "fbeta-1.0": 0.526117054751416,
    "neg_prec": 0.46106331347893226,
    "pos_prec": 0.7459158177974246,
    "neg_rec": 0.6125439624853458,
    "pos_rec": 0.6136938646426312,
    "neg_f": 0.526117054751416,
    "pos_f": 0.6733755530493623,
    "tn": 2090,
    "fp": 1322,
    "fn": 2443,
    "tp": 3881,
    "sensitivity": 0.6136938646426312,
    "specificity": 0.6125439624853458,
    "acc": 0.613290879211175
}