{
    "fbeta-1.0": 0.5052555273649874,
    "neg_prec": 0.4229368932038835,
    "pos_prec": 0.7408180300500835,
    "neg_rec": 0.6273627362736274,
    "pos_rec": 0.5544276120568483,
    "neg_f": 0.5052555273649874,
    "pos_f": 0.6342117016525235,
    "tn": 2091,
    "fp": 1242,
    "fn": 2853,
    "tp": 3550,
    "sensitivity": 0.5544276120568483,
    "specificity": 0.6273627362736274,
    "acc": 0.5793960558751027
}