{
    "fbeta-1.0": 0.551917510853835,
    "neg_prec": 0.41697416974169743,
    "pos_prec": 0.7155849524596941,
    "neg_rec": 0.8159935811714362,
    "pos_rec": 0.28864432216108055,
    "neg_f": 0.551917510853835,
    "pos_f": 0.4113593155893537,
    "tn": 3051,
    "fp": 688,
    "fn": 4266,
    "tp": 1731,
    "sensitivity": 0.28864432216108055,
    "specificity": 0.8159935811714362,
    "acc": 0.49116680361544784
}