{
    "fbeta-1.0": 0.6651987228889134,
    "neg_prec": 0.5706460143558746,
    "pos_prec": 0.8271049076992346,
    "neg_rec": 0.7973079968329374,
    "pos_rec": 0.617790482596267,
    "neg_f": 0.6651987228889134,
    "pos_f": 0.7072865530849938,
    "tn": 3021,
    "fp": 768,
    "fn": 2273,
    "tp": 3674,
    "sensitivity": 0.617790482596267,
    "specificity": 0.7973079968329374,
    "acc": 0.6876540673788003
}