{
    "fbeta-1.0": 0.6008373327887266,
    "neg_prec": 0.4859596960687149,
    "pos_prec": 0.7835415535035307,
    "neg_rec": 0.7868414014442364,
    "pos_rec": 0.48107387026846754,
    "neg_f": 0.6008373327887266,
    "pos_f": 0.5961359644591383,
    "tn": 2942,
    "fp": 797,
    "fn": 3112,
    "tp": 2885,
    "sensitivity": 0.48107387026846754,
    "specificity": 0.7868414014442364,
    "acc": 0.5985004108463434
}