{
    "fbeta-1.0": 0.5625285257873117,
    "neg_prec": 0.45911715403240827,
    "pos_prec": 0.7870391573162354,
    "neg_rec": 0.7260677466863034,
    "pos_rec": 0.5420280712821322,
    "neg_f": 0.5625285257873117,
    "pos_f": 0.6419499439671275,
    "tn": 2465,
    "fp": 930,
    "fn": 2904,
    "tp": 3437,
    "sensitivity": 0.5420280712821322,
    "specificity": 0.7260677466863034,
    "acc": 0.6062037797863599
}