{
    "fbeta-1.0": 0.6602228792358426,
    "neg_prec": 0.5586989992301771,
    "pos_prec": 0.8469162995594713,
    "neg_rec": 0.8068371317398555,
    "pos_rec": 0.6264255457803845,
    "neg_f": 0.6602228792358426,
    "pos_f": 0.7201723169132797,
    "tn": 2903,
    "fp": 695,
    "fn": 2293,
    "tp": 3845,
    "sensitivity": 0.6264255457803845,
    "specificity": 0.8068371317398555,
    "acc": 0.6930977814297453
}