{
    "fbeta-1.0": 0.5447554968160518,
    "neg_prec": 0.48595927116827436,
    "pos_prec": 0.725695129165845,
    "neg_rec": 0.6197375615090214,
    "pos_rec": 0.6054623231326094,
    "neg_f": 0.5447554968160518,
    "pos_f": 0.6601488922773343,
    "tn": 2267,
    "fp": 1391,
    "fn": 2398,
    "tp": 3680,
    "sensitivity": 0.6054623231326094,
    "specificity": 0.6197375615090214,
    "acc": 0.6108258011503698
}