{
    "fbeta-1.0": 0.5133365664403492,
    "neg_prec": 0.4382115504036431,
    "pos_prec": 0.7349643221202854,
    "neg_rec": 0.6195493122622183,
    "pos_rec": 0.5705016616553252,
    "neg_f": 0.5133365664403492,
    "pos_f": 0.6423734853884533,
    "tn": 2117,
    "fp": 1300,
    "fn": 2714,
    "tp": 3605,
    "sensitivity": 0.5705016616553252,
    "specificity": 0.6195493122622183,
    "acc": 0.5877156943303204
}