{
    "fbeta-1.0": 0.5063554425699098,
    "neg_prec": 0.44998973095091394,
    "pos_prec": 0.6724881857407027,
    "neg_rec": 0.5788639365918098,
    "pos_rec": 0.5499915980507478,
    "neg_f": 0.5063554425699098,
    "pos_f": 0.6051026067665003,
    "tn": 2191,
    "fp": 1594,
    "fn": 2678,
    "tp": 3273,
    "sensitivity": 0.5499915980507478,
    "specificity": 0.5788639365918098,
    "acc": 0.561216105176664
}