{
    "fbeta-1.0": 0.5805605023901022,
    "neg_prec": 0.46079452462431186,
    "pos_prec": 0.7177446102819237,
    "neg_rec": 0.7844478216818642,
    "pos_rec": 0.3738769868693849,
    "neg_f": 0.5805605023901022,
    "pos_f": 0.4916505736680677,
    "tn": 3097,
    "fp": 851,
    "fn": 3624,
    "tp": 2164,
    "sensitivity": 0.3738769868693849,
    "specificity": 0.7844478216818642,
    "acc": 0.5403656532456861
}