{
    "fbeta-1.0": 0.5929850588110628,
    "neg_prec": 0.49504600141542815,
    "pos_prec": 0.7583251714005876,
    "neg_rec": 0.7392338177014531,
    "pos_rec": 0.5204167366829104,
    "neg_f": 0.5929850588110628,
    "pos_f": 0.6172396611858495,
    "tn": 2798,
    "fp": 987,
    "fn": 2854,
    "tp": 3097,
    "sensitivity": 0.5204167366829104,
    "specificity": 0.7392338177014531,
    "acc": 0.6054847986852917
}