{
    "fbeta-1.0": 0.6409893992932862,
    "neg_prec": 0.5727215323089876,
    "pos_prec": 0.7957873620862588,
    "neg_rec": 0.7277346884193635,
    "pos_rec": 0.6614974153743538,
    "neg_f": 0.6409893992932862,
    "pos_f": 0.7224549262429429,
    "tn": 2721,
    "fp": 1018,
    "fn": 2030,
    "tp": 3967,
    "sensitivity": 0.6614974153743538,
    "specificity": 0.7277346884193635,
    "acc": 0.6869350862777321
}