{
    "fbeta-1.0": 0.537983651226158,
    "neg_prec": 0.4383658969804618,
    "pos_prec": 0.7377009254749147,
    "neg_rec": 0.6961918194640339,
    "pos_rec": 0.48925860119528347,
    "neg_f": 0.537983651226158,
    "pos_f": 0.5883266970962415,
    "tn": 2468,
    "fp": 1077,
    "fn": 3162,
    "tp": 3029,
    "sensitivity": 0.48925860119528347,
    "specificity": 0.6961918194640339,
    "acc": 0.5646055875102711
}