{
    "fbeta-1.0": 0.5359363342452127,
    "neg_prec": 0.48296727924697447,
    "pos_prec": 0.729806598407281,
    "neg_rec": 0.6019553072625698,
    "pos_rec": 0.6252436647173489,
    "neg_f": 0.5359363342452127,
    "pos_f": 0.673490813648294,
    "tn": 2155,
    "fp": 1425,
    "fn": 2307,
    "tp": 3849,
    "sensitivity": 0.6252436647173489,
    "specificity": 0.6019553072625698,
    "acc": 0.6166803615447822
}