{
    "fbeta-1.0": 0.4952783300198807,
    "neg_prec": 0.42832581130453473,
    "pos_prec": 0.7241786346645682,
    "neg_rec": 0.587039764359352,
    "pos_rec": 0.580507806339694,
    "neg_f": 0.4952783300198807,
    "pos_f": 0.6444327731092436,
    "tn": 1993,
    "fp": 1402,
    "fn": 2660,
    "tp": 3681,
    "sensitivity": 0.580507806339694,
    "specificity": 0.587039764359352,
    "acc": 0.5827855382087099
}