{
    "fbeta-1.0": 0.4930397367754999,
    "neg_prec": 0.4050738199209815,
    "pos_prec": 0.767607063121575,
    "neg_rec": 0.6298092466860653,
    "pos_rec": 0.5693210898690351,
    "neg_f": 0.4930397367754999,
    "pos_f": 0.6537597234226448,
    "tn": 1948,
    "fp": 1145,
    "fn": 2861,
    "tp": 3782,
    "sensitivity": 0.5693210898690351,
    "specificity": 0.6298092466860653,
    "acc": 0.5885373870172556
}