{
    "fbeta-1.0": 0.47728593005693043,
    "neg_prec": 0.34795866508554973,
    "pos_prec": 0.8304200365249153,
    "neg_rec": 0.7596153846153846,
    "pos_rec": 0.45264505119453924,
    "neg_f": 0.47728593005693043,
    "pos_f": 0.5859180855959503,
    "tn": 2054,
    "fp": 650,
    "fn": 3849,
    "tp": 3183,
    "sensitivity": 0.45264505119453924,
    "specificity": 0.7596153846153846,
    "acc": 0.5379005751848809
}