{
    "fbeta-1.0": 0.5472428586376477,
    "neg_prec": 0.441201282267589,
    "pos_prec": 0.7335258598057233,
    "neg_rec": 0.7203856749311295,
    "pos_rec": 0.4575827055355388,
    "neg_f": 0.5472428586376477,
    "pos_f": 0.5635905194150277,
    "tn": 2615,
    "fp": 1015,
    "fn": 3312,
    "tp": 2794,
    "sensitivity": 0.4575827055355388,
    "specificity": 0.7203856749311295,
    "acc": 0.5555669679539852
}