{
    "fbeta-1.0": 0.6027896995708154,
    "neg_prec": 0.4864069264069264,
    "pos_prec": 0.8141883362787175,
    "neg_rec": 0.7923836389280677,
    "pos_rec": 0.5209174608302375,
    "neg_f": 0.6027896995708154,
    "pos_f": 0.6353427895981087,
    "tn": 2809,
    "fp": 736,
    "fn": 2966,
    "tp": 3225,
    "sensitivity": 0.5209174608302375,
    "specificity": 0.7923836389280677,
    "acc": 0.6197617091207889
}