{
    "fbeta-1.0": 0.5787296179119007,
    "neg_prec": 0.518308631211857,
    "pos_prec": 0.7567987567987567,
    "neg_rec": 0.6550964187327823,
    "pos_rec": 0.6380609236816246,
    "neg_f": 0.5787296179119007,
    "pos_f": 0.6923760440732184,
    "tn": 2378,
    "fp": 1252,
    "fn": 2210,
    "tp": 3896,
    "sensitivity": 0.6380609236816246,
    "specificity": 0.6550964187327823,
    "acc": 0.6444124897288415
}