{
    "fbeta-1.0": 0.5333634413458281,
    "neg_prec": 0.40978487161693267,
    "pos_prec": 0.8159617321248741,
    "neg_rec": 0.7636598771419334,
    "pos_rec": 0.48788198103266595,
    "neg_f": 0.5333634413458281,
    "pos_f": 0.6106453132359868,
    "tn": 2362,
    "fp": 731,
    "fn": 3402,
    "tp": 3241,
    "sensitivity": 0.48788198103266595,
    "specificity": 0.7636598771419334,
    "acc": 0.575493015612161
}