{
    "fbeta-1.0": 0.612691466083151,
    "neg_prec": 0.4860344011361843,
    "pos_prec": 0.812591938805531,
    "neg_rec": 0.8286252354048964,
    "pos_rec": 0.4588802126599103,
    "neg_f": 0.612691466083151,
    "pos_f": 0.5865364196220005,
    "tn": 3080,
    "fp": 637,
    "fn": 3257,
    "tp": 2762,
    "sensitivity": 0.4588802126599103,
    "specificity": 0.8286252354048964,
    "acc": 0.6000410846343468
}