{
    "fbeta-1.0": 0.633719555450461,
    "neg_prec": 0.5583333333333333,
    "pos_prec": 0.8018638573743923,
    "neg_rec": 0.7326407873154729,
    "pos_rec": 0.6512010529779533,
    "neg_f": 0.633719555450461,
    "pos_f": 0.7187216270201562,
    "tn": 2680,
    "fp": 978,
    "fn": 2120,
    "tp": 3958,
    "sensitivity": 0.6512010529779533,
    "specificity": 0.7326407873154729,
    "acc": 0.6817995069843878
}