{
    "fbeta-1.0": 0.5105977613717552,
    "neg_prec": 0.4417885843807954,
    "pos_prec": 0.7130862174892484,
    "neg_rec": 0.6047954866008463,
    "pos_rec": 0.5624293329026006,
    "neg_f": 0.5105977613717552,
    "pos_f": 0.6288603937150081,
    "tn": 2144,
    "fp": 1401,
    "fn": 2709,
    "tp": 3482,
    "sensitivity": 0.5624293329026006,
    "specificity": 0.6047954866008463,
    "acc": 0.5778553820870994
}