{
    "fbeta-1.0": 0.5916658457294847,
    "neg_prec": 0.4815586914688903,
    "pos_prec": 0.7394285714285714,
    "neg_rec": 0.7670498084291187,
    "pos_rec": 0.44459714825631336,
    "neg_f": 0.5916658457294847,
    "pos_f": 0.5553052247612917,
    "tn": 3003,
    "fp": 912,
    "fn": 3233,
    "tp": 2588,
    "sensitivity": 0.44459714825631336,
    "specificity": 0.7670498084291187,
    "acc": 0.5742604765817584
}