{
    "fbeta-1.0": 0.536503613700639,
    "neg_prec": 0.4303478406990422,
    "pos_prec": 0.726552179656539,
    "neg_rec": 0.7121802002224694,
    "pos_rec": 0.44788273615635177,
    "neg_f": 0.536503613700639,
    "pos_f": 0.5541561712846348,
    "tn": 2561,
    "fp": 1035,
    "fn": 3390,
    "tp": 2750,
    "sensitivity": 0.44788273615635177,
    "specificity": 0.7121802002224694,
    "acc": 0.5455012325390304
}