{
    "fbeta-1.0": 0.6997058157954288,
    "neg_prec": 0.6410947543023015,
    "pos_prec": 0.8121310808060248,
    "neg_rec": 0.7701120797011208,
    "pos_rec": 0.6974305191400105,
    "neg_f": 0.6997058157954288,
    "pos_f": 0.7504231709610683,
    "tn": 3092,
    "fp": 923,
    "fn": 1731,
    "tp": 3990,
    "sensitivity": 0.6974305191400105,
    "specificity": 0.7701120797011208,
    "acc": 0.7274034511092852
}