{
    "fbeta-1.0": 0.6029583909758434,
    "neg_prec": 0.4885325056044146,
    "pos_prec": 0.8056896113792228,
    "neg_rec": 0.7873818788215675,
    "pos_rec": 0.5167807103290974,
    "neg_f": 0.6029583909758434,
    "pos_f": 0.6296774193548387,
    "tn": 2833,
    "fp": 765,
    "fn": 2966,
    "tp": 3172,
    "sensitivity": 0.5167807103290974,
    "specificity": 0.7873818788215675,
    "acc": 0.6167830731306492
}