{
    "fbeta-1.0": 0.6187064676616916,
    "neg_prec": 0.5151615575807788,
    "pos_prec": 0.7552012969467712,
    "neg_rec": 0.774346201743462,
    "pos_rec": 0.48855095263065895,
    "neg_f": 0.6187064676616916,
    "pos_f": 0.5932922946295903,
    "tn": 3109,
    "fp": 906,
    "fn": 2926,
    "tp": 2795,
    "sensitivity": 0.48855095263065895,
    "specificity": 0.774346201743462,
    "acc": 0.6064092029580936
}