{
    "fbeta-1.0": 0.5451289398280802,
    "neg_prec": 0.41388687454677303,
    "pos_prec": 0.8632701421800948,
    "neg_rec": 0.7982517482517483,
    "pos_rec": 0.5298138452588714,
    "neg_f": 0.5451289398280802,
    "pos_f": 0.6566330209084354,
    "tn": 2283,
    "fp": 577,
    "fn": 3233,
    "tp": 3643,
    "sensitivity": 0.5298138452588714,
    "specificity": 0.7982517482517483,
    "acc": 0.6086688578471652
}