{
    "fbeta-1.0": 0.6163845965170468,
    "neg_prec": 0.5410118406889128,
    "pos_prec": 0.8043606364172068,
    "neg_rec": 0.7161584497007695,
    "pos_rec": 0.6576200417536534,
    "neg_f": 0.6163845965170468,
    "pos_f": 0.7236260823467043,
    "tn": 2513,
    "fp": 996,
    "fn": 2132,
    "tp": 4095,
    "sensitivity": 0.6576200417536534,
    "specificity": 0.7161584497007695,
    "acc": 0.6787181594083813
}