{
    "fbeta-1.0": 0.5580013504388927,
    "neg_prec": 0.4394809614975537,
    "pos_prec": 0.873286991062562,
    "neg_rec": 0.7640532544378699,
    "pos_rec": 0.6252844141069397,
    "neg_f": 0.5580013504388927,
    "pos_f": 0.7287643987735146,
    "tn": 2066,
    "fp": 638,
    "fn": 2635,
    "tp": 4397,
    "sensitivity": 0.6252844141069397,
    "specificity": 0.7640532544378699,
    "acc": 0.6638249794576828
}