{
    "fbeta-1.0": 0.6710407239819004,
    "neg_prec": 0.5850098619329388,
    "pos_prec": 0.8276896699528504,
    "neg_rec": 0.786737400530504,
    "pos_rec": 0.647334897753939,
    "neg_f": 0.6710407239819004,
    "pos_f": 0.7264860797592175,
    "tn": 2966,
    "fp": 804,
    "fn": 2104,
    "tp": 3862,
    "sensitivity": 0.647334897753939,
    "specificity": 0.786737400530504,
    "acc": 0.7013147082990961
}