{
    "fbeta-1.0": 0.6965553789083201,
    "neg_prec": 0.6104402749396247,
    "pos_prec": 0.8240294050080404,
    "neg_rec": 0.8109575518262586,
    "pos_rec": 0.6310696692470091,
    "neg_f": 0.6965553789083201,
    "pos_f": 0.7147554050014945,
    "tn": 3286,
    "fp": 766,
    "fn": 2097,
    "tp": 3587,
    "sensitivity": 0.6310696692470091,
    "specificity": 0.8109575518262586,
    "acc": 0.7059367296631059
}