{
    "fbeta-1.0": 0.6605032182562902,
    "neg_prec": 0.5845070422535211,
    "pos_prec": 0.8176446617766912,
    "neg_rec": 0.7592144202313694,
    "pos_rec": 0.6667220468516365,
    "neg_f": 0.6605032182562902,
    "pos_f": 0.7345108446966231,
    "tn": 2822,
    "fp": 895,
    "fn": 2006,
    "tp": 4013,
    "sensitivity": 0.6667220468516365,
    "specificity": 0.7592144202313694,
    "acc": 0.7020336894001643
}