{
    "fbeta-1.0": 0.5592077538980195,
    "neg_prec": 0.45013568521031205,
    "pos_prec": 0.7546875,
    "neg_rec": 0.7380422691879867,
    "pos_rec": 0.4719869706840391,
    "neg_f": 0.5592077538980195,
    "pos_f": 0.5807615230460922,
    "tn": 2654,
    "fp": 942,
    "fn": 3242,
    "tp": 2898,
    "sensitivity": 0.4719869706840391,
    "specificity": 0.7380422691879867,
    "acc": 0.5702547247329499
}