{
    "fbeta-1.0": 0.6839687643546165,
    "neg_prec": 0.5993157576977259,
    "pos_prec": 0.8403608139290959,
    "neg_rec": 0.7964696442899171,
    "pos_rec": 0.6680006670001668,
    "neg_f": 0.6839687643546165,
    "pos_f": 0.7443329617242661,
    "tn": 2978,
    "fp": 761,
    "fn": 1991,
    "tp": 4006,
    "sensitivity": 0.6680006670001668,
    "specificity": 0.7964696442899171,
    "acc": 0.7173377156943304
}