{
    "fbeta-1.0": 0.5970805838832233,
    "neg_prec": 0.48060518268147434,
    "pos_prec": 0.77206925915413,
    "neg_rec": 0.7880707310636051,
    "pos_rec": 0.4573734656129141,
    "neg_f": 0.5970805838832233,
    "pos_f": 0.5744456177402324,
    "tn": 2986,
    "fp": 803,
    "fn": 3227,
    "tp": 2720,
    "sensitivity": 0.4573734656129141,
    "specificity": 0.7880707310636051,
    "acc": 0.5860723089564502
}