{
    "fbeta-1.0": 0.5572349645914808,
    "neg_prec": 0.43577450818317076,
    "pos_prec": 0.7895307838350963,
    "neg_rec": 0.772567409144197,
    "pos_rec": 0.46030993042378243,
    "neg_f": 0.5572349645914808,
    "pos_f": 0.5815602836879433,
    "tn": 2636,
    "fp": 776,
    "fn": 3413,
    "tp": 2911,
    "sensitivity": 0.46030993042378243,
    "specificity": 0.772567409144197,
    "acc": 0.5697411668036154
}