{
    "fbeta-1.0": 0.6509412038112944,
    "neg_prec": 0.5809997925741548,
    "pos_prec": 0.7997965412004069,
    "neg_rec": 0.7400264200792602,
    "pos_rec": 0.6605612502100487,
    "neg_f": 0.6509412038112944,
    "pos_f": 0.7235413215534696,
    "tn": 2801,
    "fp": 984,
    "fn": 2020,
    "tp": 3931,
    "sensitivity": 0.6605612502100487,
    "specificity": 0.7400264200792602,
    "acc": 0.6914543960558751
}