{
    "fbeta-1.0": 0.6531490711372906,
    "neg_prec": 0.598008711885501,
    "pos_prec": 0.7713123092573754,
    "neg_rec": 0.7194908909408535,
    "pos_rec": 0.6617210682492581,
    "neg_f": 0.6531490711372906,
    "pos_f": 0.7123261931604661,
    "tn": 2883,
    "fp": 1124,
    "fn": 1938,
    "tp": 3791,
    "sensitivity": 0.6617210682492581,
    "specificity": 0.7194908909408535,
    "acc": 0.6854971240755957
}