{
    "fbeta-1.0": 0.6134863080419958,
    "neg_prec": 0.5007951934970843,
    "pos_prec": 0.8170223203335786,
    "neg_rec": 0.7916201117318435,
    "pos_rec": 0.5410981156595192,
    "neg_f": 0.6134863080419958,
    "pos_f": 0.6510309782077592,
    "tn": 2834,
    "fp": 746,
    "fn": 2825,
    "tp": 3331,
    "sensitivity": 0.5410981156595192,
    "specificity": 0.7916201117318435,
    "acc": 0.6332169268693508
}