{
    "fbeta-1.0": 0.5207598371777477,
    "neg_prec": 0.401128762541806,
    "pos_prec": 0.8653069466882067,
    "neg_rec": 0.7420726991492653,
    "pos_rec": 0.5993006993006993,
    "neg_f": 0.5207598371777477,
    "pos_f": 0.7081474136506363,
    "tn": 1919,
    "fp": 667,
    "fn": 2865,
    "tp": 4285,
    "sensitivity": 0.5993006993006993,
    "specificity": 0.7420726991492653,
    "acc": 0.6372226787181594
}