{
    "fbeta-1.0": 0.5740996494210135,
    "neg_prec": 0.46723154072280826,
    "pos_prec": 0.7652415886668353,
    "neg_rec": 0.7443526170798898,
    "pos_rec": 0.4954143465443826,
    "neg_f": 0.5740996494210135,
    "pos_f": 0.6014514365245055,
    "tn": 2702,
    "fp": 928,
    "fn": 3081,
    "tp": 3025,
    "sensitivity": 0.4954143465443826,
    "specificity": 0.7443526170798898,
    "acc": 0.5882292522596549
}