{
    "fbeta-1.0": 0.5448540379288301,
    "neg_prec": 0.428379963142905,
    "pos_prec": 0.7717016193257233,
    "neg_rec": 0.7483172373426983,
    "pos_rec": 0.46004114575090993,
    "neg_f": 0.5448540379288301,
    "pos_f": 0.5764425936942297,
    "tn": 2557,
    "fp": 860,
    "fn": 3412,
    "tp": 2907,
    "sensitivity": 0.46004114575090993,
    "specificity": 0.7483172373426983,
    "acc": 0.561216105176664
}