{
    "fbeta-1.0": 0.5851804939835339,
    "neg_prec": 0.4822546972860125,
    "pos_prec": 0.8392640517589972,
    "neg_rec": 0.7439613526570048,
    "pos_rec": 0.6259990951591012,
    "neg_f": 0.5851804939835339,
    "pos_f": 0.717111514209208,
    "tn": 2310,
    "fp": 795,
    "fn": 2480,
    "tp": 4151,
    "sensitivity": 0.6259990951591012,
    "specificity": 0.7439613526570048,
    "acc": 0.663619556285949
}