{
    "fbeta-1.0": 0.6646736422521176,
    "neg_prec": 0.5786163522012578,
    "pos_prec": 0.8538536585365853,
    "neg_rec": 0.7808018729880012,
    "pos_rec": 0.6925146383921507,
    "neg_f": 0.6646736422521176,
    "pos_f": 0.764767563788885,
    "tn": 2668,
    "fp": 749,
    "fn": 1943,
    "tp": 4376,
    "sensitivity": 0.6925146383921507,
    "specificity": 0.7808018729880012,
    "acc": 0.7235004108463434
}