{
    "fbeta-1.0": 0.6417476954160879,
    "neg_prec": 0.5540776275621456,
    "pos_prec": 0.8462135922330097,
    "neg_rec": 0.7623762376237624,
    "pos_rec": 0.6806184600968296,
    "neg_f": 0.6417476954160879,
    "pos_f": 0.7544360772093829,
    "tn": 2541,
    "fp": 792,
    "fn": 2045,
    "tp": 4358,
    "sensitivity": 0.6806184600968296,
    "specificity": 0.7623762376237624,
    "acc": 0.708607230895645
}