{
    "fbeta-1.0": 0.5651846269781462,
    "neg_prec": 0.49504950495049505,
    "pos_prec": 0.7751878250818725,
    "neg_rec": 0.6584723441615452,
    "pos_rec": 0.6368096217755974,
    "neg_f": 0.5651846269781462,
    "pos_f": 0.6992180712423979,
    "tn": 2250,
    "fp": 1167,
    "fn": 2295,
    "tp": 4024,
    "sensitivity": 0.6368096217755974,
    "specificity": 0.6584723441615452,
    "acc": 0.6444124897288415
}