{
    "fbeta-1.0": 0.5574556148567694,
    "neg_prec": 0.45688269951794325,
    "pos_prec": 0.7530834340991536,
    "neg_rec": 0.714804469273743,
    "pos_rec": 0.5058479532163743,
    "neg_f": 0.5574556148567694,
    "pos_f": 0.6051890000971722,
    "tn": 2559,
    "fp": 1021,
    "fn": 3042,
    "tp": 3114,
    "sensitivity": 0.5058479532163743,
    "specificity": 0.714804469273743,
    "acc": 0.5826828266228431
}