{
    "fbeta-1.0": 0.5354477611940299,
    "neg_prec": 0.45669470334166856,
    "pos_prec": 0.7946411841858723,
    "neg_rec": 0.6470209339774557,
    "pos_rec": 0.6395717086412306,
    "neg_f": 0.5354477611940299,
    "pos_f": 0.7087232620320855,
    "tn": 2009,
    "fp": 1096,
    "fn": 2390,
    "tp": 4241,
    "sensitivity": 0.6395717086412306,
    "specificity": 0.6470209339774557,
    "acc": 0.6419474116680361
}