{
    "fbeta-1.0": 0.5208793765266954,
    "neg_prec": 0.4533306337315246,
    "pos_prec": 0.7041901188242652,
    "neg_rec": 0.6120831055221433,
    "pos_rec": 0.5557749259624877,
    "neg_f": 0.5208793765266954,
    "pos_f": 0.621241379310345,
    "tn": 2239,
    "fp": 1419,
    "fn": 2700,
    "tp": 3378,
    "sensitivity": 0.5557749259624877,
    "specificity": 0.6120831055221433,
    "acc": 0.5769309778142975
}