{
    "fbeta-1.0": 0.576845597819647,
    "neg_prec": 0.5380194518125553,
    "pos_prec": 0.7158480429777436,
    "neg_rec": 0.6217113665389528,
    "pos_rec": 0.64095516234324,
    "neg_f": 0.576845597819647,
    "pos_f": 0.6763346324662377,
    "tn": 2434,
    "fp": 1481,
    "fn": 2090,
    "tp": 3731,
    "sensitivity": 0.64095516234324,
    "specificity": 0.6217113665389528,
    "acc": 0.6332169268693508
}