{
    "fbeta-1.0": 0.5046651461745801,
    "neg_prec": 0.3760234821566507,
    "pos_prec": 0.7735212994177137,
    "neg_rec": 0.7670973841790104,
    "pos_rec": 0.3845802224592412,
    "neg_f": 0.5046651461745801,
    "pos_f": 0.513739059637696,
    "tn": 2434,
    "fp": 739,
    "fn": 4039,
    "tp": 2524,
    "sensitivity": 0.3845802224592412,
    "specificity": 0.7670973841790104,
    "acc": 0.5092440427280197
}