{
    "fbeta-1.0": 0.6432300730943266,
    "neg_prec": 0.5306278713629403,
    "pos_prec": 0.8619237588652482,
    "neg_rec": 0.8164948453608247,
    "pos_rec": 0.6133102034379435,
    "neg_f": 0.6432300730943266,
    "pos_f": 0.7166682023403668,
    "tn": 2772,
    "fp": 623,
    "fn": 2452,
    "tp": 3889,
    "sensitivity": 0.6133102034379435,
    "specificity": 0.8164948453608247,
    "acc": 0.6841618734593262
}