{
    "fbeta-1.0": 0.5475753321092991,
    "neg_prec": 0.4495477921617308,
    "pos_prec": 0.7351720771296071,
    "neg_rec": 0.7002762430939227,
    "pos_rec": 0.4924787442773054,
    "neg_f": 0.5475753321092991,
    "pos_f": 0.5898364829139332,
    "tn": 2535,
    "fp": 1085,
    "fn": 3104,
    "tp": 3012,
    "sensitivity": 0.4924787442773054,
    "specificity": 0.7002762430939227,
    "acc": 0.5697411668036154
}