{
    "fbeta-1.0": 0.6388126714891494,
    "neg_prec": 0.55601389491967,
    "pos_prec": 0.8341130604288499,
    "neg_rec": 0.7505861664712778,
    "pos_rec": 0.67662871600253,
    "neg_f": 0.6388126714891494,
    "pos_f": 0.747162563296665,
    "tn": 2561,
    "fp": 851,
    "fn": 2045,
    "tp": 4279,
    "sensitivity": 0.67662871600253,
    "specificity": 0.7505861664712778,
    "acc": 0.7025472473294988
}