{
    "fbeta-1.0": 0.49242424242424243,
    "neg_prec": 0.42225481978206203,
    "pos_prec": 0.7185737308622079,
    "neg_rec": 0.5905627198124267,
    "pos_rec": 0.5640417457305503,
    "neg_f": 0.49242424242424243,
    "pos_f": 0.6319985825655564,
    "tn": 2015,
    "fp": 1397,
    "fn": 2757,
    "tp": 3567,
    "sensitivity": 0.5640417457305503,
    "specificity": 0.5905627198124267,
    "acc": 0.5733360723089564
}