{
    "fbeta-1.0": 0.6943613603633544,
    "neg_prec": 0.6243027888446215,
    "pos_prec": 0.8148854961832062,
    "neg_rec": 0.7821312702770152,
    "pos_rec": 0.6707976959329726,
    "neg_f": 0.6943613603633544,
    "pos_f": 0.7358544758257539,
    "tn": 3134,
    "fp": 873,
    "fn": 1886,
    "tp": 3843,
    "sensitivity": 0.6707976959329726,
    "specificity": 0.7821312702770152,
    "acc": 0.7166187345932621
}