{
    "fbeta-1.0": 0.4777485096353806,
    "neg_prec": 0.37237951156256754,
    "pos_prec": 0.8310824036014876,
    "neg_rec": 0.6662799690641918,
    "pos_rec": 0.5938461538461538,
    "neg_f": 0.4777485096353806,
    "pos_f": 0.692715555918101,
    "tn": 1723,
    "fp": 863,
    "fn": 2904,
    "tp": 4246,
    "sensitivity": 0.5938461538461538,
    "specificity": 0.6662799690641918,
    "acc": 0.6130854560394412
}