{
    "fbeta-1.0": 0.6084724005134788,
    "neg_prec": 0.5771529776400266,
    "pos_prec": 0.7231270358306189,
    "neg_rec": 0.6433859822309971,
    "pos_rec": 0.6639690358902182,
    "neg_f": 0.6084724005134788,
    "pos_f": 0.692286526644043,
    "tn": 2607,
    "fp": 1445,
    "fn": 1910,
    "tp": 3774,
    "sensitivity": 0.6639690358902182,
    "specificity": 0.6433859822309971,
    "acc": 0.6554026294165982
}