{
    "fbeta-1.0": 0.5453152364273205,
    "neg_prec": 0.4430019562511115,
    "pos_prec": 0.7515195720884998,
    "neg_rec": 0.7090805579276971,
    "pos_rec": 0.49670576892174195,
    "neg_f": 0.5453152364273205,
    "pos_f": 0.5981037151702787,
    "tn": 2491,
    "fp": 1022,
    "fn": 3132,
    "tp": 3091,
    "sensitivity": 0.49670576892174195,
    "specificity": 0.7090805579276971,
    "acc": 0.5733360723089564
}