{
    "fbeta-1.0": 0.5511034397731476,
    "neg_prec": 0.4894875164257556,
    "pos_prec": 0.746615087040619,
    "neg_rec": 0.6304654442877292,
    "pos_rec": 0.6234857050557261,
    "neg_f": 0.5511034397731476,
    "pos_f": 0.6795176480943579,
    "tn": 2235,
    "fp": 1310,
    "fn": 2331,
    "tp": 3860,
    "sensitivity": 0.6234857050557261,
    "specificity": 0.6304654442877292,
    "acc": 0.6260271158586689
}