{
    "fbeta-1.0": 0.5238155722088149,
    "neg_prec": 0.45418502202643174,
    "pos_prec": 0.7553887605850654,
    "neg_rec": 0.6186618661866187,
    "pos_rec": 0.612993909105107,
    "neg_f": 0.5238155722088149,
    "pos_f": 0.6767824812483835,
    "tn": 2062,
    "fp": 1271,
    "fn": 2478,
    "tp": 3925,
    "sensitivity": 0.612993909105107,
    "specificity": 0.6186618661866187,
    "acc": 0.6149342645850452
}