{
    "fbeta-1.0": 0.5489054789320511,
    "neg_prec": 0.48296593186372744,
    "pos_prec": 0.7630123927550048,
    "neg_rec": 0.6356975381008206,
    "pos_rec": 0.6328273244781784,
    "neg_f": 0.5489054789320511,
    "pos_f": 0.6918489065606362,
    "tn": 2169,
    "fp": 1243,
    "fn": 2322,
    "tp": 4002,
    "sensitivity": 0.6328273244781784,
    "specificity": 0.6356975381008206,
    "acc": 0.6338331963845522
}