{
    "fbeta-1.0": 0.5411872986654395,
    "neg_prec": 0.5020277481323372,
    "pos_prec": 0.6723421104731736,
    "neg_rec": 0.5869727976041926,
    "pos_rec": 0.5927736079595043,
    "neg_f": 0.5411872986654395,
    "pos_f": 0.6300556586270871,
    "tn": 2352,
    "fp": 1655,
    "fn": 2333,
    "tp": 3396,
    "sensitivity": 0.5927736079595043,
    "specificity": 0.5869727976041926,
    "acc": 0.5903861955628595
}