{
    "fbeta-1.0": 0.4847210194234814,
    "neg_prec": 0.3989816700610998,
    "pos_prec": 0.7484459179444675,
    "neg_rec": 0.6173967853766152,
    "pos_rec": 0.5503580679567271,
    "neg_f": 0.4847210194234814,
    "pos_f": 0.6342962507682852,
    "tn": 1959,
    "fp": 1214,
    "fn": 2951,
    "tp": 3612,
    "sensitivity": 0.5503580679567271,
    "specificity": 0.6173967853766152,
    "acc": 0.5722062448644207
}