{
    "fbeta-1.0": 0.5818944006387863,
    "neg_prec": 0.4502625888168057,
    "pos_prec": 0.8068669527896996,
    "neg_rec": 0.8222849083215797,
    "pos_rec": 0.4251332579550961,
    "neg_f": 0.5818944006387863,
    "pos_f": 0.5568602560033852,
    "tn": 2915,
    "fp": 630,
    "fn": 3559,
    "tp": 2632,
    "sensitivity": 0.4251332579550961,
    "specificity": 0.8222849083215797,
    "acc": 0.5697411668036154
}