{
    "fbeta-1.0": 0.6247168386609615,
    "neg_prec": 0.5480238463236917,
    "pos_prec": 0.8204340311119647,
    "neg_rec": 0.7263681592039801,
    "pos_rec": 0.676056338028169,
    "neg_f": 0.6247168386609615,
    "pos_f": 0.741280583029672,
    "tn": 2482,
    "fp": 935,
    "fn": 2047,
    "tp": 4272,
    "sensitivity": 0.676056338028169,
    "specificity": 0.7263681592039801,
    "acc": 0.6937140509449465
}