{
    "fbeta-1.0": 0.5231352718078383,
    "neg_prec": 0.45825027685492803,
    "pos_prec": 0.7460256655813062,
    "neg_rec": 0.6094256259204713,
    "pos_rec": 0.6142564264311623,
    "neg_f": 0.5231352718078383,
    "pos_f": 0.6737588652482269,
    "tn": 2069,
    "fp": 1326,
    "fn": 2446,
    "tp": 3895,
    "sensitivity": 0.6142564264311623,
    "specificity": 0.6094256259204713,
    "acc": 0.6125718981101068
}