{
    "fbeta-1.0": 0.4665760253795604,
    "neg_prec": 0.3299679487179487,
    "pos_prec": 0.8492562929061785,
    "neg_rec": 0.7962103634957464,
    "pos_rec": 0.41524475524475524,
    "neg_f": 0.4665760253795604,
    "pos_f": 0.5577681758406914,
    "tn": 2059,
    "fp": 527,
    "fn": 4181,
    "tp": 2969,
    "sensitivity": 0.41524475524475524,
    "specificity": 0.7962103634957464,
    "acc": 0.5164338537387018
}