{
    "fbeta-1.0": 0.6844392248972401,
    "neg_prec": 0.6141201264488936,
    "pos_prec": 0.8284912843117612,
    "neg_rec": 0.7729442970822281,
    "pos_rec": 0.6930942004693261,
    "neg_f": 0.6844392248972401,
    "pos_f": 0.7547686410513827,
    "tn": 2914,
    "fp": 856,
    "fn": 1831,
    "tp": 4135,
    "sensitivity": 0.6930942004693261,
    "specificity": 0.7729442970822281,
    "acc": 0.7240139687756779
}