{
    "fbeta-1.0": 0.6385186932421276,
    "neg_prec": 0.5582594349350382,
    "pos_prec": 0.8111315735625128,
    "neg_rec": 0.7457300275482094,
    "pos_rec": 0.649197510645267,
    "neg_f": 0.6385186932421276,
    "pos_f": 0.7211862094059858,
    "tn": 2707,
    "fp": 923,
    "fn": 2142,
    "tp": 3964,
    "sensitivity": 0.649197510645267,
    "specificity": 0.7457300275482094,
    "acc": 0.6851889893179951
}