{
    "fbeta-1.0": 0.5869692361679728,
    "neg_prec": 0.548175660913262,
    "pos_prec": 0.7164179104477612,
    "neg_rec": 0.6316717019133937,
    "pos_rec": 0.6412213740458015,
    "neg_f": 0.5869692361679728,
    "pos_f": 0.6767371601208458,
    "tn": 2509,
    "fp": 1463,
    "fn": 2068,
    "tp": 3696,
    "sensitivity": 0.6412213740458015,
    "specificity": 0.6316717019133937,
    "acc": 0.6373253903040262
}