{
    "fbeta-1.0": 0.6001989609815408,
    "neg_prec": 0.490249187432286,
    "pos_prec": 0.8108623153882801,
    "neg_rec": 0.7737247078939868,
    "pos_rec": 0.5466516781756865,
    "neg_f": 0.6001989609815408,
    "pos_f": 0.6530455635491607,
    "tn": 2715,
    "fp": 794,
    "fn": 2823,
    "tp": 3404,
    "sensitivity": 0.5466516781756865,
    "specificity": 0.7737247078939868,
    "acc": 0.6284921939194741
}