{
    "fbeta-1.0": 0.6568358481938729,
    "neg_prec": 0.6117972742759795,
    "pos_prec": 0.7660714285714286,
    "neg_rec": 0.7090325765054294,
    "pos_rec": 0.6792751583391977,
    "neg_f": 0.6568358481938729,
    "pos_f": 0.7200671391271913,
    "tn": 2873,
    "fp": 1179,
    "fn": 1823,
    "tp": 3861,
    "sensitivity": 0.6792751583391977,
    "specificity": 0.7090325765054294,
    "acc": 0.6916598192276089
}