{
    "fbeta-1.0": 0.5442905121746431,
    "neg_prec": 0.42396991497710923,
    "pos_prec": 0.773756906077348,
    "neg_rec": 0.7599648300117233,
    "pos_rec": 0.4429158760278305,
    "neg_f": 0.5442905121746431,
    "pos_f": 0.5633547868061142,
    "tn": 2593,
    "fp": 819,
    "fn": 3523,
    "tp": 2801,
    "sensitivity": 0.4429158760278305,
    "specificity": 0.7599648300117233,
    "acc": 0.5540262941659819
}