{
    "fbeta-1.0": 0.5662226690123147,
    "neg_prec": 0.5068616422947132,
    "pos_prec": 0.7618597618597619,
    "neg_rec": 0.64133219470538,
    "pos_rec": 0.6477583159247952,
    "neg_f": 0.5662226690123147,
    "pos_f": 0.7001910717387528,
    "tn": 2253,
    "fp": 1260,
    "fn": 2192,
    "tp": 4031,
    "sensitivity": 0.6477583159247952,
    "specificity": 0.64133219470538,
    "acc": 0.6454396055875102
}