{
    "fbeta-1.0": 0.564977420973407,
    "neg_prec": 0.46971466711163024,
    "pos_prec": 0.6908896606999733,
    "neg_rec": 0.7087109768378651,
    "pos_rec": 0.448646773074254,
    "neg_f": 0.564977420973407,
    "pos_f": 0.5440201956453139,
    "tn": 2815,
    "fp": 1157,
    "fn": 3178,
    "tp": 2586,
    "sensitivity": 0.448646773074254,
    "specificity": 0.7087109768378651,
    "acc": 0.5547452752670501
}