{
    "fbeta-1.0": 0.5576944230557694,
    "neg_prec": 0.4541383016839842,
    "pos_prec": 0.7655272026961965,
    "neg_rec": 0.7224280421772585,
    "pos_rec": 0.5106792998233499,
    "neg_f": 0.5576944230557694,
    "pos_f": 0.6126577401021096,
    "tn": 2535,
    "fp": 974,
    "fn": 3047,
    "tp": 3180,
    "sensitivity": 0.5106792998233499,
    "specificity": 0.7224280421772585,
    "acc": 0.5869967132292523
}