{
    "fbeta-1.0": 0.49299507762211286,
    "neg_prec": 0.3742096187009006,
    "pos_prec": 0.8337392074385654,
    "neg_rec": 0.7222633136094675,
    "pos_rec": 0.535551763367463,
    "neg_f": 0.49299507762211286,
    "pos_f": 0.6521776777210149,
    "tn": 1953,
    "fp": 751,
    "fn": 3266,
    "tp": 3766,
    "sensitivity": 0.535551763367463,
    "specificity": 0.7222633136094675,
    "acc": 0.5874075595727198
}