{
    "fbeta-1.0": 0.5586167146974064,
    "neg_prec": 0.4350089766606822,
    "pos_prec": 0.8362938070091215,
    "neg_rec": 0.780354267310789,
    "pos_rec": 0.5254109485748756,
    "neg_f": 0.5586167146974064,
    "pos_f": 0.645364453088821,
    "tn": 2423,
    "fp": 682,
    "fn": 3147,
    "tp": 3484,
    "sensitivity": 0.5254109485748756,
    "specificity": 0.780354267310789,
    "acc": 0.6067173377156944
}