{
    "fbeta-1.0": 0.5273370619792261,
    "neg_prec": 0.4255711127487104,
    "pos_prec": 0.7625348189415042,
    "neg_rec": 0.693069306930693,
    "pos_rec": 0.5130407621427456,
    "neg_f": 0.5273370619792261,
    "pos_f": 0.6133881056857436,
    "tn": 2310,
    "fp": 1023,
    "fn": 3118,
    "tp": 3285,
    "sensitivity": 0.5130407621427456,
    "specificity": 0.693069306930693,
    "acc": 0.5746713229252259
}