{
    "fbeta-1.0": 0.6391871608359312,
    "neg_prec": 0.5873116910672608,
    "pos_prec": 0.7650806291061119,
    "neg_rec": 0.7011144883485309,
    "pos_rec": 0.6639599170697996,
    "neg_f": 0.6391871608359312,
    "pos_f": 0.7109425585052261,
    "tn": 2768,
    "fp": 1180,
    "fn": 1945,
    "tp": 3843,
    "sensitivity": 0.6639599170697996,
    "specificity": 0.7011144883485309,
    "acc": 0.6790262941659819
}