{
    "fbeta-1.0": 0.5959878419452888,
    "neg_prec": 0.50924579264492,
    "pos_prec": 0.8047938249035141,
    "neg_rec": 0.7183470105509965,
    "pos_rec": 0.6265022137887413,
    "neg_f": 0.5959878419452888,
    "pos_f": 0.7045434338045702,
    "tn": 2451,
    "fp": 961,
    "fn": 2362,
    "tp": 3962,
    "sensitivity": 0.6265022137887413,
    "specificity": 0.7183470105509965,
    "acc": 0.6586894001643385
}