{
    "fbeta-1.0": 0.5066404328578457,
    "neg_prec": 0.4541446208112875,
    "pos_prec": 0.7046153846153846,
    "neg_rec": 0.5728587319243604,
    "pos_rec": 0.596742671009772,
    "neg_f": 0.5066404328578457,
    "pos_f": 0.6462081128747795,
    "tn": 2060,
    "fp": 1536,
    "fn": 2476,
    "tp": 3664,
    "sensitivity": 0.596742671009772,
    "specificity": 0.5728587319243604,
    "acc": 0.5879211175020542
}