{
    "fbeta-1.0": 0.6177105831533478,
    "neg_prec": 0.4917930279818665,
    "pos_prec": 0.8074273734651093,
    "neg_rec": 0.8302982317234099,
    "pos_rec": 0.45333781738691775,
    "neg_f": 0.6177105831533478,
    "pos_f": 0.580659056644411,
    "tn": 3146,
    "fp": 643,
    "fn": 3251,
    "tp": 2696,
    "sensitivity": 0.45333781738691775,
    "specificity": 0.8302982317234099,
    "acc": 0.6000410846343468
}