{
    "fbeta-1.0": 0.5977154209088652,
    "neg_prec": 0.5098496081338699,
    "pos_prec": 0.8153539381854437,
    "neg_rec": 0.7221722172217222,
    "pos_rec": 0.6386069030142121,
    "neg_f": 0.5977154209088652,
    "pos_f": 0.7162375197057278,
    "tn": 2407,
    "fp": 926,
    "fn": 2314,
    "tp": 4089,
    "sensitivity": 0.6386069030142121,
    "specificity": 0.7221722172217222,
    "acc": 0.6672144617912901
}