{
    "fbeta-1.0": 0.6472429568986274,
    "neg_prec": 0.5645872715816005,
    "pos_prec": 0.8277386934673366,
    "neg_rec": 0.7582510578279267,
    "pos_rec": 0.665159101922145,
    "neg_f": 0.6472429568986274,
    "pos_f": 0.7375962744044421,
    "tn": 2688,
    "fp": 857,
    "fn": 2073,
    "tp": 4118,
    "sensitivity": 0.665159101922145,
    "specificity": 0.7582510578279267,
    "acc": 0.6990550534100246
}