{
    "fbeta-1.0": 0.5524382097528391,
    "neg_prec": 0.4896388395500296,
    "pos_prec": 0.6928678517883915,
    "neg_rec": 0.6337164750957854,
    "pos_rec": 0.5557464353203917,
    "neg_f": 0.5524382097528391,
    "pos_f": 0.6167778836987606,
    "tn": 2481,
    "fp": 1434,
    "fn": 2586,
    "tp": 3235,
    "sensitivity": 0.5557464353203917,
    "specificity": 0.6337164750957854,
    "acc": 0.5870994248151191
}