{
    "fbeta-1.0": 0.51660074313796,
    "neg_prec": 0.45627778954054626,
    "pos_prec": 0.7077598244564133,
    "neg_rec": 0.5953038674033149,
    "pos_rec": 0.5801177240026161,
    "neg_f": 0.51660074313796,
    "pos_f": 0.6376134423578039,
    "tn": 2155,
    "fp": 1465,
    "fn": 2568,
    "tp": 3548,
    "sensitivity": 0.5801177240026161,
    "specificity": 0.5953038674033149,
    "acc": 0.5857641741988496
}