{
    "fbeta-1.0": 0.67207124914364,
    "neg_prec": 0.5770588235294117,
    "pos_prec": 0.8457722174288179,
    "neg_rec": 0.8045379989065062,
    "pos_rec": 0.6451135241855873,
    "neg_f": 0.67207124914364,
    "pos_f": 0.731939518387157,
    "tn": 2943,
    "fp": 715,
    "fn": 2157,
    "tp": 3921,
    "sensitivity": 0.6451135241855873,
    "specificity": 0.8045379989065062,
    "acc": 0.705012325390304
}