{
    "fbeta-1.0": 0.6384678651157326,
    "neg_prec": 0.5471204188481675,
    "pos_prec": 0.8264150943396227,
    "neg_rec": 0.7664315937940762,
    "pos_rec": 0.6367307381683088,
    "neg_f": 0.6384678651157326,
    "pos_f": 0.7192774381899463,
    "tn": 2717,
    "fp": 828,
    "fn": 2249,
    "tp": 3942,
    "sensitivity": 0.6367307381683088,
    "specificity": 0.7664315937940762,
    "acc": 0.6839564502875924
}