{
    "fbeta-1.0": 0.5183459522422831,
    "neg_prec": 0.40602189781021897,
    "pos_prec": 0.793233082706767,
    "neg_rec": 0.71658615136876,
    "pos_rec": 0.5091238123963203,
    "neg_f": 0.5183459522422831,
    "pos_f": 0.6201892164967393,
    "tn": 2225,
    "fp": 880,
    "fn": 3255,
    "tp": 3376,
    "sensitivity": 0.5091238123963203,
    "specificity": 0.71658615136876,
    "acc": 0.5752875924404273
}