{
    "fbeta-1.0": 0.669430297287694,
    "neg_prec": 0.58328173374613,
    "pos_prec": 0.842159067675322,
    "neg_rec": 0.7854363535297387,
    "pos_rec": 0.6710654936461388,
    "neg_f": 0.669430297287694,
    "pos_f": 0.7469398857557349,
    "tn": 2826,
    "fp": 772,
    "fn": 2019,
    "tp": 4119,
    "sensitivity": 0.6710654936461388,
    "specificity": 0.7854363535297387,
    "acc": 0.7133319638455218
}