{
    "fbeta-1.0": 0.587742504409171,
    "neg_prec": 0.4696142328694733,
    "pos_prec": 0.8203991130820399,
    "neg_rec": 0.7852724594992636,
    "pos_rec": 0.525153761236398,
    "neg_f": 0.587742504409171,
    "pos_f": 0.6403846153846153,
    "tn": 2666,
    "fp": 729,
    "fn": 3011,
    "tp": 3330,
    "sensitivity": 0.525153761236398,
    "specificity": 0.7852724594992636,
    "acc": 0.6158586688578471
}