{
    "fbeta-1.0": 0.5378415157542134,
    "neg_prec": 0.4171809028905489,
    "pos_prec": 0.7691447736165455,
    "neg_rec": 0.756701030927835,
    "pos_rec": 0.43400094622299323,
    "neg_f": 0.5378415157542134,
    "pos_f": 0.5548946466377659,
    "tn": 2569,
    "fp": 826,
    "fn": 3589,
    "tp": 2752,
    "sensitivity": 0.43400094622299323,
    "specificity": 0.756701030927835,
    "acc": 0.5465283483976993
}