{
    "fbeta-1.0": 0.5429206220965462,
    "neg_prec": 0.42072311785881983,
    "pos_prec": 0.7535106065132955,
    "neg_rec": 0.7651579846285226,
    "pos_rec": 0.4052707697252129,
    "neg_f": 0.5429206220965462,
    "pos_f": 0.5270637408568443,
    "tn": 2688,
    "fp": 825,
    "fn": 3701,
    "tp": 2522,
    "sensitivity": 0.4052707697252129,
    "specificity": 0.7651579846285226,
    "acc": 0.535127362366475
}