{
    "fbeta-1.0": 0.5396533914839895,
    "neg_prec": 0.49588694368276737,
    "pos_prec": 0.6754754754754755,
    "neg_rec": 0.5918932527693856,
    "pos_rec": 0.5853573907009022,
    "neg_f": 0.5396533914839895,
    "pos_f": 0.627195836044242,
    "tn": 2351,
    "fp": 1621,
    "fn": 2390,
    "tp": 3374,
    "sensitivity": 0.5853573907009022,
    "specificity": 0.5918932527693856,
    "acc": 0.5880238290879212
}