{
    "fbeta-1.0": 0.49776727081691624,
    "neg_prec": 0.4202705699711688,
    "pos_prec": 0.7685096613736369,
    "neg_rec": 0.6103059581320451,
    "pos_rec": 0.6057909817523752,
    "neg_f": 0.49776727081691624,
    "pos_f": 0.6775172879068984,
    "tn": 1895,
    "fp": 1210,
    "fn": 2614,
    "tp": 4017,
    "sensitivity": 0.6057909817523752,
    "specificity": 0.6103059581320451,
    "acc": 0.6072308956450287
}