{
    "fbeta-1.0": 0.5177160336477186,
    "neg_prec": 0.45856852562655226,
    "pos_prec": 0.7388355002826456,
    "neg_rec": 0.5943810359964882,
    "pos_rec": 0.620509574299731,
    "neg_f": 0.5177160336477186,
    "pos_f": 0.6745226217099604,
    "tn": 2031,
    "fp": 1386,
    "fn": 2398,
    "tp": 3921,
    "sensitivity": 0.620509574299731,
    "specificity": 0.5943810359964882,
    "acc": 0.6113393590797042
}