{
    "fbeta-1.0": 0.5089010206503679,
    "neg_prec": 0.4363932424180745,
    "pos_prec": 0.7161517727555463,
    "neg_rec": 0.6103045829775121,
    "pos_rec": 0.5550377631367508,
    "neg_f": 0.5089010206503679,
    "pos_f": 0.6253847546623211,
    "tn": 2144,
    "fp": 1369,
    "fn": 2769,
    "tp": 3454,
    "sensitivity": 0.5550377631367508,
    "specificity": 0.6103045829775121,
    "acc": 0.5749794576828267
}