{
    "fbeta-1.0": 0.6583086930810172,
    "neg_prec": 0.5631323350870093,
    "pos_prec": 0.8477263245723822,
    "neg_rec": 0.7922003985197836,
    "pos_rec": 0.6530612244897959,
    "neg_f": 0.6583086930810172,
    "pos_f": 0.7377689026050649,
    "tn": 2783,
    "fp": 730,
    "fn": 2159,
    "tp": 4064,
    "sensitivity": 0.6530612244897959,
    "specificity": 0.7922003985197836,
    "acc": 0.703266228430567
}