{
    "fbeta-1.0": 0.6323361498058918,
    "neg_prec": 0.5785624738821563,
    "pos_prec": 0.756969696969697,
    "neg_rec": 0.697129909365559,
    "pos_rec": 0.6500693962526024,
    "neg_f": 0.6323361498058918,
    "pos_f": 0.6994586522307262,
    "tn": 2769,
    "fp": 1203,
    "fn": 2017,
    "tp": 3747,
    "sensitivity": 0.6500693962526024,
    "specificity": 0.697129909365559,
    "acc": 0.6692686935086277
}