{
    "fbeta-1.0": 0.5853863088374044,
    "neg_prec": 0.48522766770941955,
    "pos_prec": 0.7506278252134606,
    "neg_rec": 0.7376486129458388,
    "pos_rec": 0.5022685262981011,
    "neg_f": 0.5853863088374044,
    "pos_f": 0.6018322762508809,
    "tn": 2792,
    "fp": 993,
    "fn": 2962,
    "tp": 2989,
    "sensitivity": 0.5022685262981011,
    "specificity": 0.7376486129458388,
    "acc": 0.5937756778964667
}