{
    "fbeta-1.0": 0.5936938017024337,
    "neg_prec": 0.543459174714662,
    "pos_prec": 0.7472972972972973,
    "neg_rec": 0.6541611624834874,
    "pos_rec": 0.6504789111073769,
    "neg_f": 0.5936938017024337,
    "pos_f": 0.6955349923636689,
    "tn": 2476,
    "fp": 1309,
    "fn": 2080,
    "tp": 3871,
    "sensitivity": 0.6504789111073769,
    "specificity": 0.6541611624834874,
    "acc": 0.6519104354971241
}