{
    "fbeta-1.0": 0.6639089968976215,
    "neg_prec": 0.5656941452907773,
    "pos_prec": 0.8472672283430547,
    "neg_rec": 0.803392658509455,
    "pos_rec": 0.6387622149837133,
    "neg_f": 0.6639089968976215,
    "pos_f": 0.7283870368650757,
    "tn": 2889,
    "fp": 707,
    "fn": 2218,
    "tp": 3922,
    "sensitivity": 0.6387622149837133,
    "specificity": 0.803392658509455,
    "acc": 0.6995686113393591
}