{
    "fbeta-1.0": 0.5488479855837303,
    "neg_prec": 0.463881636205396,
    "pos_prec": 0.7974708171206226,
    "neg_rec": 0.6719193192562244,
    "pos_rec": 0.6245619381380466,
    "neg_f": 0.5488479855837303,
    "pos_f": 0.7005041442365206,
    "tn": 2132,
    "fp": 1041,
    "fn": 2464,
    "tp": 4099,
    "sensitivity": 0.6245619381380466,
    "specificity": 0.6719193192562244,
    "acc": 0.6399958915365653
}