{
    "fbeta-1.0": 0.5175994605529332,
    "neg_prec": 0.4212952799121844,
    "pos_prec": 0.8183748311136846,
    "neg_rec": 0.670979020979021,
    "pos_rec": 0.6166375799883653,
    "neg_f": 0.5175994605529332,
    "pos_f": 0.7033258687899145,
    "tn": 1919,
    "fp": 941,
    "fn": 2636,
    "tp": 4240,
    "sensitivity": 0.6166375799883653,
    "specificity": 0.670979020979021,
    "acc": 0.6326006573541495
}