{
    "fbeta-1.0": 0.5230075901328274,
    "neg_prec": 0.45918367346938777,
    "pos_prec": 0.7111876773408998,
    "neg_rec": 0.6074380165289256,
    "pos_rec": 0.5746806419914838,
    "neg_f": 0.5230075901328274,
    "pos_f": 0.6356884057971015,
    "tn": 2205,
    "fp": 1425,
    "fn": 2597,
    "tp": 3509,
    "sensitivity": 0.5746806419914838,
    "specificity": 0.6074380165289256,
    "acc": 0.5868940016433853
}