{
    "fbeta-1.0": 0.5440427698574338,
    "neg_prec": 0.47247402166703517,
    "pos_prec": 0.770573566084788,
    "neg_rec": 0.6411641164116412,
    "pos_rec": 0.6273621739809464,
    "neg_f": 0.5440427698574338,
    "pos_f": 0.6916322314049587,
    "tn": 2137,
    "fp": 1196,
    "fn": 2386,
    "tp": 4017,
    "sensitivity": 0.6273621739809464,
    "specificity": 0.6411641164116412,
    "acc": 0.6320870994248151
}