{
    "fbeta-1.0": 0.6624189581936061,
    "neg_prec": 0.5573739653875094,
    "pos_prec": 0.8490950226244344,
    "neg_rec": 0.8162534435261708,
    "pos_rec": 0.6146413363904356,
    "neg_f": 0.6624189581936061,
    "pos_f": 0.7130913927417822,
    "tn": 2963,
    "fp": 667,
    "fn": 2353,
    "tp": 3753,
    "sensitivity": 0.6146413363904356,
    "specificity": 0.8162534435261708,
    "acc": 0.6898110106820049
}