{
    "fbeta-1.0": 0.6292180650423082,
    "neg_prec": 0.526531308650401,
    "pos_prec": 0.7775483870967742,
    "neg_rec": 0.7816616008105369,
    "pos_rec": 0.5205597788527989,
    "neg_f": 0.6292180650423082,
    "pos_f": 0.6236158542895581,
    "tn": 3086,
    "fp": 862,
    "fn": 2775,
    "tp": 3013,
    "sensitivity": 0.5205597788527989,
    "specificity": 0.7816616008105369,
    "acc": 0.6264379622021364
}