{
    "fbeta-1.0": 0.5293269230769231,
    "neg_prec": 0.48395604395604397,
    "pos_prec": 0.6976475125337447,
    "neg_rec": 0.5840848806366048,
    "pos_rec": 0.6064364733489775,
    "neg_f": 0.5293269230769231,
    "pos_f": 0.6488522238163559,
    "tn": 2202,
    "fp": 1568,
    "fn": 2348,
    "tp": 3618,
    "sensitivity": 0.6064364733489775,
    "specificity": 0.5840848806366048,
    "acc": 0.5977814297452753
}