{
    "fbeta-1.0": 0.6483634587200782,
    "neg_prec": 0.5366327025715673,
    "pos_prec": 0.793414016324233,
    "neg_rec": 0.8188548864758144,
    "pos_rec": 0.49595355383532724,
    "neg_f": 0.6483634587200782,
    "pos_f": 0.6103713326837718,
    "tn": 3318,
    "fp": 734,
    "fn": 2865,
    "tp": 2819,
    "sensitivity": 0.49595355383532724,
    "specificity": 0.8188548864758144,
    "acc": 0.6303410024650781
}