{
    "fbeta-1.0": 0.5972377752892871,
    "neg_prec": 0.4635889511299981,
    "pos_prec": 0.8991006799736785,
    "neg_rec": 0.8391608391608392,
    "pos_rec": 0.5961314717859221,
    "neg_f": 0.5972377752892871,
    "pos_f": 0.7169217315260166,
    "tn": 2400,
    "fp": 460,
    "fn": 2777,
    "tp": 4099,
    "sensitivity": 0.5961314717859221,
    "specificity": 0.8391608391608392,
    "acc": 0.6675225965488907
}