{
    "fbeta-1.0": 0.530237957051654,
    "neg_prec": 0.46841673502871206,
    "pos_prec": 0.7006172839506173,
    "neg_rec": 0.6108585183204065,
    "pos_rec": 0.567783891945973,
    "neg_f": 0.530237957051654,
    "pos_f": 0.6272450953302018,
    "tn": 2284,
    "fp": 1455,
    "fn": 2592,
    "tp": 3405,
    "sensitivity": 0.567783891945973,
    "specificity": 0.6108585183204065,
    "acc": 0.5843262119967132
}