{
    "fbeta-1.0": 0.549787453304135,
    "neg_prec": 0.4122078423797566,
    "pos_prec": 0.9008554507567449,
    "neg_rec": 0.8252126836813611,
    "pos_rec": 0.5744055944055944,
    "neg_f": 0.549787453304135,
    "pos_f": 0.7015116576992056,
    "tn": 2134,
    "fp": 452,
    "fn": 3043,
    "tp": 4107,
    "sensitivity": 0.5744055944055944,
    "specificity": 0.8252126836813611,
    "acc": 0.6410230073952342
}