{
    "fbeta-1.0": 0.563272085539292,
    "neg_prec": 0.4495443247721624,
    "pos_prec": 0.7608754390705215,
    "neg_rec": 0.7540300166759311,
    "pos_rec": 0.45878136200716846,
    "neg_f": 0.563272085539292,
    "pos_f": 0.5724158959243825,
    "tn": 2713,
    "fp": 885,
    "fn": 3322,
    "tp": 2816,
    "sensitivity": 0.45878136200716846,
    "specificity": 0.7540300166759311,
    "acc": 0.5678923582580115
}