{
    "fbeta-1.0": 0.5587569458736366,
    "neg_prec": 0.45242459590068324,
    "pos_prec": 0.7317269076305221,
    "neg_rec": 0.7304277643260694,
    "pos_rec": 0.45406213656753613,
    "neg_f": 0.5587569458736366,
    "pos_f": 0.5603854828788188,
    "tn": 2715,
    "fp": 1002,
    "fn": 3286,
    "tp": 2733,
    "sensitivity": 0.45406213656753613,
    "specificity": 0.7304277643260694,
    "acc": 0.5595727198027938
}