{
    "fbeta-1.0": 0.666080070391553,
    "neg_prec": 0.5848947266756809,
    "pos_prec": 0.805439789427506,
    "neg_rec": 0.7734355044699872,
    "pos_rec": 0.6308194468304416,
    "neg_f": 0.666080070391553,
    "pos_f": 0.7075144508670521,
    "tn": 3028,
    "fp": 887,
    "fn": 2149,
    "tp": 3672,
    "sensitivity": 0.6308194468304416,
    "specificity": 0.7734355044699872,
    "acc": 0.6881676253081348
}