{
    "fbeta-1.0": 0.5370601447466932,
    "neg_prec": 0.47769145394006657,
    "pos_prec": 0.7405849741923151,
    "neg_rec": 0.6132801367911086,
    "pos_rec": 0.6221294363256785,
    "neg_f": 0.5370601447466932,
    "pos_f": 0.6762087624367255,
    "tn": 2152,
    "fp": 1357,
    "fn": 2353,
    "tp": 3874,
    "sensitivity": 0.6221294363256785,
    "specificity": 0.6132801367911086,
    "acc": 0.6189400164338538
}