{
    "fbeta-1.0": 0.6141753264055423,
    "neg_prec": 0.4961256995264744,
    "pos_prec": 0.8909626719056974,
    "neg_rec": 0.8059440559440559,
    "pos_rec": 0.6595404304828388,
    "neg_f": 0.6141753264055423,
    "pos_f": 0.7579809460137055,
    "tn": 2305,
    "fp": 555,
    "fn": 2341,
    "tp": 4535,
    "sensitivity": 0.6595404304828388,
    "specificity": 0.8059440559440559,
    "acc": 0.7025472473294988
}