{
    "fbeta-1.0": 0.4883561643835618,
    "neg_prec": 0.36254237288135593,
    "pos_prec": 0.8120437956204379,
    "neg_rec": 0.7479020979020979,
    "pos_rec": 0.45302501454333916,
    "neg_f": 0.4883561643835618,
    "pos_f": 0.5815907393577298,
    "tn": 2139,
    "fp": 721,
    "fn": 3761,
    "tp": 3115,
    "sensitivity": 0.45302501454333916,
    "specificity": 0.7479020979020979,
    "acc": 0.5396466721446179
}