{
    "fbeta-1.0": 0.5392800543355218,
    "neg_prec": 0.4157793681270728,
    "pos_prec": 0.8195657599201398,
    "neg_rec": 0.7671497584541063,
    "pos_rec": 0.49524958528125473,
    "neg_f": 0.5392800543355218,
    "pos_f": 0.617409287460049,
    "tn": 2382,
    "fp": 723,
    "fn": 3347,
    "tp": 3284,
    "sensitivity": 0.49524958528125473,
    "specificity": 0.7671497584541063,
    "acc": 0.5819638455217748
}