{
    "fbeta-1.0": 0.5467144563918758,
    "neg_prec": 0.49945426762715567,
    "pos_prec": 0.7088263821532492,
    "neg_rec": 0.6038532594352072,
    "pos_rec": 0.6144274424079368,
    "neg_f": 0.5467144563918758,
    "pos_f": 0.6582597730138713,
    "tn": 2288,
    "fp": 1501,
    "fn": 2293,
    "tp": 3654,
    "sensitivity": 0.6144274424079368,
    "specificity": 0.6038532594352072,
    "acc": 0.6103122432210353
}