{
    "fbeta-1.0": 0.4617940199335549,
    "neg_prec": 0.35963777490297544,
    "pos_prec": 0.8199293840721852,
    "neg_rec": 0.6450116009280742,
    "pos_rec": 0.5846153846153846,
    "neg_f": 0.4617940199335549,
    "pos_f": 0.6825604180274331,
    "tn": 1668,
    "fp": 918,
    "fn": 2970,
    "tp": 4180,
    "sensitivity": 0.5846153846153846,
    "specificity": 0.6450116009280742,
    "acc": 0.600657354149548
}