{
    "fbeta-1.0": 0.6292857142857143,
    "neg_prec": 0.564381806534273,
    "pos_prec": 0.7874529982188798,
    "neg_rec": 0.7110573042776432,
    "pos_rec": 0.6610732679847151,
    "neg_f": 0.6292857142857143,
    "pos_f": 0.71875,
    "tn": 2643,
    "fp": 1074,
    "fn": 2040,
    "tp": 3979,
    "sensitivity": 0.6610732679847151,
    "specificity": 0.7110573042776432,
    "acc": 0.6801561216105176
}