{
    "fbeta-1.0": 0.5366652116979485,
    "neg_prec": 0.4278754132590917,
    "pos_prec": 0.7598395587866633,
    "neg_rec": 0.7196371085747731,
    "pos_rec": 0.4796645038771958,
    "neg_f": 0.5366652116979485,
    "pos_f": 0.5880869227784246,
    "tn": 2459,
    "fp": 958,
    "fn": 3288,
    "tp": 3031,
    "sensitivity": 0.4796645038771958,
    "specificity": 0.7196371085747731,
    "acc": 0.563886606409203
}