{
    "fbeta-1.0": 0.6014704401248867,
    "neg_prec": 0.5012590229981534,
    "pos_prec": 0.7390844138661021,
    "neg_rec": 0.7517623363544814,
    "pos_rec": 0.48455933379597504,
    "neg_f": 0.6014704401248867,
    "pos_f": 0.5853505187048098,
    "tn": 2986,
    "fp": 986,
    "fn": 2971,
    "tp": 2793,
    "sensitivity": 0.48455933379597504,
    "specificity": 0.7517623363544814,
    "acc": 0.5935702547247329
}