{
    "fbeta-1.0": 0.568385086925937,
    "neg_prec": 0.45524790727623954,
    "pos_prec": 0.7414869466515324,
    "neg_rec": 0.7563519657662476,
    "pos_rec": 0.43571785892946474,
    "neg_f": 0.568385086925937,
    "pos_f": 0.5488919231173196,
    "tn": 2828,
    "fp": 911,
    "fn": 3384,
    "tp": 2613,
    "sensitivity": 0.43571785892946474,
    "specificity": 0.7563519657662476,
    "acc": 0.5588537387017255
}