{
    "fbeta-1.0": 0.6038224813735018,
    "neg_prec": 0.48643006263048016,
    "pos_prec": 0.8202106318956871,
    "neg_rec": 0.7959009393680615,
    "pos_rec": 0.5256307247308372,
    "neg_f": 0.6038224813735018,
    "pos_f": 0.6406816178630887,
    "tn": 2796,
    "fp": 717,
    "fn": 2952,
    "tp": 3271,
    "sensitivity": 0.5256307247308372,
    "specificity": 0.7959009393680615,
    "acc": 0.623151191454396
}