{
    "fbeta-1.0": 0.6182069920387677,
    "neg_prec": 0.5308103824053894,
    "pos_prec": 0.799317551716784,
    "neg_rec": 0.7400552486187846,
    "pos_rec": 0.6128188358404185,
    "neg_f": 0.6182069920387677,
    "pos_f": 0.6937528921795464,
    "tn": 2679,
    "fp": 941,
    "fn": 2368,
    "tp": 3748,
    "sensitivity": 0.6128188358404185,
    "specificity": 0.7400552486187846,
    "acc": 0.660127362366475
}