{
    "fbeta-1.0": 0.5967119951288817,
    "neg_prec": 0.5067218200620476,
    "pos_prec": 0.71733604473818,
    "neg_rec": 0.7255676209279368,
    "pos_rec": 0.4964813511611541,
    "neg_f": 0.5967119951288817,
    "pos_f": 0.5868163859430234,
    "tn": 2940,
    "fp": 1112,
    "fn": 2862,
    "tp": 2822,
    "sensitivity": 0.4964813511611541,
    "specificity": 0.7255676209279368,
    "acc": 0.5918241577649959
}