{
    "fbeta-1.0": 0.5538026842477043,
    "neg_prec": 0.5201238390092879,
    "pos_prec": 0.6892980437284235,
    "neg_rec": 0.5921450151057401,
    "pos_rec": 0.6235253296321999,
    "neg_f": 0.5538026842477043,
    "pos_f": 0.6547640736017489,
    "tn": 2352,
    "fp": 1620,
    "fn": 2170,
    "tp": 3594,
    "sensitivity": 0.6235253296321999,
    "specificity": 0.5921450151057401,
    "acc": 0.6107230895645028
}