{
    "fbeta-1.0": 0.5682563714357811,
    "neg_prec": 0.5098483133348427,
    "pos_prec": 0.763677382966723,
    "neg_rec": 0.6417782844115133,
    "pos_rec": 0.6523205395856753,
    "neg_f": 0.5682563714357811,
    "pos_f": 0.7036203014030833,
    "tn": 2252,
    "fp": 1257,
    "fn": 2165,
    "tp": 4062,
    "sensitivity": 0.6523205395856753,
    "specificity": 0.6417782844115133,
    "acc": 0.6485209531635169
}