{
    "fbeta-1.0": 0.5975771342040507,
    "neg_prec": 0.4813233724653148,
    "pos_prec": 0.7324519987409506,
    "neg_rec": 0.7878712253556277,
    "pos_rec": 0.406179088846221,
    "neg_f": 0.5975771342040507,
    "pos_f": 0.522569054569953,
    "tn": 3157,
    "fp": 850,
    "fn": 3402,
    "tp": 2327,
    "sensitivity": 0.406179088846221,
    "specificity": 0.7878712253556277,
    "acc": 0.5632703368940016
}