{
    "fbeta-1.0": 0.6171003717472119,
    "neg_prec": 0.5567978533094812,
    "pos_prec": 0.7895136778115501,
    "neg_rec": 0.6920511395219566,
    "pos_rec": 0.6770935158031932,
    "neg_f": 0.6171003717472119,
    "pos_f": 0.7289949131731276,
    "tn": 2490,
    "fp": 1108,
    "fn": 1982,
    "tp": 4156,
    "sensitivity": 0.6770935158031932,
    "specificity": 0.6920511395219566,
    "acc": 0.682621199671323
}