{
    "fbeta-1.0": 0.5156485860923821,
    "neg_prec": 0.387946698970321,
    "pos_prec": 0.7538314176245211,
    "neg_rec": 0.7686768676867687,
    "pos_rec": 0.36873340621583633,
    "neg_f": 0.5156485860923821,
    "pos_f": 0.4952281069743052,
    "tn": 2562,
    "fp": 771,
    "fn": 4042,
    "tp": 2361,
    "sensitivity": 0.36873340621583633,
    "specificity": 0.7686768676867687,
    "acc": 0.5056491372226787
}