{
    "fbeta-1.0": 0.45929185837167436,
    "neg_prec": 0.3216587279349958,
    "pos_prec": 0.7829099307159353,
    "neg_rec": 0.8027972027972028,
    "pos_rec": 0.29581151832460734,
    "neg_f": 0.45929185837167436,
    "pos_f": 0.4293856871437619,
    "tn": 2296,
    "fp": 564,
    "fn": 4842,
    "tp": 2034,
    "sensitivity": 0.29581151832460734,
    "specificity": 0.8027972027972028,
    "acc": 0.4447411668036155
}