{
    "fbeta-1.0": 0.5686116700201207,
    "neg_prec": 0.4580226904376013,
    "pos_prec": 0.7352776219854178,
    "neg_rec": 0.7496021220159151,
    "pos_rec": 0.4394904458598726,
    "neg_f": 0.5686116700201207,
    "pos_f": 0.5501468736886277,
    "tn": 2826,
    "fp": 944,
    "fn": 3344,
    "tp": 2622,
    "sensitivity": 0.4394904458598726,
    "specificity": 0.7496021220159151,
    "acc": 0.5595727198027938
}