{
    "fbeta-1.0": 0.6997635933806147,
    "neg_prec": 0.6153846153846154,
    "pos_prec": 0.8292463442069741,
    "neg_rec": 0.810958904109589,
    "pos_rec": 0.6442929557769621,
    "neg_f": 0.6997635933806147,
    "pos_f": 0.7251623057249657,
    "tn": 3256,
    "fp": 759,
    "fn": 2035,
    "tp": 3686,
    "sensitivity": 0.6442929557769621,
    "specificity": 0.810958904109589,
    "acc": 0.7130238290879212
}