{
    "fbeta-1.0": 0.5506005470329409,
    "neg_prec": 0.4354778028592927,
    "pos_prec": 0.8239819004524886,
    "neg_rec": 0.748464274167475,
    "pos_rec": 0.5482462742736716,
    "neg_f": 0.5506005470329409,
    "pos_f": 0.6584109192804846,
    "tn": 2315,
    "fp": 778,
    "fn": 3001,
    "tp": 3642,
    "sensitivity": 0.5482462742736716,
    "specificity": 0.748464274167475,
    "acc": 0.6118529170090387
}