{
    "fbeta-1.0": 0.5924415116976604,
    "neg_prec": 0.5627991793936631,
    "pos_prec": 0.7234997195737521,
    "neg_rec": 0.6253799392097265,
    "pos_rec": 0.6686247408431237,
    "neg_f": 0.5924415116976604,
    "pos_f": 0.694980694980695,
    "tn": 2469,
    "fp": 1479,
    "fn": 1918,
    "tp": 3870,
    "sensitivity": 0.6686247408431237,
    "specificity": 0.6253799392097265,
    "acc": 0.651088742810189
}