{
    "fbeta-1.0": 0.5817733437955386,
    "neg_prec": 0.4930647919437583,
    "pos_prec": 0.7623518891124524,
    "neg_rec": 0.7094040459267359,
    "pos_rec": 0.5610398157288582,
    "neg_f": 0.5817733437955386,
    "pos_f": 0.6463842289830348,
    "tn": 2595,
    "fp": 1063,
    "fn": 2668,
    "tp": 3410,
    "sensitivity": 0.5610398157288582,
    "specificity": 0.7094040459267359,
    "acc": 0.6167830731306492
}