{
    "fbeta-1.0": 0.5922945377728599,
    "neg_prec": 0.49679379007762403,
    "pos_prec": 0.7188976377952756,
    "neg_rec": 0.7332503113325031,
    "pos_rec": 0.4787624541164132,
    "neg_f": 0.5922945377728599,
    "pos_f": 0.5747560591753226,
    "tn": 2944,
    "fp": 1071,
    "fn": 2982,
    "tp": 2739,
    "sensitivity": 0.4787624541164132,
    "specificity": 0.7332503113325031,
    "acc": 0.5837099424815119
}