{
    "fbeta-1.0": 0.6241346256257323,
    "neg_prec": 0.5112545803524691,
    "pos_prec": 0.818227215980025,
    "neg_rec": 0.80098414434117,
    "pos_rec": 0.5391576176373807,
    "neg_f": 0.6241346256257323,
    "pos_f": 0.6500049588416146,
    "tn": 2930,
    "fp": 728,
    "fn": 2801,
    "tp": 3277,
    "sensitivity": 0.5391576176373807,
    "specificity": 0.80098414434117,
    "acc": 0.63753081347576
}