{
    "fbeta-1.0": 0.5394637935354548,
    "neg_prec": 0.4908800729594163,
    "pos_prec": 0.7302803738317757,
    "neg_rec": 0.5987208008898777,
    "pos_rec": 0.6363192182410423,
    "neg_f": 0.5394637935354548,
    "pos_f": 0.6800696257615317,
    "tn": 2153,
    "fp": 1443,
    "fn": 2233,
    "tp": 3907,
    "sensitivity": 0.6363192182410423,
    "specificity": 0.5987208008898777,
    "acc": 0.6224322103533279
}