{
    "fbeta-1.0": 0.5832233289331573,
    "neg_prec": 0.5347711267605634,
    "pos_prec": 0.738251155624037,
    "neg_rec": 0.6413301662707839,
    "pos_rec": 0.6445266520934925,
    "neg_f": 0.5832233289331573,
    "pos_f": 0.6882125864081157,
    "tn": 2430,
    "fp": 1359,
    "fn": 2114,
    "tp": 3833,
    "sensitivity": 0.6445266520934925,
    "specificity": 0.6413301662707839,
    "acc": 0.6432826622843056
}