{
    "fbeta-1.0": 0.6392736584798044,
    "neg_prec": 0.5695913710848372,
    "pos_prec": 0.7916581892166836,
    "neg_rec": 0.7283819628647215,
    "pos_rec": 0.6521957760643647,
    "neg_f": 0.6392736584798044,
    "pos_f": 0.7151916184174248,
    "tn": 2746,
    "fp": 1024,
    "fn": 2075,
    "tp": 3891,
    "sensitivity": 0.6521957760643647,
    "specificity": 0.7283819628647215,
    "acc": 0.6816967953985209
}