{
    "fbeta-1.0": 0.5792,
    "neg_prec": 0.47470962907455977,
    "pos_prec": 0.8003638017280582,
    "neg_rec": 0.742672919109027,
    "pos_rec": 0.5566097406704618,
    "neg_f": 0.5792,
    "pos_f": 0.6565939190449543,
    "tn": 2534,
    "fp": 878,
    "fn": 2804,
    "tp": 3520,
    "sensitivity": 0.5566097406704618,
    "specificity": 0.742672919109027,
    "acc": 0.6218159408381265
}