{
    "fbeta-1.0": 0.555656313761052,
    "neg_prec": 0.47116493656286046,
    "pos_prec": 0.7421702690780767,
    "neg_rec": 0.6770718232044199,
    "pos_rec": 0.5501962066710269,
    "neg_f": 0.555656313761052,
    "pos_f": 0.631924882629108,
    "tn": 2451,
    "fp": 1169,
    "fn": 2751,
    "tp": 3365,
    "sensitivity": 0.5501962066710269,
    "specificity": 0.6770718232044199,
    "acc": 0.5973705834018077
}