{
    "fbeta-1.0": 0.5456226066288128,
    "neg_prec": 0.4944949736716132,
    "pos_prec": 0.7608852105073768,
    "neg_rec": 0.608541973490427,
    "pos_rec": 0.6669295063870052,
    "neg_f": 0.5456226066288128,
    "pos_f": 0.7108160349609212,
    "tn": 2066,
    "fp": 1329,
    "fn": 2112,
    "tp": 4229,
    "sensitivity": 0.6669295063870052,
    "specificity": 0.608541973490427,
    "acc": 0.6465694330320461
}