{
    "fbeta-1.0": 0.573203968167448,
    "neg_prec": 0.464159604519774,
    "pos_prec": 0.7838899803536346,
    "neg_rec": 0.7492163009404389,
    "pos_rec": 0.5126063915207966,
    "neg_f": 0.573203968167448,
    "pos_f": 0.6198660064083892,
    "tn": 2629,
    "fp": 880,
    "fn": 3035,
    "tp": 3192,
    "sensitivity": 0.5126063915207966,
    "specificity": 0.7492163009404389,
    "acc": 0.5978841413311422
}