{
    "fbeta-1.0": 0.5568003854957233,
    "neg_prec": 0.530898231104985,
    "pos_prec": 0.6958944826305035,
    "neg_rec": 0.5853596757852076,
    "pos_rec": 0.6472011057360055,
    "neg_f": 0.5568003854957233,
    "pos_f": 0.6706651150299884,
    "tn": 2311,
    "fp": 1637,
    "fn": 2042,
    "tp": 3746,
    "sensitivity": 0.6472011057360055,
    "specificity": 0.5853596757852076,
    "acc": 0.6221240755957272
}