{
    "fbeta-1.0": 0.6178721775736701,
    "neg_prec": 0.48100700134068225,
    "pos_prec": 0.831293417135296,
    "neg_rec": 0.8635998930195239,
    "pos_rec": 0.4190428547607137,
    "neg_f": 0.6178721775736701,
    "pos_f": 0.5572062084257207,
    "tn": 3229,
    "fp": 510,
    "fn": 3484,
    "tp": 2513,
    "sensitivity": 0.4190428547607137,
    "specificity": 0.8635998930195239,
    "acc": 0.5897699260476582
}