{
    "fbeta-1.0": 0.47394540942928043,
    "neg_prec": 0.3778021978021978,
    "pos_prec": 0.8100655611261087,
    "neg_rec": 0.6357248520710059,
    "pos_rec": 0.5974118316268487,
    "neg_f": 0.47394540942928043,
    "pos_f": 0.6876739237191031,
    "tn": 1719,
    "fp": 985,
    "fn": 2831,
    "tp": 4201,
    "sensitivity": 0.5974118316268487,
    "specificity": 0.6357248520710059,
    "acc": 0.6080525883319639
}