{
    "fbeta-1.0": 0.513900390393943,
    "neg_prec": 0.3883425710709816,
    "pos_prec": 0.8339367608013517,
    "neg_rec": 0.7594405594405594,
    "pos_rec": 0.5024723676556138,
    "neg_f": 0.513900390393943,
    "pos_f": 0.6270986477901807,
    "tn": 2172,
    "fp": 688,
    "fn": 3421,
    "tp": 3455,
    "sensitivity": 0.5024723676556138,
    "specificity": 0.7594405594405594,
    "acc": 0.5779580936729664
}