{
    "fbeta-1.0": 0.6861101799083696,
    "neg_prec": 0.6269144374106596,
    "pos_prec": 0.7970655094027692,
    "neg_rec": 0.7576505429417572,
    "pos_rec": 0.6785714285714286,
    "neg_f": 0.6861101799083696,
    "pos_f": 0.7330609141879693,
    "tn": 3070,
    "fp": 982,
    "fn": 1827,
    "tp": 3857,
    "sensitivity": 0.6785714285714286,
    "specificity": 0.7576505429417572,
    "acc": 0.7114831552999178
}