{
    "fbeta-1.0": 0.6203732666041081,
    "neg_prec": 0.5294536394376224,
    "pos_prec": 0.7578333738158853,
    "neg_rec": 0.748992950654582,
    "pos_rec": 0.5412907702984039,
    "neg_f": 0.6203732666041081,
    "pos_f": 0.6315150288432344,
    "tn": 2975,
    "fp": 997,
    "fn": 2644,
    "tp": 3120,
    "sensitivity": 0.5412907702984039,
    "specificity": 0.748992950654582,
    "acc": 0.6260271158586689
}