{
    "fbeta-1.0": 0.5791878835357096,
    "neg_prec": 0.44762865792129164,
    "pos_prec": 0.8983476260196611,
    "neg_rec": 0.8202662721893491,
    "pos_rec": 0.6107792946530148,
    "neg_f": 0.5791878835357096,
    "pos_f": 0.7271649877253873,
    "tn": 2218,
    "fp": 486,
    "fn": 2737,
    "tp": 4295,
    "sensitivity": 0.6107792946530148,
    "specificity": 0.8202662721893491,
    "acc": 0.6689605587510271
}