{
    "fbeta-1.0": 0.6084990106473194,
    "neg_prec": 0.48879806236754464,
    "pos_prec": 0.7514376996805112,
    "neg_rec": 0.8058397803843275,
    "pos_rec": 0.4105428521556991,
    "neg_f": 0.6084990106473194,
    "pos_f": 0.5309854385370809,
    "tn": 3229,
    "fp": 778,
    "fn": 3377,
    "tp": 2352,
    "sensitivity": 0.4105428521556991,
    "specificity": 0.8058397803843275,
    "acc": 0.5732333607230896
}