{
    "fbeta-1.0": 0.5014686875807779,
    "neg_prec": 0.45011600928074247,
    "pos_prec": 0.6724724724724724,
    "neg_rec": 0.5660477453580902,
    "pos_rec": 0.5630238015420718,
    "neg_f": 0.5014686875807779,
    "pos_f": 0.6129002828209105,
    "tn": 2134,
    "fp": 1636,
    "fn": 2607,
    "tp": 3359,
    "sensitivity": 0.5630238015420718,
    "specificity": 0.5660477453580902,
    "acc": 0.5641947411668036
}