{
    "fbeta-1.0": 0.6826319460590561,
    "neg_prec": 0.5938511326860841,
    "pos_prec": 0.8493322203672788,
    "neg_rec": 0.8026243849097867,
    "pos_rec": 0.6696281671602501,
    "neg_f": 0.6826319460590561,
    "pos_f": 0.7488500459981601,
    "tn": 2936,
    "fp": 722,
    "fn": 2008,
    "tp": 4070,
    "sensitivity": 0.6696281671602501,
    "specificity": 0.8026243849097867,
    "acc": 0.7195973705834018
}