{
    "fbeta-1.0": 0.6717703349282297,
    "neg_prec": 0.5874476987447699,
    "pos_prec": 0.8442292171105731,
    "neg_rec": 0.7843575418994413,
    "pos_rec": 0.6796621182586094,
    "neg_f": 0.6717703349282297,
    "pos_f": 0.7530597552195823,
    "tn": 2808,
    "fp": 772,
    "fn": 1972,
    "tp": 4184,
    "sensitivity": 0.6796621182586094,
    "specificity": 0.7843575418994413,
    "acc": 0.7181594083812654
}