{
    "fbeta-1.0": 0.6309022907900889,
    "neg_prec": 0.5246889580093312,
    "pos_prec": 0.8447299651567944,
    "neg_rec": 0.791031652989449,
    "pos_rec": 0.6133776091081594,
    "neg_f": 0.6309022907900889,
    "pos_f": 0.7106998900696225,
    "tn": 2699,
    "fp": 713,
    "fn": 2445,
    "tp": 3879,
    "sensitivity": 0.6133776091081594,
    "specificity": 0.791031652989449,
    "acc": 0.6756368118323747
}