{
    "fbeta-1.0": 0.6711306256860593,
    "neg_prec": 0.5949785908913975,
    "pos_prec": 0.8010004349717268,
    "neg_rec": 0.7696374622356495,
    "pos_rec": 0.6389659958362248,
    "neg_f": 0.6711306256860593,
    "pos_f": 0.7108666280640802,
    "tn": 3057,
    "fp": 915,
    "fn": 2081,
    "tp": 3683,
    "sensitivity": 0.6389659958362248,
    "specificity": 0.7696374622356495,
    "acc": 0.6922760887428102
}