{
    "fbeta-1.0": 0.581734960767219,
    "neg_prec": 0.4567858976553141,
    "pos_prec": 0.8294374518366299,
    "neg_rec": 0.8007800780078008,
    "pos_rec": 0.504294861783539,
    "neg_f": 0.581734960767219,
    "pos_f": 0.6272338772338772,
    "tn": 2669,
    "fp": 664,
    "fn": 3174,
    "tp": 3229,
    "sensitivity": 0.504294861783539,
    "specificity": 0.8007800780078008,
    "acc": 0.6057929334428923
}