{
    "fbeta-1.0": 0.6483100921767903,
    "neg_prec": 0.5538057742782152,
    "pos_prec": 0.8398494668618022,
    "neg_rec": 0.7817041892277002,
    "pos_rec": 0.6450939457202505,
    "neg_f": 0.6483100921767903,
    "pos_f": 0.7297002724795639,
    "tn": 2743,
    "fp": 766,
    "fn": 2210,
    "tp": 4017,
    "sensitivity": 0.6450939457202505,
    "specificity": 0.7817041892277002,
    "acc": 0.6943303204601479
}