{
    "fbeta-1.0": 0.6129901960784314,
    "neg_prec": 0.5248688352570829,
    "pos_prec": 0.820156910078455,
    "neg_rec": 0.7366715758468336,
    "pos_rec": 0.6429585238921306,
    "neg_f": 0.6129901960784314,
    "pos_f": 0.7208274398868458,
    "tn": 2501,
    "fp": 894,
    "fn": 2264,
    "tp": 4077,
    "sensitivity": 0.6429585238921306,
    "specificity": 0.7366715758468336,
    "acc": 0.6756368118323747
}