{
    "fbeta-1.0": 0.5806309772452457,
    "neg_prec": 0.4830802999817084,
    "pos_prec": 0.7683298196298899,
    "neg_rec": 0.7275482093663912,
    "pos_rec": 0.5371765476580412,
    "neg_f": 0.5806309772452457,
    "pos_f": 0.6322891566265061,
    "tn": 2641,
    "fp": 989,
    "fn": 2826,
    "tp": 3280,
    "sensitivity": 0.5371765476580412,
    "specificity": 0.7275482093663912,
    "acc": 0.6081552999178307
}