{
    "fbeta-1.0": 0.6343968531468532,
    "neg_prec": 0.5408980808645426,
    "pos_prec": 0.7981231403067064,
    "neg_rec": 0.7669749009247028,
    "pos_rec": 0.5859519408502772,
    "neg_f": 0.6343968531468532,
    "pos_f": 0.6757751937984496,
    "tn": 2903,
    "fp": 882,
    "fn": 2464,
    "tp": 3487,
    "sensitivity": 0.5859519408502772,
    "specificity": 0.7669749009247028,
    "acc": 0.6563270336894002
}