{
    "fbeta-1.0": 0.6142645607107601,
    "neg_prec": 0.4978995799159832,
    "pos_prec": 0.8699598902258814,
    "neg_rec": 0.8016103059581321,
    "pos_rec": 0.621474890665058,
    "neg_f": 0.6142645607107601,
    "pos_f": 0.7250175932441942,
    "tn": 2489,
    "fp": 616,
    "fn": 2510,
    "tp": 4121,
    "sensitivity": 0.621474890665058,
    "specificity": 0.8016103059581321,
    "acc": 0.678923582580115
}