{
    "fbeta-1.0": 0.4842696629213484,
    "neg_prec": 0.3413050364269877,
    "pos_prec": 0.8740502630040912,
    "neg_rec": 0.8333333333333334,
    "pos_rec": 0.4183216783216783,
    "neg_f": 0.4842696629213484,
    "pos_f": 0.5658342792281499,
    "tn": 2155,
    "fp": 431,
    "fn": 4159,
    "tp": 2991,
    "sensitivity": 0.4183216783216783,
    "specificity": 0.8333333333333334,
    "acc": 0.5285538208709942
}