{
    "fbeta-1.0": 0.6274276182533064,
    "neg_prec": 0.5203557312252964,
    "pos_prec": 0.8502994011976048,
    "neg_rec": 0.78997899789979,
    "pos_rec": 0.6209589255036702,
    "neg_f": 0.6274276182533064,
    "pos_f": 0.7177543099557722,
    "tn": 2633,
    "fp": 700,
    "fn": 2427,
    "tp": 3976,
    "sensitivity": 0.6209589255036702,
    "specificity": 0.78997899789979,
    "acc": 0.6788208709942481
}