{
    "fbeta-1.0": 0.5548278047749842,
    "neg_prec": 0.4622425629290618,
    "pos_prec": 0.7141800246609125,
    "neg_rec": 0.6937912813738442,
    "pos_rec": 0.4866409006889598,
    "neg_f": 0.5548278047749842,
    "pos_f": 0.5788526883869678,
    "tn": 2626,
    "fp": 1159,
    "fn": 3055,
    "tp": 2896,
    "sensitivity": 0.4866409006889598,
    "specificity": 0.6937912813738442,
    "acc": 0.5671733771569433
}