{
    "fbeta-1.0": 0.5620970299122715,
    "neg_prec": 0.4582112700327417,
    "pos_prec": 0.7459954233409611,
    "neg_rec": 0.7268999453253144,
    "pos_rec": 0.4827245804540967,
    "neg_f": 0.5620970299122715,
    "pos_f": 0.5861552292478274,
    "tn": 2659,
    "fp": 999,
    "fn": 3144,
    "tp": 2934,
    "sensitivity": 0.4827245804540967,
    "specificity": 0.7268999453253144,
    "acc": 0.5744658997534922
}