{
    "fbeta-1.0": 0.6770257826887661,
    "neg_prec": 0.5942614669630228,
    "pos_prec": 0.8332985168163777,
    "neg_rec": 0.7865739502540786,
    "pos_rec": 0.665165916291479,
    "neg_f": 0.6770257826887661,
    "pos_f": 0.7397997032640949,
    "tn": 2941,
    "fp": 798,
    "fn": 2008,
    "tp": 3989,
    "sensitivity": 0.665165916291479,
    "specificity": 0.7865739502540786,
    "acc": 0.7117912900575185
}