{
    "fbeta-1.0": 0.6762441098724284,
    "neg_prec": 0.5984540276647681,
    "pos_prec": 0.825103734439834,
    "neg_rec": 0.7772787318361956,
    "pos_rec": 0.6682910435220971,
    "neg_f": 0.6762441098724284,
    "pos_f": 0.738464395135085,
    "tn": 2942,
    "fp": 843,
    "fn": 1974,
    "tp": 3977,
    "sensitivity": 0.6682910435220971,
    "specificity": 0.7772787318361956,
    "acc": 0.7106614626129828
}