{
    "fbeta-1.0": 0.5793631202172302,
    "neg_prec": 0.5210923623445826,
    "pos_prec": 0.760894495412844,
    "neg_rec": 0.6523068371317399,
    "pos_rec": 0.6485826001955034,
    "neg_f": 0.5793631202172302,
    "pos_f": 0.7002638522427441,
    "tn": 2347,
    "fp": 1251,
    "fn": 2157,
    "tp": 3981,
    "sensitivity": 0.6485826001955034,
    "specificity": 0.6523068371317399,
    "acc": 0.6499589153656532
}