{
    "fbeta-1.0": 0.5120402539834671,
    "neg_prec": 0.44829032934759805,
    "pos_prec": 0.7095995170054337,
    "neg_rec": 0.596927374301676,
    "pos_rec": 0.5727745289148798,
    "neg_f": 0.5120402539834671,
    "pos_f": 0.6338876404494382,
    "tn": 2137,
    "fp": 1443,
    "fn": 2630,
    "tp": 3526,
    "sensitivity": 0.5727745289148798,
    "specificity": 0.596927374301676,
    "acc": 0.5816557107641742
}