{
    "fbeta-1.0": 0.5560791705937795,
    "neg_prec": 0.5266681544298147,
    "pos_prec": 0.6865842055185537,
    "neg_rec": 0.5889693037184927,
    "pos_rec": 0.6297783208238785,
    "neg_f": 0.5560791705937795,
    "pos_f": 0.6569555717407137,
    "tn": 2360,
    "fp": 1647,
    "fn": 2121,
    "tp": 3608,
    "sensitivity": 0.6297783208238785,
    "specificity": 0.5889693037184927,
    "acc": 0.6129827444535744
}