{
    "fbeta-1.0": 0.6289171203871747,
    "neg_prec": 0.5469276094276094,
    "pos_prec": 0.8166131621187801,
    "neg_rec": 0.739823512667236,
    "pos_rec": 0.6540253896834324,
    "neg_f": 0.6289171203871747,
    "pos_f": 0.7263317569376282,
    "tn": 2599,
    "fp": 914,
    "fn": 2153,
    "tp": 4070,
    "sensitivity": 0.6540253896834324,
    "specificity": 0.739823512667236,
    "acc": 0.6849835661462613
}