{
    "fbeta-1.0": 0.5501426126640045,
    "neg_prec": 0.5115637598132824,
    "pos_prec": 0.673302807087398,
    "neg_rec": 0.5950148075024679,
    "pos_rec": 0.5950035186488388,
    "neg_f": 0.5501426126640045,
    "pos_f": 0.6317362473148408,
    "tn": 2411,
    "fp": 1641,
    "fn": 2302,
    "tp": 3382,
    "sensitivity": 0.5950035186488388,
    "specificity": 0.5950148075024679,
    "acc": 0.5950082169268693
}