{
    "fbeta-1.0": 0.554128074892939,
    "neg_prec": 0.44362940519853294,
    "pos_prec": 0.7148629148629149,
    "neg_rec": 0.7379310344827587,
    "pos_rec": 0.41518605430774386,
    "neg_f": 0.554128074892939,
    "pos_f": 0.5252889407273884,
    "tn": 2782,
    "fp": 988,
    "fn": 3489,
    "tp": 2477,
    "sensitivity": 0.41518605430774386,
    "specificity": 0.7379310344827587,
    "acc": 0.5401602300739523
}