{
    "fbeta-1.0": 0.6138052141023909,
    "neg_prec": 0.5271461716937355,
    "pos_prec": 0.8486914854404718,
    "neg_rec": 0.7345619139993533,
    "pos_rec": 0.6932108986903508,
    "neg_f": 0.6138052141023909,
    "pos_f": 0.7631121053939846,
    "tn": 2272,
    "fp": 821,
    "fn": 2038,
    "tp": 4605,
    "sensitivity": 0.6932108986903508,
    "specificity": 0.7345619139993533,
    "acc": 0.7063475760065735
}