{
    "fbeta-1.0": 0.6469889064976229,
    "neg_prec": 0.5370827166584443,
    "pos_prec": 0.7950752393980848,
    "neg_rec": 0.8134495641344957,
    "pos_rec": 0.5079531550428247,
    "neg_f": 0.6469889064976229,
    "pos_f": 0.6198805460750852,
    "tn": 3266,
    "fp": 749,
    "fn": 2815,
    "tp": 2906,
    "sensitivity": 0.5079531550428247,
    "specificity": 0.8134495641344957,
    "acc": 0.6339359079704191
}