{
    "fbeta-1.0": 0.6722706958927431,
    "neg_prec": 0.5796330275229358,
    "pos_prec": 0.8159122725151656,
    "neg_rec": 0.8001519756838906,
    "pos_rec": 0.6041810642709053,
    "neg_f": 0.6722706958927431,
    "pos_f": 0.6942624578121898,
    "tn": 3159,
    "fp": 789,
    "fn": 2291,
    "tp": 3497,
    "sensitivity": 0.6041810642709053,
    "specificity": 0.8001519756838906,
    "acc": 0.6836483155299918
}