{
    "fbeta-1.0": 0.5420304315290596,
    "neg_prec": 0.4916289592760181,
    "pos_prec": 0.731941309255079,
    "neg_rec": 0.603946637020567,
    "pos_rec": 0.6339198435972629,
    "neg_f": 0.5420304315290596,
    "pos_f": 0.6794133053954949,
    "tn": 2173,
    "fp": 1425,
    "fn": 2247,
    "tp": 3891,
    "sensitivity": 0.6339198435972629,
    "specificity": 0.603946637020567,
    "acc": 0.6228430566967954
}