{
    "fbeta-1.0": 0.5145723841376015,
    "neg_prec": 0.48328472066412387,
    "pos_prec": 0.6664140935783293,
    "neg_rec": 0.550191570881226,
    "pos_rec": 0.6043635114241539,
    "neg_f": 0.5145723841376015,
    "pos_f": 0.633873873873874,
    "tn": 2154,
    "fp": 1761,
    "fn": 2303,
    "tp": 3518,
    "sensitivity": 0.6043635114241539,
    "specificity": 0.550191570881226,
    "acc": 0.5825801150369762
}