{
    "fbeta-1.0": 0.5793794647617017,
    "neg_prec": 0.4631776338220252,
    "pos_prec": 0.7943152454780362,
    "neg_rec": 0.7734130372900655,
    "pos_rec": 0.4939739675397718,
    "neg_f": 0.5793794647617017,
    "pos_f": 0.6091350440899633,
    "tn": 2717,
    "fp": 796,
    "fn": 3149,
    "tp": 3074,
    "sensitivity": 0.4939739675397718,
    "specificity": 0.7734130372900655,
    "acc": 0.5948027937551356
}