{
    "fbeta-1.0": 0.41818623875516653,
    "neg_prec": 0.3049645390070922,
    "pos_prec": 0.78857421875,
    "neg_rec": 0.6651198762567672,
    "pos_rec": 0.45174825174825173,
    "neg_f": 0.41818623875516653,
    "pos_f": 0.5744264627423084,
    "tn": 1720,
    "fp": 866,
    "fn": 3920,
    "tp": 3230,
    "sensitivity": 0.45174825174825173,
    "specificity": 0.6651198762567672,
    "acc": 0.5084223500410846
}