{
    "fbeta-1.0": 0.622136630853436,
    "neg_prec": 0.5034448818897638,
    "pos_prec": 0.8074175824175824,
    "neg_rec": 0.8140583554376658,
    "pos_rec": 0.4926248742876299,
    "neg_f": 0.622136630853436,
    "pos_f": 0.6119092234020405,
    "tn": 3069,
    "fp": 701,
    "fn": 3027,
    "tp": 2939,
    "sensitivity": 0.4926248742876299,
    "specificity": 0.8140583554376658,
    "acc": 0.6170912078882498
}