{
    "fbeta-1.0": 0.6433793663688059,
    "neg_prec": 0.5426781519185592,
    "pos_prec": 0.840751944684529,
    "neg_rec": 0.7899686520376176,
    "pos_rec": 0.6248594828970612,
    "neg_f": 0.6433793663688059,
    "pos_f": 0.7169046522339936,
    "tn": 2772,
    "fp": 737,
    "fn": 2336,
    "tp": 3891,
    "sensitivity": 0.6248594828970612,
    "specificity": 0.7899686520376176,
    "acc": 0.68436729663106
}