{
    "fbeta-1.0": 0.6364617044228694,
    "neg_prec": 0.559300610912155,
    "pos_prec": 0.811385047103628,
    "neg_rec": 0.7383203559510567,
    "pos_rec": 0.6592833876221499,
    "neg_f": 0.6364617044228694,
    "pos_f": 0.7274687752718125,
    "tn": 2655,
    "fp": 941,
    "fn": 2092,
    "tp": 4048,
    "sensitivity": 0.6592833876221499,
    "specificity": 0.7383203559510567,
    "acc": 0.6884757600657354
}