{
    "fbeta-1.0": 0.6919492902806371,
    "neg_prec": 0.6114515511298353,
    "pos_prec": 0.819672131147541,
    "neg_rec": 0.7968555028699775,
    "pos_rec": 0.6458369698027578,
    "neg_f": 0.6919492902806371,
    "pos_f": 0.722444596309675,
    "tn": 3193,
    "fp": 814,
    "fn": 2029,
    "tp": 3700,
    "sensitivity": 0.6458369698027578,
    "specificity": 0.7968555028699775,
    "acc": 0.7079909613804437
}