{
    "fbeta-1.0": 0.5909813269765594,
    "neg_prec": 0.47237218164496664,
    "pos_prec": 0.768760907504363,
    "neg_rec": 0.7891246684350133,
    "pos_rec": 0.4430103922225947,
    "neg_f": 0.5909813269765594,
    "pos_f": 0.5621012335176521,
    "tn": 2975,
    "fp": 795,
    "fn": 3323,
    "tp": 2643,
    "sensitivity": 0.4430103922225947,
    "specificity": 0.7891246684350133,
    "acc": 0.5770336894001643
}