{
    "fbeta-1.0": 0.5775581535494757,
    "neg_prec": 0.5292688314557101,
    "pos_prec": 0.7362257631023229,
    "neg_rec": 0.6355437665782493,
    "pos_rec": 0.6428092524304392,
    "neg_f": 0.5775581535494757,
    "pos_f": 0.6863534675615212,
    "tn": 2396,
    "fp": 1374,
    "fn": 2131,
    "tp": 3835,
    "sensitivity": 0.6428092524304392,
    "specificity": 0.6355437665782493,
    "acc": 0.6399958915365653
}