{
    "fbeta-1.0": 0.4520161784532418,
    "neg_prec": 0.33088103355463844,
    "pos_prec": 0.8217631515733845,
    "neg_rec": 0.7130703789636504,
    "pos_rec": 0.47846153846153844,
    "neg_f": 0.4520161784532418,
    "pos_f": 0.604790948466366,
    "tn": 1844,
    "fp": 742,
    "fn": 3729,
    "tp": 3421,
    "sensitivity": 0.47846153846153844,
    "specificity": 0.7130703789636504,
    "acc": 0.5407764995891536
}