{
    "fbeta-1.0": 0.6317856091096495,
    "neg_prec": 0.5245313773431133,
    "pos_prec": 0.7683976673146348,
    "neg_rec": 0.7941757156959526,
    "pos_rec": 0.48680506685432795,
    "neg_f": 0.6317856091096495,
    "pos_f": 0.5960150780829294,
    "tn": 3218,
    "fp": 834,
    "fn": 2917,
    "tp": 2767,
    "sensitivity": 0.48680506685432795,
    "specificity": 0.7941757156959526,
    "acc": 0.6147288414133114
}