{
    "fbeta-1.0": 0.5500647388864911,
    "neg_prec": 0.4591965411637543,
    "pos_prec": 0.7209080047789725,
    "neg_rec": 0.6857680925477536,
    "pos_rec": 0.5012460541618209,
    "neg_f": 0.5500647388864911,
    "pos_f": 0.5913367306938456,
    "tn": 2549,
    "fp": 1168,
    "fn": 3002,
    "tp": 3017,
    "sensitivity": 0.5012460541618209,
    "specificity": 0.6857680925477536,
    "acc": 0.5716926869350862
}