{
    "fbeta-1.0": 0.568121533638775,
    "neg_prec": 0.5225105344865824,
    "pos_prec": 0.7266118232255596,
    "neg_rec": 0.6224570673712021,
    "pos_rec": 0.6382120651991262,
    "neg_f": 0.568121533638775,
    "pos_f": 0.6795491143317232,
    "tn": 2356,
    "fp": 1429,
    "fn": 2153,
    "tp": 3798,
    "sensitivity": 0.6382120651991262,
    "specificity": 0.6224570673712021,
    "acc": 0.6320870994248151
}