{
    "fbeta-1.0": 0.6858370122897028,
    "neg_prec": 0.6036546943919344,
    "pos_prec": 0.8500502512562814,
    "neg_rec": 0.7939226519337017,
    "pos_rec": 0.6914650098103335,
    "neg_f": 0.6858370122897028,
    "pos_f": 0.7626003065548643,
    "tn": 2874,
    "fp": 746,
    "fn": 1887,
    "tp": 4229,
    "sensitivity": 0.6914650098103335,
    "specificity": 0.7939226519337017,
    "acc": 0.7295603944124898
}