{
    "fbeta-1.0": 0.6417404898384576,
    "neg_prec": 0.5469686875416389,
    "pos_prec": 0.8643225683164533,
    "neg_rec": 0.7762369996848408,
    "pos_rec": 0.689166539692214,
    "neg_f": 0.6417404898384576,
    "pos_f": 0.7668701254662598,
    "tn": 2463,
    "fp": 710,
    "fn": 2040,
    "tp": 4523,
    "sensitivity": 0.689166539692214,
    "specificity": 0.7762369996848408,
    "acc": 0.7175431388660641
}