{
    "fbeta-1.0": 0.6756549380686178,
    "neg_prec": 0.5955555555555555,
    "pos_prec": 0.8101293575970182,
    "neg_rec": 0.7806484295845998,
    "pos_rec": 0.6383897719419489,
    "neg_f": 0.6756549380686178,
    "pos_f": 0.7140786549425064,
    "tn": 3082,
    "fp": 866,
    "fn": 2093,
    "tp": 3695,
    "sensitivity": 0.6383897719419489,
    "specificity": 0.7806484295845998,
    "acc": 0.696076417419885
}