{
    "fbeta-1.0": 0.6504318867728172,
    "neg_prec": 0.5488233227959255,
    "pos_prec": 0.8045522018802573,
    "neg_rec": 0.7982120051085568,
    "pos_rec": 0.5586668957223845,
    "neg_f": 0.6504318867728172,
    "pos_f": 0.659434249214235,
    "tn": 3125,
    "fp": 790,
    "fn": 2569,
    "tp": 3252,
    "sensitivity": 0.5586668957223845,
    "specificity": 0.7982120051085568,
    "acc": 0.6549917830731307
}