{
    "fbeta-1.0": 0.5821424951859734,
    "neg_prec": 0.4669918699186992,
    "pos_prec": 0.7643614054657,
    "neg_rec": 0.772666128598332,
    "pos_rec": 0.45539126100681177,
    "neg_f": 0.5821424951859734,
    "pos_f": 0.5707444039562728,
    "tn": 2872,
    "fp": 845,
    "fn": 3278,
    "tp": 2741,
    "sensitivity": 0.45539126100681177,
    "specificity": 0.772666128598332,
    "acc": 0.5765201314708299
}