{
    "fbeta-1.0": 0.5280791928421854,
    "neg_prec": 0.40156340474811814,
    "pos_prec": 0.7086280056577087,
    "neg_rec": 0.7709838799332963,
    "pos_rec": 0.32649071358748777,
    "neg_f": 0.5280791928421854,
    "pos_f": 0.44702208342627703,
    "tn": 2774,
    "fp": 824,
    "fn": 4134,
    "tp": 2004,
    "sensitivity": 0.32649071358748777,
    "specificity": 0.7709838799332963,
    "acc": 0.4907559572719803
}