{
    "fbeta-1.0": 0.6303131325157757,
    "neg_prec": 0.5492840838348205,
    "pos_prec": 0.8102501525320317,
    "neg_rec": 0.7393854748603352,
    "pos_rec": 0.6471734892787524,
    "neg_f": 0.6303131325157757,
    "pos_f": 0.719588187483067,
    "tn": 2647,
    "fp": 933,
    "fn": 2172,
    "tp": 3984,
    "sensitivity": 0.6471734892787524,
    "specificity": 0.7393854748603352,
    "acc": 0.6810805258833197
}