{
    "fbeta-1.0": 0.5500696155081932,
    "neg_prec": 0.42771485676215854,
    "pos_prec": 0.795016077170418,
    "neg_rec": 0.7704770477047704,
    "pos_rec": 0.46337654224582225,
    "neg_f": 0.5500696155081932,
    "pos_f": 0.5854958066107548,
    "tn": 2568,
    "fp": 765,
    "fn": 3436,
    "tp": 2967,
    "sensitivity": 0.46337654224582225,
    "specificity": 0.7704770477047704,
    "acc": 0.5685086277732129
}