{
    "fbeta-1.0": 0.4529262086513995,
    "neg_prec": 0.3670501410896462,
    "pos_prec": 0.7720803275492298,
    "neg_rec": 0.5912587412587412,
    "pos_rec": 0.5759162303664922,
    "neg_f": 0.4529262086513995,
    "pos_f": 0.6597251145356101,
    "tn": 1691,
    "fp": 1169,
    "fn": 2916,
    "tp": 3960,
    "sensitivity": 0.5759162303664922,
    "specificity": 0.5912587412587412,
    "acc": 0.5804231717337716
}