{
    "fbeta-1.0": 0.6090310869071931,
    "neg_prec": 0.5143733231123035,
    "pos_prec": 0.798140770252324,
    "neg_rec": 0.746384872080089,
    "pos_rec": 0.5872964169381107,
    "neg_f": 0.6090310869071931,
    "pos_f": 0.6766747982735972,
    "tn": 2684,
    "fp": 912,
    "fn": 2534,
    "tp": 3606,
    "sensitivity": 0.5872964169381107,
    "specificity": 0.746384872080089,
    "acc": 0.6460558751027116
}