{
    "fbeta-1.0": 0.5736027944111777,
    "neg_prec": 0.5201357466063349,
    "pos_prec": 0.7560195635816404,
    "neg_rec": 0.639321468298109,
    "pos_rec": 0.6545602605863192,
    "neg_f": 0.5736027944111777,
    "pos_f": 0.701641061452514,
    "tn": 2299,
    "fp": 1297,
    "fn": 2121,
    "tp": 4019,
    "sensitivity": 0.6545602605863192,
    "specificity": 0.639321468298109,
    "acc": 0.6489317995069844
}