{
    "fbeta-1.0": 0.5805689747718733,
    "neg_prec": 0.47280993180625985,
    "pos_prec": 0.7779437391087877,
    "neg_rec": 0.7519466073414905,
    "pos_rec": 0.508957654723127,
    "neg_f": 0.5805689747718733,
    "pos_f": 0.6153391749532342,
    "tn": 2704,
    "fp": 892,
    "fn": 3015,
    "tp": 3125,
    "sensitivity": 0.508957654723127,
    "specificity": 0.7519466073414905,
    "acc": 0.5987058340180772
}