{
    "fbeta-1.0": 0.5330700888450148,
    "neg_prec": 0.4817127564674398,
    "pos_prec": 0.722010662604722,
    "neg_rec": 0.5966850828729282,
    "pos_rec": 0.6200130804447351,
    "neg_f": 0.5330700888450148,
    "pos_f": 0.6671358198451794,
    "tn": 2160,
    "fp": 1460,
    "fn": 2324,
    "tp": 3792,
    "sensitivity": 0.6200130804447351,
    "specificity": 0.5966850828729282,
    "acc": 0.6113393590797042
}