{
    "fbeta-1.0": 0.5716101694915255,
    "neg_prec": 0.4479495268138801,
    "pos_prec": 0.8063560463237275,
    "neg_rec": 0.7895815042434884,
    "pos_rec": 0.47380914701693305,
    "neg_f": 0.5716101694915255,
    "pos_f": 0.59688995215311,
    "tn": 2698,
    "fp": 719,
    "fn": 3325,
    "tp": 2994,
    "sensitivity": 0.47380914701693305,
    "specificity": 0.7895815042434884,
    "acc": 0.5846343467543139
}