{
    "fbeta-1.0": 0.43603168210498056,
    "neg_prec": 0.33395023647953936,
    "pos_prec": 0.802585676174841,
    "neg_rec": 0.6279969064191802,
    "pos_rec": 0.546993006993007,
    "neg_f": 0.43603168210498056,
    "pos_f": 0.6505863761124512,
    "tn": 1624,
    "fp": 962,
    "fn": 3239,
    "tp": 3911,
    "sensitivity": 0.546993006993007,
    "specificity": 0.6279969064191802,
    "acc": 0.5685086277732129
}