{
    "fbeta-1.0": 0.5196850393700787,
    "neg_prec": 0.38087855297157625,
    "pos_prec": 0.87458661918087,
    "neg_rec": 0.8176775147928994,
    "pos_rec": 0.48890784982935154,
    "neg_f": 0.5196850393700787,
    "pos_f": 0.6272005837818115,
    "tn": 2211,
    "fp": 493,
    "fn": 3594,
    "tp": 3438,
    "sensitivity": 0.48890784982935154,
    "specificity": 0.8176775147928994,
    "acc": 0.5802177485620378
}