{
    "fbeta-1.0": 0.5864988061645323,
    "neg_prec": 0.48301751877011084,
    "pos_prec": 0.7783679381941091,
    "neg_rec": 0.7464088397790055,
    "pos_rec": 0.5271419228253761,
    "neg_f": 0.5864988061645323,
    "pos_f": 0.6285825697016962,
    "tn": 2702,
    "fp": 918,
    "fn": 2892,
    "tp": 3224,
    "sensitivity": 0.5271419228253761,
    "specificity": 0.7464088397790055,
    "acc": 0.6086688578471652
}