{
    "fbeta-1.0": 0.5657735940139995,
    "neg_prec": 0.4471575734452499,
    "pos_prec": 0.6595330739299611,
    "neg_rec": 0.7700394218134035,
    "pos_rec": 0.31875881523272215,
    "neg_f": 0.5657735940139995,
    "pos_f": 0.4297939778129952,
    "tn": 1172,
    "fp": 350,
    "fn": 1449,
    "tp": 678,
    "sensitivity": 0.31875881523272215,
    "specificity": 0.7700394218134035,
    "acc": 0.5069882159495752
}