{
    "fbeta-1.0": 0.5886402753872633,
    "neg_prec": 0.43761996161228406,
    "pos_prec": 0.7055449330783938,
    "neg_rec": 0.8988173455978975,
    "pos_rec": 0.17348377997179126,
    "neg_f": 0.5886402753872633,
    "pos_f": 0.27849056603773586,
    "tn": 1368,
    "fp": 154,
    "fn": 1758,
    "tp": 369,
    "sensitivity": 0.17348377997179126,
    "specificity": 0.8988173455978975,
    "acc": 0.4760208276240066
}