{
    "fbeta-1.0": 0.6234320789965305,
    "neg_prec": 0.5249438202247191,
    "pos_prec": 0.7514044943820225,
    "neg_rec": 0.7674113009198423,
    "pos_rec": 0.5030559473436765,
    "neg_f": 0.6234320789965305,
    "pos_f": 0.6026471416502394,
    "tn": 1168,
    "fp": 354,
    "fn": 1057,
    "tp": 1070,
    "sensitivity": 0.5030559473436765,
    "specificity": 0.7674113009198423,
    "acc": 0.6133187174568375
}