{
    "fbeta-1.0": 0.5297931460327261,
    "neg_prec": 0.4513413992635455,
    "pos_prec": 0.7254004576659039,
    "neg_rec": 0.6412556053811659,
    "pos_rec": 0.5486802250108178,
    "neg_f": 0.5297931460327261,
    "pos_f": 0.6247844296624784,
    "tn": 858,
    "fp": 480,
    "fn": 1043,
    "tp": 1268,
    "sensitivity": 0.5486802250108178,
    "specificity": 0.6412556053811659,
    "acc": 0.5826253768155659
}