{
    "fbeta-1.0": 0.5612704432329936,
    "neg_prec": 0.43900630329996293,
    "pos_prec": 0.6449579831932774,
    "neg_rec": 0.7779237844940867,
    "pos_rec": 0.28866948754113775,
    "neg_f": 0.5612704432329936,
    "pos_f": 0.3988307892172783,
    "tn": 1184,
    "fp": 338,
    "fn": 1513,
    "tp": 614,
    "sensitivity": 0.28866948754113775,
    "specificity": 0.7779237844940867,
    "acc": 0.4927377363661277
}