{
    "fbeta-1.0": 0.6625550660792952,
    "neg_prec": 0.5728796343321483,
    "pos_prec": 0.8166666666666667,
    "neg_rec": 0.7855153203342619,
    "pos_rec": 0.6199728874830547,
    "neg_f": 0.6625550660792952,
    "pos_f": 0.7048548677112767,
    "tn": 1128,
    "fp": 308,
    "fn": 841,
    "tp": 1372,
    "sensitivity": 0.6199728874830547,
    "specificity": 0.7855153203342619,
    "acc": 0.6851192107426692
}