{
    "fbeta-1.0": 0.49544072948328277,
    "neg_prec": 0.36961451247165533,
    "pos_prec": 0.6769690927218345,
    "neg_rec": 0.7511520737327189,
    "pos_rec": 0.28930549637835534,
    "neg_f": 0.49544072948328277,
    "pos_f": 0.4053731343283582,
    "tn": 978,
    "fp": 324,
    "fn": 1668,
    "tp": 679,
    "sensitivity": 0.28930549637835534,
    "specificity": 0.7511520737327189,
    "acc": 0.4540970128802412
}