{
    "fbeta-1.0": 0.5245753114382785,
    "neg_prec": 0.37198843559267586,
    "pos_prec": 0.7313432835820896,
    "neg_rec": 0.8894009216589862,
    "pos_rec": 0.1670217298679165,
    "neg_f": 0.5245753114382785,
    "pos_f": 0.2719389524800555,
    "tn": 1158,
    "fp": 144,
    "fn": 1955,
    "tp": 392,
    "sensitivity": 0.1670217298679165,
    "specificity": 0.8894009216589862,
    "acc": 0.42477391066045495
}