{
    "fbeta-1.0": 0.5363044566850275,
    "neg_prec": 0.38497483824586626,
    "pos_prec": 0.8373702422145328,
    "neg_rec": 0.8836633663366337,
    "pos_rec": 0.2979072630283135,
    "neg_f": 0.5363044566850275,
    "pos_f": 0.43946731234866826,
    "tn": 1071,
    "fp": 141,
    "fn": 1711,
    "tp": 726,
    "sensitivity": 0.2979072630283135,
    "specificity": 0.8836633663366337,
    "acc": 0.49246368868183066
}