{
    "fbeta-1.0": 0.6901292273852075,
    "neg_prec": 0.6312877263581489,
    "pos_prec": 0.7627934978928357,
    "neg_rec": 0.7610673135233474,
    "pos_rec": 0.6335,
    "neg_f": 0.6901292273852075,
    "pos_f": 0.6921606118546845,
    "tn": 1255,
    "fp": 394,
    "fn": 733,
    "tp": 1267,
    "sensitivity": 0.6335,
    "specificity": 0.7610673135233474,
    "acc": 0.6911482597972047
}