{
    "fbeta-1.0": 0.5206611570247933,
    "neg_prec": 0.37649402390438247,
    "pos_prec": 0.6703296703296703,
    "neg_rec": 0.84375,
    "pos_rec": 0.18524945770065077,
    "neg_f": 0.5206611570247933,
    "pos_f": 0.2902787219578518,
    "tn": 1134,
    "fp": 210,
    "fn": 1878,
    "tp": 427,
    "sensitivity": 0.18524945770065077,
    "specificity": 0.84375,
    "acc": 0.42778843518772264
}