{
    "fbeta-1.0": 0.48610086100861016,
    "neg_prec": 0.34317471344216743,
    "pos_prec": 0.7428571428571429,
    "neg_rec": 0.8330522765598651,
    "pos_rec": 0.23223710921640275,
    "neg_f": 0.48610086100861016,
    "pos_f": 0.3538509124652026,
    "tn": 988,
    "fp": 198,
    "fn": 1891,
    "tp": 572,
    "sensitivity": 0.23223710921640275,
    "specificity": 0.8330522765598651,
    "acc": 0.4275143875034256
}