{
    "fbeta-1.0": 0.6722813970770374,
    "neg_prec": 0.5871916919082648,
    "pos_prec": 0.7242152466367713,
    "neg_rec": 0.7862108922363847,
    "pos_rec": 0.5039001560062403,
    "neg_f": 0.6722813970770374,
    "pos_f": 0.5942962281508739,
    "tn": 1357,
    "fp": 369,
    "fn": 954,
    "tp": 969,
    "sensitivity": 0.5039001560062403,
    "specificity": 0.7862108922363847,
    "acc": 0.6374349136749794
}