{
    "fbeta-1.0": 0.5805651958353991,
    "neg_prec": 0.48209139563606423,
    "pos_prec": 0.6442622950819672,
    "neg_rec": 0.729595015576324,
    "pos_rec": 0.38454011741682975,
    "neg_f": 0.5805651958353991,
    "pos_f": 0.4816176470588236,
    "tn": 1171,
    "fp": 434,
    "fn": 1258,
    "tp": 786,
    "sensitivity": 0.38454011741682975,
    "specificity": 0.729595015576324,
    "acc": 0.5363113181693615
}