{
    "fbeta-1.0": 0.5893657911595132,
    "neg_prec": 0.46138415245737213,
    "pos_prec": 0.8743202416918429,
    "neg_rec": 0.8156028368794326,
    "pos_rec": 0.5739785799285998,
    "neg_f": 0.5893657911595132,
    "pos_f": 0.6930076628352491,
    "tn": 920,
    "fp": 208,
    "fn": 1074,
    "tp": 1447,
    "sensitivity": 0.5739785799285998,
    "specificity": 0.8156028368794326,
    "acc": 0.6486708687311592
}