{
    "fbeta-1.0": 0.5285907248986943,
    "neg_prec": 0.3822859003581895,
    "pos_prec": 0.6591695501730104,
    "neg_rec": 0.8563092633114515,
    "pos_rec": 0.1672519754170325,
    "neg_f": 0.5285907248986943,
    "pos_f": 0.2668067226890756,
    "tn": 1174,
    "fp": 197,
    "fn": 1897,
    "tp": 381,
    "sensitivity": 0.1672519754170325,
    "specificity": 0.8563092633114515,
    "acc": 0.42614414908194026
}