{
    "fbeta-1.0": 0.6372549019607843,
    "neg_prec": 0.5499735589635114,
    "pos_prec": 0.810580204778157,
    "neg_rec": 0.7574654042243263,
    "pos_rec": 0.6260984182776801,
    "neg_f": 0.6372549019607843,
    "pos_f": 0.7064947942488845,
    "tn": 1040,
    "fp": 333,
    "fn": 851,
    "tp": 1425,
    "sensitivity": 0.6260984182776801,
    "specificity": 0.7574654042243263,
    "acc": 0.6755275417922718
}