{
    "fbeta-1.0": 0.5323523046959532,
    "neg_prec": 0.3742013994523882,
    "pos_prec": 0.712707182320442,
    "neg_rec": 0.9220389805097451,
    "pos_rec": 0.11144708423326134,
    "neg_f": 0.5323523046959532,
    "pos_f": 0.19275308180799403,
    "tn": 1230,
    "fp": 104,
    "fn": 2057,
    "tp": 258,
    "sensitivity": 0.11144708423326134,
    "specificity": 0.9220389805097451,
    "acc": 0.4077829542340367
}