{
    "fbeta-1.0": 0.5310647073988142,
    "neg_prec": 0.42023663810689516,
    "pos_prec": 0.667779632721202,
    "neg_rec": 0.7212885154061625,
    "pos_rec": 0.360198108959928,
    "neg_f": 0.5310647073988142,
    "pos_f": 0.46797309154723604,
    "tn": 1030,
    "fp": 398,
    "fn": 1421,
    "tp": 800,
    "sensitivity": 0.360198108959928,
    "specificity": 0.7212885154061625,
    "acc": 0.5015072622636338
}