{
    "fbeta-1.0": 0.5067894131185271,
    "neg_prec": 0.3595689092096669,
    "pos_prec": 0.6899488926746167,
    "neg_rec": 0.8581449727201871,
    "pos_rec": 0.17117497886728655,
    "neg_f": 0.5067894131185271,
    "pos_f": 0.274297324754487,
    "tn": 1101,
    "fp": 182,
    "fn": 1961,
    "tp": 405,
    "sensitivity": 0.17117497886728655,
    "specificity": 0.8581449727201871,
    "acc": 0.41271581255138395
}