{
    "fbeta-1.0": 0.48523689631494626,
    "neg_prec": 0.33208020050125314,
    "pos_prec": 0.7439824945295405,
    "neg_rec": 0.9005947323704333,
    "pos_rec": 0.13754045307443366,
    "neg_f": 0.48523689631494626,
    "pos_f": 0.2321611471491977,
    "tn": 1060,
    "fp": 117,
    "fn": 2132,
    "tp": 340,
    "sensitivity": 0.13754045307443366,
    "specificity": 0.9005947323704333,
    "acc": 0.3836667580158948
}