{
    "fbeta-1.0": 0.4909010208610741,
    "neg_prec": 0.33576199149969643,
    "pos_prec": 0.7014084507042253,
    "neg_rec": 0.9125412541254125,
    "pos_rec": 0.10217480508822323,
    "neg_f": 0.4909010208610741,
    "pos_f": 0.17836676217765046,
    "tn": 1106,
    "fp": 106,
    "fn": 2188,
    "tp": 249,
    "sensitivity": 0.10217480508822323,
    "specificity": 0.9125412541254125,
    "acc": 0.3713346122225267
}