{
    "fbeta-1.0": 0.5998235812996178,
    "neg_prec": 0.516979219462747,
    "pos_prec": 0.7565632458233891,
    "neg_rec": 0.7142857142857143,
    "pos_rec": 0.5709140027014858,
    "neg_f": 0.5998235812996178,
    "pos_f": 0.6507569925583783,
    "tn": 1020,
    "fp": 408,
    "fn": 953,
    "tp": 1268,
    "sensitivity": 0.5709140027014858,
    "specificity": 0.7142857142857143,
    "acc": 0.6270211016716909
}