{
    "fbeta-1.0": 0.5446960667461264,
    "neg_prec": 0.4194584671867829,
    "pos_prec": 0.8210884353741497,
    "neg_rec": 0.7765505522514868,
    "pos_rec": 0.48826860841423947,
    "neg_f": 0.5446960667461264,
    "pos_f": 0.6123795027904617,
    "tn": 914,
    "fp": 263,
    "fn": 1265,
    "tp": 1207,
    "sensitivity": 0.48826860841423947,
    "specificity": 0.7765505522514868,
    "acc": 0.5812551383940806
}