{
    "fbeta-1.0": 0.5743084857008909,
    "neg_prec": 0.4680932365303783,
    "pos_prec": 0.5891472868217055,
    "neg_rec": 0.742874469375379,
    "pos_rec": 0.304,
    "neg_f": 0.5743084857008909,
    "pos_f": 0.4010554089709763,
    "tn": 1225,
    "fp": 424,
    "fn": 1392,
    "tp": 608,
    "sensitivity": 0.304,
    "specificity": 0.742874469375379,
    "acc": 0.502329405316525
}