{
    "fbeta-1.0": 0.5322713540236198,
    "neg_prec": 0.4218545929473226,
    "pos_prec": 0.7226331360946746,
    "neg_rec": 0.7209821428571429,
    "pos_rec": 0.42386117136659435,
    "neg_f": 0.5322713540236198,
    "pos_f": 0.5343177467869838,
    "tn": 969,
    "fp": 375,
    "fn": 1328,
    "tp": 977,
    "sensitivity": 0.42386117136659435,
    "specificity": 0.7209821428571429,
    "acc": 0.5332967936420937
}