{
    "fbeta-1.0": 0.6438561438561439,
    "neg_prec": 0.5638670166229222,
    "pos_prec": 0.6852531181217901,
    "neg_rec": 0.7502910360884749,
    "pos_rec": 0.48368720870015536,
    "neg_f": 0.6438561438561439,
    "pos_f": 0.5670916818457801,
    "tn": 1289,
    "fp": 429,
    "fn": 997,
    "tp": 934,
    "sensitivity": 0.48368720870015536,
    "specificity": 0.7502910360884749,
    "acc": 0.6092080021923815
}