{
    "fbeta-1.0": 0.6309108219612821,
    "neg_prec": 0.5464540956569544,
    "pos_prec": 0.8153005464480875,
    "neg_rec": 0.7462462462462462,
    "pos_rec": 0.6439361242986621,
    "neg_f": 0.6309108219612821,
    "pos_f": 0.7195563057632025,
    "tn": 994,
    "fp": 338,
    "fn": 825,
    "tp": 1492,
    "sensitivity": 0.6439361242986621,
    "specificity": 0.7462462462462462,
    "acc": 0.6812825431625102
}