{
    "fbeta-1.0": 0.6750670241286864,
    "neg_prec": 0.5658426966292135,
    "pos_prec": 0.827247191011236,
    "neg_rec": 0.8365448504983388,
    "pos_rec": 0.5494402985074627,
    "neg_f": 0.6750670241286864,
    "pos_f": 0.6603139013452914,
    "tn": 1259,
    "fp": 246,
    "fn": 966,
    "tp": 1178,
    "sensitivity": 0.5494402985074627,
    "specificity": 0.8365448504983388,
    "acc": 0.6678542066319539
}