{
    "fbeta-1.0": 0.6047144152311877,
    "neg_prec": 0.4951744617668894,
    "pos_prec": 0.5979057591623037,
    "neg_rec": 0.7764842840512224,
    "pos_rec": 0.29570170895908854,
    "neg_f": 0.6047144152311877,
    "pos_f": 0.3957033957033957,
    "tn": 1334,
    "fp": 384,
    "fn": 1360,
    "tp": 571,
    "sensitivity": 0.29570170895908854,
    "specificity": 0.7764842840512224,
    "acc": 0.5220608385859139
}