{
    "fbeta-1.0": 0.5403026134800549,
    "neg_prec": 0.39170323095333065,
    "pos_prec": 0.87215411558669,
    "neg_rec": 0.8705673758865248,
    "pos_rec": 0.39508131693772314,
    "neg_f": 0.5403026134800549,
    "pos_f": 0.5438165438165439,
    "tn": 982,
    "fp": 146,
    "fn": 1525,
    "tp": 996,
    "sensitivity": 0.39508131693772314,
    "specificity": 0.8705673758865248,
    "acc": 0.5420663195395999
}