{
    "fbeta-1.0": 0.5866547245857591,
    "neg_prec": 0.46802429439085386,
    "pos_prec": 0.58,
    "neg_rec": 0.7858428314337133,
    "pos_rec": 0.24873864783047428,
    "neg_f": 0.5866547245857591,
    "pos_f": 0.3481638418079096,
    "tn": 1310,
    "fp": 357,
    "fn": 1489,
    "tp": 493,
    "sensitivity": 0.24873864783047428,
    "specificity": 0.7858428314337133,
    "acc": 0.49410797478761304
}