{
    "fbeta-1.0": 0.558231793709266,
    "neg_prec": 0.47061634018155757,
    "pos_prec": 0.7101542416452442,
    "neg_rec": 0.685933147632312,
    "pos_rec": 0.49932218707636694,
    "neg_f": 0.558231793709266,
    "pos_f": 0.5863624303528788,
    "tn": 985,
    "fp": 451,
    "fn": 1108,
    "tp": 1105,
    "sensitivity": 0.49932218707636694,
    "specificity": 0.685933147632312,
    "acc": 0.5727596601808714
}