{
    "fbeta-1.0": 0.4978662873399715,
    "neg_prec": 0.34528115751397565,
    "pos_prec": 0.7911184210526315,
    "neg_rec": 0.8920985556499575,
    "pos_rec": 0.19457928802588997,
    "neg_f": 0.4978662873399715,
    "pos_f": 0.31233766233766236,
    "tn": 1050,
    "fp": 127,
    "fn": 1991,
    "tp": 481,
    "sensitivity": 0.19457928802588997,
    "specificity": 0.8920985556499575,
    "acc": 0.41956700465881064
}