{
    "fbeta-1.0": 0.663936663936664,
    "neg_prec": 0.5679588977113499,
    "pos_prec": 0.7970822281167109,
    "neg_rec": 0.7989487516425755,
    "pos_rec": 0.5651151857075694,
    "neg_f": 0.663936663936664,
    "pos_f": 0.6613480055020633,
    "tn": 1216,
    "fp": 306,
    "fn": 925,
    "tp": 1202,
    "sensitivity": 0.5651151857075694,
    "specificity": 0.7989487516425755,
    "acc": 0.6626473006303096
}