{
    "fbeta-1.0": 0.5575199806248486,
    "neg_prec": 0.46411290322580645,
    "pos_prec": 0.5739948674080411,
    "neg_rec": 0.6979987871437234,
    "pos_rec": 0.3355,
    "neg_f": 0.5575199806248486,
    "pos_f": 0.4234774376775008,
    "tn": 1151,
    "fp": 498,
    "fn": 1329,
    "tp": 671,
    "sensitivity": 0.3355,
    "specificity": 0.6979987871437234,
    "acc": 0.49931488078925734
}