{
    "fbeta-1.0": 0.5620454044522813,
    "neg_prec": 0.42204568023833167,
    "pos_prec": 0.6162420382165605,
    "neg_rec": 0.8410290237467019,
    "pos_rec": 0.18143459915611815,
    "neg_f": 0.5620454044522813,
    "pos_f": 0.28033321260412897,
    "tn": 1275,
    "fp": 241,
    "fn": 1746,
    "tp": 387,
    "sensitivity": 0.18143459915611815,
    "specificity": 0.8410290237467019,
    "acc": 0.4554672513017265
}