{
    "fbeta-1.0": 0.581792651532881,
    "neg_prec": 0.4585023976392475,
    "pos_prec": 0.6599147121535182,
    "neg_rec": 0.795774647887324,
    "pos_rec": 0.29659798754192623,
    "neg_f": 0.581792651532881,
    "pos_f": 0.40925619834710747,
    "tn": 1243,
    "fp": 319,
    "fn": 1468,
    "tp": 619,
    "sensitivity": 0.29659798754192623,
    "specificity": 0.795774647887324,
    "acc": 0.5102767881611401
}