{
    "fbeta-1.0": 0.49885974914481185,
    "neg_prec": 0.36764705882352944,
    "pos_prec": 0.8006304176516943,
    "neg_rec": 0.775709219858156,
    "pos_rec": 0.40301467671558905,
    "neg_f": 0.49885974914481185,
    "pos_f": 0.5361477572559367,
    "tn": 875,
    "fp": 253,
    "fn": 1505,
    "tp": 1016,
    "sensitivity": 0.40301467671558905,
    "specificity": 0.775709219858156,
    "acc": 0.518224171005755
}