{
    "fbeta-1.0": 0.5449258505379472,
    "neg_prec": 0.415889924545051,
    "pos_prec": 0.8216332378223495,
    "neg_rec": 0.7900505902192243,
    "pos_rec": 0.46569224522939506,
    "neg_f": 0.5449258505379472,
    "pos_f": 0.5944545218968644,
    "tn": 937,
    "fp": 249,
    "fn": 1316,
    "tp": 1147,
    "sensitivity": 0.46569224522939506,
    "specificity": 0.7900505902192243,
    "acc": 0.571115374075089
}