{
    "fbeta-1.0": 0.6588807785888078,
    "neg_prec": 0.5606625258799172,
    "pos_prec": 0.7236628849270664,
    "neg_rec": 0.7988200589970501,
    "pos_rec": 0.4570112589559877,
    "neg_f": 0.6588807785888078,
    "pos_f": 0.5602258469259723,
    "tn": 1354,
    "fp": 341,
    "fn": 1061,
    "tp": 893,
    "sensitivity": 0.4570112589559877,
    "specificity": 0.7988200589970501,
    "acc": 0.6157851466155111
}