{
    "fbeta-1.0": 0.5439795046968403,
    "neg_prec": 0.38454572894657413,
    "pos_prec": 0.7113095238095238,
    "neg_rec": 0.9292487235594457,
    "pos_rec": 0.10491659350307288,
    "neg_f": 0.5439795046968403,
    "pos_f": 0.18286151491966335,
    "tn": 1274,
    "fp": 97,
    "fn": 2039,
    "tp": 239,
    "sensitivity": 0.10491659350307288,
    "specificity": 0.9292487235594457,
    "acc": 0.4146341463414634
}