{
    "fbeta-1.0": 0.5530236634531113,
    "neg_prec": 0.3958594730238394,
    "pos_prec": 0.7527114967462039,
    "neg_rec": 0.9171511627906976,
    "pos_rec": 0.15266168059832821,
    "neg_f": 0.5530236634531113,
    "pos_f": 0.2538405267008047,
    "tn": 1262,
    "fp": 114,
    "fn": 1926,
    "tp": 347,
    "sensitivity": 0.15266168059832821,
    "specificity": 0.9171511627906976,
    "acc": 0.44094272403398194
}