{
    "fbeta-1.0": 0.6035634743875278,
    "neg_prec": 0.4888167388167388,
    "pos_prec": 0.5860889395667047,
    "neg_rec": 0.7887077997671711,
    "pos_rec": 0.26618332470222683,
    "neg_f": 0.6035634743875278,
    "pos_f": 0.36609686609686615,
    "tn": 1355,
    "fp": 363,
    "fn": 1417,
    "tp": 514,
    "sensitivity": 0.26618332470222683,
    "specificity": 0.7887077997671711,
    "acc": 0.5121951219512195
}