{
    "fbeta-1.0": 0.5774971297359357,
    "neg_prec": 0.5348219032429559,
    "pos_prec": 0.6623303167420814,
    "neg_rec": 0.627573300062383,
    "pos_rec": 0.572336265884653,
    "neg_f": 0.5774971297359357,
    "pos_f": 0.6140534871525957,
    "tn": 1006,
    "fp": 597,
    "fn": 875,
    "tp": 1171,
    "sensitivity": 0.572336265884653,
    "specificity": 0.627573300062383,
    "acc": 0.5966018087147164
}