{
    "fbeta-1.0": 0.6148023549201009,
    "neg_prec": 0.47762169225743223,
    "pos_prec": 0.6037414965986394,
    "neg_rec": 0.8625368731563422,
    "pos_rec": 0.18167860798362334,
    "neg_f": 0.6148023549201009,
    "pos_f": 0.27930763178599527,
    "tn": 1462,
    "fp": 233,
    "fn": 1599,
    "tp": 355,
    "sensitivity": 0.18167860798362334,
    "specificity": 0.8625368731563422,
    "acc": 0.497944642367772
}