{
    "fbeta-1.0": 0.6275844019890081,
    "neg_prec": 0.5312361541869739,
    "pos_prec": 0.7377873563218391,
    "neg_rec": 0.7666240409207161,
    "pos_rec": 0.49256594724220626,
    "neg_f": 0.6275844019890081,
    "pos_f": 0.5907391429393155,
    "tn": 1199,
    "fp": 365,
    "fn": 1058,
    "tp": 1027,
    "sensitivity": 0.49256594724220626,
    "specificity": 0.7666240409207161,
    "acc": 0.6100301452452727
}