{
    "fbeta-1.0": 0.6740535549399815,
    "neg_prec": 0.6013179571663921,
    "pos_prec": 0.8178336980306345,
    "neg_rec": 0.7668067226890757,
    "pos_rec": 0.6731202161188654,
    "neg_f": 0.6740535549399815,
    "pos_f": 0.7384539392442578,
    "tn": 1095,
    "fp": 333,
    "fn": 726,
    "tp": 1495,
    "sensitivity": 0.6731202161188654,
    "specificity": 0.7668067226890757,
    "acc": 0.7097835023294053
}