{
    "fbeta-1.0": 0.5134099616858238,
    "neg_prec": 0.36242336819329246,
    "pos_prec": 0.843607305936073,
    "neg_rec": 0.8800350262697023,
    "pos_rec": 0.2947746310331073,
    "neg_f": 0.5134099616858238,
    "pos_f": 0.43689033402305644,
    "tn": 1005,
    "fp": 137,
    "fn": 1768,
    "tp": 739,
    "sensitivity": 0.2947746310331073,
    "specificity": 0.8800350262697023,
    "acc": 0.47793916141408604
}