{
    "fbeta-1.0": 0.4926022628372497,
    "neg_prec": 0.33451536643026003,
    "pos_prec": 0.6981132075471698,
    "neg_rec": 0.933993399339934,
    "pos_rec": 0.07591300779647107,
    "neg_f": 0.4926022628372497,
    "pos_f": 0.13693560325684678,
    "tn": 1132,
    "fp": 80,
    "fn": 2252,
    "tp": 185,
    "sensitivity": 0.07591300779647107,
    "specificity": 0.933993399339934,
    "acc": 0.36092080021923817
}