{
    "fbeta-1.0": 0.6212633220691448,
    "neg_prec": 0.5126555126555127,
    "pos_prec": 0.7564491654021245,
    "neg_rec": 0.7882585751978892,
    "pos_rec": 0.4674167838724801,
    "neg_f": 0.6212633220691448,
    "pos_f": 0.5778035352071863,
    "tn": 1195,
    "fp": 321,
    "fn": 1136,
    "tp": 997,
    "sensitivity": 0.4674167838724801,
    "specificity": 0.7882585751978892,
    "acc": 0.6007125239791724
}