{
    "fbeta-1.0": 0.5623594101474632,
    "neg_prec": 0.439453125,
    "pos_prec": 0.7098255280073462,
    "neg_rec": 0.7807078417765441,
    "pos_rec": 0.3500905797101449,
    "neg_f": 0.5623594101474632,
    "pos_f": 0.4689111313315134,
    "tn": 1125,
    "fp": 316,
    "fn": 1435,
    "tp": 773,
    "sensitivity": 0.3500905797101449,
    "specificity": 0.7807078417765441,
    "acc": 0.5201425047958345
}