{
    "fbeta-1.0": 0.5958729422675632,
    "neg_prec": 0.4967143409354465,
    "pos_prec": 0.5847457627118644,
    "neg_rec": 0.7444959443800695,
    "pos_rec": 0.32293291731669266,
    "neg_f": 0.5958729422675632,
    "pos_f": 0.4160804020100503,
    "tn": 1285,
    "fp": 441,
    "fn": 1302,
    "tp": 621,
    "sensitivity": 0.32293291731669266,
    "specificity": 0.7444959443800695,
    "acc": 0.522334886270211
}