{
    "fbeta-1.0": 0.6214409507303787,
    "neg_prec": 0.4952644041041831,
    "pos_prec": 0.7757847533632287,
    "neg_rec": 0.8338870431893688,
    "pos_rec": 0.40345149253731344,
    "neg_f": 0.6214409507303787,
    "pos_f": 0.5308376802700215,
    "tn": 1255,
    "fp": 250,
    "fn": 1279,
    "tp": 865,
    "sensitivity": 0.40345149253731344,
    "specificity": 0.8338870431893688,
    "acc": 0.5809810907097835
}