{
    "fbeta-1.0": 0.551332955190017,
    "neg_prec": 0.4430264357338195,
    "pos_prec": 0.7525773195876289,
    "neg_rec": 0.7297297297297297,
    "pos_rec": 0.47259387138541215,
    "neg_f": 0.551332955190017,
    "pos_f": 0.5805938494167551,
    "tn": 972,
    "fp": 360,
    "fn": 1222,
    "tp": 1095,
    "sensitivity": 0.47259387138541215,
    "specificity": 0.7297297297297297,
    "acc": 0.5664565634420389
}