{
    "fbeta-1.0": 0.5159947984395318,
    "neg_prec": 0.37307258367807444,
    "pos_prec": 0.804040404040404,
    "neg_rec": 0.836424957841484,
    "pos_rec": 0.32318311002842065,
    "neg_f": 0.5159947984395318,
    "pos_f": 0.46104836374167385,
    "tn": 992,
    "fp": 194,
    "fn": 1667,
    "tp": 796,
    "sensitivity": 0.32318311002842065,
    "specificity": 0.836424957841484,
    "acc": 0.48999725952315704
}