{
    "fbeta-1.0": 0.6566799143992663,
    "neg_prec": 0.5868852459016394,
    "pos_prec": 0.7982407916437603,
    "neg_rec": 0.7453157529493407,
    "pos_rec": 0.657608695652174,
    "neg_f": 0.6566799143992663,
    "pos_f": 0.7211323565929973,
    "tn": 1074,
    "fp": 367,
    "fn": 756,
    "tp": 1452,
    "sensitivity": 0.657608695652174,
    "specificity": 0.7453157529493407,
    "acc": 0.692244450534393
}