{
    "fbeta-1.0": 0.5134297520661157,
    "neg_prec": 0.39319620253164556,
    "pos_prec": 0.687778768956289,
    "neg_rec": 0.7395833333333334,
    "pos_rec": 0.3344902386117137,
    "neg_f": 0.5134297520661157,
    "pos_f": 0.4500875656742556,
    "tn": 994,
    "fp": 350,
    "fn": 1534,
    "tp": 771,
    "sensitivity": 0.3344902386117137,
    "specificity": 0.7395833333333334,
    "acc": 0.4836941627843245
}