{
    "fbeta-1.0": 0.636635256262928,
    "neg_prec": 0.5276190476190477,
    "pos_prec": 0.6669921875,
    "neg_rec": 0.802433371958285,
    "pos_rec": 0.3551742069682787,
    "neg_f": 0.636635256262928,
    "pos_f": 0.46352222599253473,
    "tn": 1385,
    "fp": 341,
    "fn": 1240,
    "tp": 683,
    "sensitivity": 0.3551742069682787,
    "specificity": 0.802433371958285,
    "acc": 0.5667306111263359
}