{
    "fbeta-1.0": 0.608593978368898,
    "neg_prec": 0.5257575757575758,
    "pos_prec": 0.7603355302576393,
    "neg_rec": 0.7224149895905622,
    "pos_rec": 0.5747282608695652,
    "neg_f": 0.608593978368898,
    "pos_f": 0.6546298684549909,
    "tn": 1041,
    "fp": 400,
    "fn": 939,
    "tp": 1269,
    "sensitivity": 0.5747282608695652,
    "specificity": 0.7224149895905622,
    "acc": 0.6330501507262264
}