{
    "fbeta-1.0": 0.5701818181818182,
    "neg_prec": 0.4902042517715715,
    "pos_prec": 0.56,
    "neg_rec": 0.6813441483198146,
    "pos_rec": 0.3640145605824233,
    "neg_f": 0.5701818181818182,
    "pos_f": 0.44122281752284903,
    "tn": 1176,
    "fp": 550,
    "fn": 1223,
    "tp": 700,
    "sensitivity": 0.3640145605824233,
    "specificity": 0.6813441483198146,
    "acc": 0.514113455741299
}