{
    "fbeta-1.0": 0.5634495084897231,
    "neg_prec": 0.4154859967051071,
    "pos_prec": 0.7068403908794788,
    "neg_rec": 0.8750867453157529,
    "pos_rec": 0.19655797101449277,
    "neg_f": 0.5634495084897231,
    "pos_f": 0.30758327427356486,
    "tn": 1261,
    "fp": 180,
    "fn": 1774,
    "tp": 434,
    "sensitivity": 0.19655797101449277,
    "specificity": 0.8750867453157529,
    "acc": 0.46451082488352974
}