{
    "fbeta-1.0": 0.5727554179566563,
    "neg_prec": 0.42923433874709976,
    "pos_prec": 0.6677215189873418,
    "neg_rec": 0.8604651162790697,
    "pos_rec": 0.19682835820895522,
    "neg_f": 0.5727554179566563,
    "pos_f": 0.30403458213256485,
    "tn": 1295,
    "fp": 210,
    "fn": 1722,
    "tp": 422,
    "sensitivity": 0.19682835820895522,
    "specificity": 0.8604651162790697,
    "acc": 0.47053987393806523
}