{
    "fbeta-1.0": 0.47850055126791624,
    "neg_prec": 0.31977600943118184,
    "pos_prec": 0.77734375,
    "neg_rec": 0.9500875656742557,
    "pos_rec": 0.0793777423214998,
    "neg_f": 0.47850055126791624,
    "pos_f": 0.14404632645674992,
    "tn": 1085,
    "fp": 57,
    "fn": 2308,
    "tp": 199,
    "sensitivity": 0.0793777423214998,
    "specificity": 0.9500875656742557,
    "acc": 0.3518772266374349
}