{
    "fbeta-1.0": 0.5726080621661,
    "neg_prec": 0.46162881754111196,
    "pos_prec": 0.6484018264840182,
    "neg_rec": 0.7538363171355499,
    "pos_rec": 0.3405275779376499,
    "neg_f": 0.5726080621661,
    "pos_f": 0.44654088050314467,
    "tn": 1179,
    "fp": 385,
    "fn": 1375,
    "tp": 710,
    "sensitivity": 0.3405275779376499,
    "specificity": 0.7538363171355499,
    "acc": 0.5176760756371609
}