{
    "fbeta-1.0": 0.5318527177089422,
    "neg_prec": 0.452286282306163,
    "pos_prec": 0.6945632254123396,
    "neg_rec": 0.6453900709219859,
    "pos_rec": 0.507815989280929,
    "neg_f": 0.5318527177089422,
    "pos_f": 0.586687306501548,
    "tn": 910,
    "fp": 500,
    "fn": 1102,
    "tp": 1137,
    "sensitivity": 0.507815989280929,
    "specificity": 0.6453900709219859,
    "acc": 0.5609756097560976
}