{
    "fbeta-1.0": 0.6594222104426186,
    "neg_prec": 0.5511741249446167,
    "pos_prec": 0.8045977011494253,
    "neg_rec": 0.820580474934037,
    "pos_rec": 0.5250820440693859,
    "neg_f": 0.6594222104426186,
    "pos_f": 0.6354609929078014,
    "tn": 1244,
    "fp": 272,
    "fn": 1013,
    "tp": 1120,
    "sensitivity": 0.5250820440693859,
    "specificity": 0.820580474934037,
    "acc": 0.647848725678268
}