{
    "fbeta-1.0": 0.5705561613958561,
    "neg_prec": 0.426197458455523,
    "pos_prec": 0.6413793103448275,
    "neg_rec": 0.862796833773087,
    "pos_rec": 0.17440225035161744,
    "neg_f": 0.5705561613958561,
    "pos_f": 0.27423516402506454,
    "tn": 1308,
    "fp": 208,
    "fn": 1761,
    "tp": 372,
    "sensitivity": 0.17440225035161744,
    "specificity": 0.862796833773087,
    "acc": 0.46040010961907374
}