{
    "fbeta-1.0": 0.5638322255328901,
    "neg_prec": 0.4202254868466006,
    "pos_prec": 0.7146814404432132,
    "neg_rec": 0.8565459610027855,
    "pos_rec": 0.23316764572977858,
    "neg_f": 0.5638322255328901,
    "pos_f": 0.35161839863713795,
    "tn": 1230,
    "fp": 206,
    "fn": 1697,
    "tp": 516,
    "sensitivity": 0.23316764572977858,
    "specificity": 0.8565459610027855,
    "acc": 0.47848725678268017
}