{
    "fbeta-1.0": 0.6249247441300421,
    "neg_prec": 0.5231854838709677,
    "pos_prec": 0.8198198198198198,
    "neg_rec": 0.7757847533632287,
    "pos_rec": 0.590653396797923,
    "neg_f": 0.6249247441300421,
    "pos_f": 0.6866197183098591,
    "tn": 1038,
    "fp": 300,
    "fn": 946,
    "tp": 1365,
    "sensitivity": 0.590653396797923,
    "specificity": 0.7757847533632287,
    "acc": 0.6585365853658537
}