{
    "fbeta-1.0": 0.5686059275521406,
    "neg_prec": 0.43879711986446424,
    "pos_prec": 0.8082298136645962,
    "neg_rec": 0.8074824629773967,
    "pos_rec": 0.43998309382924766,
    "neg_f": 0.5686059275521406,
    "pos_f": 0.5697865353037767,
    "tn": 1036,
    "fp": 247,
    "fn": 1325,
    "tp": 1041,
    "sensitivity": 0.43998309382924766,
    "specificity": 0.8074824629773967,
    "acc": 0.5691970402850096
}