{
    "fbeta-1.0": 0.5943345804382683,
    "neg_prec": 0.5359036144578313,
    "pos_prec": 0.6473951715374842,
    "neg_rec": 0.6670665866826635,
    "pos_rec": 0.5141271442986882,
    "neg_f": 0.5943345804382683,
    "pos_f": 0.5731158605174353,
    "tn": 1112,
    "fp": 555,
    "fn": 963,
    "tp": 1019,
    "sensitivity": 0.5141271442986882,
    "specificity": 0.6670665866826635,
    "acc": 0.5839956152370512
}