{
    "fbeta-1.0": 0.6266363118952761,
    "neg_prec": 0.5149672591206735,
    "pos_prec": 0.8180013236267373,
    "neg_rec": 0.8001453488372093,
    "pos_rec": 0.5437747470303563,
    "neg_f": 0.6266363118952761,
    "pos_f": 0.653276955602537,
    "tn": 1101,
    "fp": 275,
    "fn": 1037,
    "tp": 1236,
    "sensitivity": 0.5437747470303563,
    "specificity": 0.8001453488372093,
    "acc": 0.6404494382022472
}