{
    "fbeta-1.0": 0.5907258064516129,
    "neg_prec": 0.4637910565888405,
    "pos_prec": 0.7602495543672014,
    "neg_rec": 0.813324080499653,
    "pos_rec": 0.38632246376811596,
    "neg_f": 0.5907258064516129,
    "pos_f": 0.5123123123123123,
    "tn": 1172,
    "fp": 269,
    "fn": 1355,
    "tp": 853,
    "sensitivity": 0.38632246376811596,
    "specificity": 0.813324080499653,
    "acc": 0.5549465607015621
}