{
    "fbeta-1.0": 0.6422018348623852,
    "neg_prec": 0.5675675675675675,
    "pos_prec": 0.7478314745972738,
    "neg_rec": 0.7394366197183099,
    "pos_rec": 0.5783421178725443,
    "neg_f": 0.6422018348623852,
    "pos_f": 0.6522561469873007,
    "tn": 1155,
    "fp": 407,
    "fn": 880,
    "tp": 1207,
    "sensitivity": 0.5783421178725443,
    "specificity": 0.7394366197183099,
    "acc": 0.6473006303096739
}