{
    "fbeta-1.0": 0.5223946784922394,
    "neg_prec": 0.371374527112232,
    "pos_prec": 0.6645702306079665,
    "neg_rec": 0.8804185351270553,
    "pos_rec": 0.13717005625270445,
    "neg_f": 0.5223946784922394,
    "pos_f": 0.22740315638450503,
    "tn": 1178,
    "fp": 160,
    "fn": 1994,
    "tp": 317,
    "sensitivity": 0.13717005625270445,
    "specificity": 0.8804185351270553,
    "acc": 0.4097012880241162
}