{
    "fbeta-1.0": 0.5737704918032787,
    "neg_prec": 0.46136363636363636,
    "pos_prec": 0.777087646652864,
    "neg_rec": 0.7585949177877429,
    "pos_rec": 0.48723496321938553,
    "neg_f": 0.5737704918032787,
    "pos_f": 0.5989361702127659,
    "tn": 1015,
    "fp": 323,
    "fn": 1185,
    "tp": 1126,
    "sensitivity": 0.48723496321938553,
    "specificity": 0.7585949177877429,
    "acc": 0.586736092080022
}