{
    "fbeta-1.0": 0.5473684210526316,
    "neg_prec": 0.39354187689202824,
    "pos_prec": 0.8047337278106509,
    "neg_rec": 0.8986175115207373,
    "pos_rec": 0.2317852577758841,
    "neg_f": 0.5473684210526316,
    "pos_f": 0.359907376778035,
    "tn": 1170,
    "fp": 132,
    "fn": 1803,
    "tp": 544,
    "sensitivity": 0.2317852577758841,
    "specificity": 0.8986175115207373,
    "acc": 0.46971773088517405
}