{
    "fbeta-1.0": 0.48364153627311524,
    "neg_prec": 0.3393213572854291,
    "pos_prec": 0.7013996889580093,
    "neg_rec": 0.8415841584158416,
    "pos_rec": 0.18506360279031597,
    "neg_f": 0.48364153627311524,
    "pos_f": 0.29285714285714287,
    "tn": 1020,
    "fp": 192,
    "fn": 1986,
    "tp": 451,
    "sensitivity": 0.18506360279031597,
    "specificity": 0.8415841584158416,
    "acc": 0.4031241436009866
}