{
    "fbeta-1.0": 0.5947420634920635,
    "neg_prec": 0.5069767441860465,
    "pos_prec": 0.6355140186915887,
    "neg_rec": 0.7192561487702459,
    "pos_rec": 0.4117053481331988,
    "neg_f": 0.5947420634920635,
    "pos_f": 0.49969381506429883,
    "tn": 1199,
    "fp": 468,
    "fn": 1166,
    "tp": 816,
    "sensitivity": 0.4117053481331988,
    "specificity": 0.7192561487702459,
    "acc": 0.5522060838585914
}