{
    "fbeta-1.0": 0.48620055197792095,
    "neg_prec": 0.33705357142857145,
    "pos_prec": 0.6978557504873294,
    "neg_rec": 0.8721122112211221,
    "pos_rec": 0.1469019286007386,
    "neg_f": 0.48620055197792095,
    "pos_f": 0.24271186440677966,
    "tn": 1057,
    "fp": 155,
    "fn": 2079,
    "tp": 358,
    "sensitivity": 0.1469019286007386,
    "specificity": 0.8721122112211221,
    "acc": 0.3877774732803508
}