{
    "fbeta-1.0": 0.5317708333333333,
    "neg_prec": 0.45682326621923935,
    "pos_prec": 0.5869872701555869,
    "neg_rec": 0.6361370716510903,
    "pos_rec": 0.4060665362035225,
    "neg_f": 0.5317708333333333,
    "pos_f": 0.4800462695199537,
    "tn": 1021,
    "fp": 584,
    "fn": 1214,
    "tp": 830,
    "sensitivity": 0.4060665362035225,
    "specificity": 0.6361370716510903,
    "acc": 0.5072622636338723
}