{
    "fbeta-1.0": 0.6390214797136038,
    "neg_prec": 0.5307234886025768,
    "pos_prec": 0.838749233599019,
    "neg_rec": 0.802848575712144,
    "pos_rec": 0.5909287257019439,
    "neg_f": 0.6390214797136038,
    "pos_f": 0.6933603649265078,
    "tn": 1071,
    "fp": 263,
    "fn": 947,
    "tp": 1368,
    "sensitivity": 0.5909287257019439,
    "specificity": 0.802848575712144,
    "acc": 0.6684023020005481
}