{
    "fbeta-1.0": 0.590279823269514,
    "neg_prec": 0.5114854517611026,
    "pos_prec": 0.7431952662721893,
    "neg_rec": 0.6977715877437326,
    "pos_rec": 0.5675553547220967,
    "neg_f": 0.590279823269514,
    "pos_f": 0.6436074814245453,
    "tn": 1002,
    "fp": 434,
    "fn": 957,
    "tp": 1256,
    "sensitivity": 0.5675553547220967,
    "specificity": 0.6977715877437326,
    "acc": 0.6187996711427789
}