{
    "fbeta-1.0": 0.6797783933518005,
    "neg_prec": 0.6113602391629297,
    "pos_prec": 0.7710109622411693,
    "neg_rec": 0.7654398003742982,
    "pos_rec": 0.6187683284457478,
    "neg_f": 0.6797783933518005,
    "pos_f": 0.6865509761388287,
    "tn": 1227,
    "fp": 376,
    "fn": 780,
    "tp": 1266,
    "sensitivity": 0.6187683284457478,
    "specificity": 0.7654398003742982,
    "acc": 0.6832008769525898
}