{
    "fbeta-1.0": 0.617801047120419,
    "neg_prec": 0.5106924643584522,
    "pos_prec": 0.8338278931750742,
    "neg_rec": 0.7817614964925955,
    "pos_rec": 0.5938292476754016,
    "neg_f": 0.617801047120419,
    "pos_f": 0.6936558874352012,
    "tn": 1003,
    "fp": 280,
    "fn": 961,
    "tp": 1405,
    "sensitivity": 0.5938292476754016,
    "specificity": 0.7817614964925955,
    "acc": 0.659906823787339
}