{
    "fbeta-1.0": 0.6342134213421343,
    "neg_prec": 0.5671421544515495,
    "pos_prec": 0.7215346534653465,
    "neg_rec": 0.7192763568309419,
    "pos_rec": 0.5698924731182796,
    "neg_f": 0.6342134213421343,
    "pos_f": 0.636810486073184,
    "tn": 1153,
    "fp": 450,
    "fn": 880,
    "tp": 1166,
    "sensitivity": 0.5698924731182796,
    "specificity": 0.7192763568309419,
    "acc": 0.6355165798849
}