{
    "fbeta-1.0": 0.5271879854997411,
    "neg_prec": 0.4510412051395658,
    "pos_prec": 0.5783045977011494,
    "neg_rec": 0.6342679127725857,
    "pos_rec": 0.3938356164383562,
    "neg_f": 0.5271879854997411,
    "pos_f": 0.46856810244470315,
    "tn": 1018,
    "fp": 587,
    "fn": 1239,
    "tp": 805,
    "sensitivity": 0.3938356164383562,
    "specificity": 0.6342679127725857,
    "acc": 0.4995889284735544
}