{
    "fbeta-1.0": 0.5966996699669966,
    "neg_prec": 0.46091094493541807,
    "pos_prec": 0.6506364922206507,
    "neg_rec": 0.8459139114160948,
    "pos_rec": 0.22482893450635386,
    "neg_f": 0.5966996699669966,
    "pos_f": 0.3341808935706502,
    "tn": 1356,
    "fp": 247,
    "fn": 1586,
    "tp": 460,
    "sensitivity": 0.22482893450635386,
    "specificity": 0.8459139114160948,
    "acc": 0.4976705946834749
}