{
    "fbeta-1.0": 0.6996541633413141,
    "neg_prec": 0.6442920137187653,
    "pos_prec": 0.7493781094527363,
    "neg_rec": 0.7654249126891735,
    "pos_rec": 0.6240290005178664,
    "neg_f": 0.6996541633413141,
    "pos_f": 0.6809833286239051,
    "tn": 1315,
    "fp": 403,
    "fn": 726,
    "tp": 1205,
    "sensitivity": 0.6240290005178664,
    "specificity": 0.7654249126891735,
    "acc": 0.6906001644286106
}