{
    "fbeta-1.0": 0.5530283669818553,
    "neg_prec": 0.4878268710550045,
    "pos_prec": 0.5716282320055905,
    "neg_rec": 0.6383480825958702,
    "pos_rec": 0.4186284544524053,
    "neg_f": 0.5530283669818553,
    "pos_f": 0.48330871491875926,
    "tn": 1082,
    "fp": 613,
    "fn": 1136,
    "tp": 818,
    "sensitivity": 0.4186284544524053,
    "specificity": 0.6383480825958702,
    "acc": 0.5206906001644286
}