{
    "fbeta-1.0": 0.562133072407045,
    "neg_prec": 0.455229793977813,
    "pos_prec": 0.6311111111111111,
    "neg_rec": 0.7346547314578005,
    "pos_rec": 0.3405275779376499,
    "neg_f": 0.562133072407045,
    "pos_f": 0.44236760124610586,
    "tn": 1149,
    "fp": 415,
    "fn": 1375,
    "tp": 710,
    "sensitivity": 0.3405275779376499,
    "specificity": 0.7346547314578005,
    "acc": 0.5094546451082488
}