{
    "fbeta-1.0": 0.5488463426607756,
    "neg_prec": 0.41392077008515366,
    "pos_prec": 0.7310126582278481,
    "neg_rec": 0.8142753095411508,
    "pos_rec": 0.30448154657293497,
    "neg_f": 0.5488463426607756,
    "pos_f": 0.4299007444168734,
    "tn": 1118,
    "fp": 255,
    "fn": 1583,
    "tp": 693,
    "sensitivity": 0.30448154657293497,
    "specificity": 0.8142753095411508,
    "acc": 0.4963003562619896
}