{
    "fbeta-1.0": 0.5365853658536585,
    "neg_prec": 0.4125,
    "pos_prec": 0.7061524334251607,
    "neg_rec": 0.7674418604651163,
    "pos_rec": 0.33831940167179936,
    "neg_f": 0.5365853658536585,
    "pos_f": 0.45746579417013683,
    "tn": 1056,
    "fp": 320,
    "fn": 1504,
    "tp": 769,
    "sensitivity": 0.33831940167179936,
    "specificity": 0.7674418604651163,
    "acc": 0.5001370238421485
}