{
    "fbeta-1.0": 0.5255846260708498,
    "neg_prec": 0.37620152469340407,
    "pos_prec": 0.7357594936708861,
    "neg_rec": 0.8717357910906298,
    "pos_rec": 0.19812526629740093,
    "neg_f": 0.5255846260708498,
    "pos_f": 0.3121852970795569,
    "tn": 1135,
    "fp": 167,
    "fn": 1882,
    "tp": 465,
    "sensitivity": 0.19812526629740093,
    "specificity": 0.8717357910906298,
    "acc": 0.4384762948753083
}