{
    "fbeta-1.0": 0.5792298716452742,
    "neg_prec": 0.4791505791505791,
    "pos_prec": 0.5712936732766761,
    "neg_rec": 0.7321533923303835,
    "pos_rec": 0.30962128966223135,
    "neg_f": 0.5792298716452742,
    "pos_f": 0.4015930965814803,
    "tn": 1241,
    "fp": 454,
    "fn": 1349,
    "tp": 605,
    "sensitivity": 0.30962128966223135,
    "specificity": 0.7321533923303835,
    "acc": 0.505892025212387
}