{
    "fbeta-1.0": 0.5001330140994946,
    "neg_prec": 0.3640588690937258,
    "pos_prec": 0.7778819119025304,
    "neg_rec": 0.7986406117247239,
    "pos_rec": 0.33576051779935273,
    "neg_f": 0.5001330140994946,
    "pos_f": 0.46905905623057353,
    "tn": 940,
    "fp": 237,
    "fn": 1642,
    "tp": 830,
    "sensitivity": 0.33576051779935273,
    "specificity": 0.7986406117247239,
    "acc": 0.4850644012058098
}