{
    "fbeta-1.0": 0.5675967986156175,
    "neg_prec": 0.4207825529185375,
    "pos_prec": 0.6365348399246704,
    "neg_rec": 0.8717607973421927,
    "pos_rec": 0.15764925373134328,
    "neg_f": 0.5675967986156175,
    "pos_f": 0.25271028037383175,
    "tn": 1312,
    "fp": 193,
    "fn": 1806,
    "tp": 338,
    "sensitivity": 0.15764925373134328,
    "specificity": 0.8717607973421927,
    "acc": 0.4521786790901617
}