{
    "fbeta-1.0": 0.48624574272989257,
    "neg_prec": 0.34510970621048714,
    "pos_prec": 0.7916666666666666,
    "neg_rec": 0.8226950354609929,
    "pos_rec": 0.3014676715589052,
    "neg_f": 0.48624574272989257,
    "pos_f": 0.4366561332950301,
    "tn": 928,
    "fp": 200,
    "fn": 1761,
    "tp": 760,
    "sensitivity": 0.3014676715589052,
    "specificity": 0.8226950354609929,
    "acc": 0.46259249109345024
}