{
    "fbeta-1.0": 0.6190608502361767,
    "neg_prec": 0.5,
    "pos_prec": 0.8191414496833216,
    "neg_rec": 0.812545587162655,
    "pos_rec": 0.5109745390693591,
    "neg_f": 0.6190608502361767,
    "pos_f": 0.6293592862935928,
    "tn": 1114,
    "fp": 257,
    "fn": 1114,
    "tp": 1164,
    "sensitivity": 0.5109745390693591,
    "specificity": 0.812545587162655,
    "acc": 0.6242806248287202
}