{
    "fbeta-1.0": 0.5396905909206188,
    "neg_prec": 0.4075067024128686,
    "pos_prec": 0.7418111753371869,
    "neg_rec": 0.7987987987987988,
    "pos_rec": 0.3323262839879154,
    "neg_f": 0.5396905909206188,
    "pos_f": 0.45901639344262296,
    "tn": 1064,
    "fp": 268,
    "fn": 1547,
    "tp": 770,
    "sensitivity": 0.3323262839879154,
    "specificity": 0.7987987987987988,
    "acc": 0.5026034530008221
}