{
    "fbeta-1.0": 0.5821071218363744,
    "neg_prec": 0.478702807357212,
    "pos_prec": 0.7833228048010107,
    "neg_rec": 0.7424924924924925,
    "pos_rec": 0.5351747949935262,
    "neg_f": 0.5821071218363744,
    "pos_f": 0.6358974358974359,
    "tn": 989,
    "fp": 343,
    "fn": 1077,
    "tp": 1240,
    "sensitivity": 0.5351747949935262,
    "specificity": 0.7424924924924925,
    "acc": 0.6108522882981638
}