{
    "fbeta-1.0": 0.5599799649386427,
    "neg_prec": 0.4358674463937622,
    "pos_prec": 0.7140221402214022,
    "neg_rec": 0.7829131652661064,
    "pos_rec": 0.3484916704187303,
    "neg_f": 0.5599799649386427,
    "pos_f": 0.46838124054462943,
    "tn": 1118,
    "fp": 310,
    "fn": 1447,
    "tp": 774,
    "sensitivity": 0.3484916704187303,
    "specificity": 0.7829131652661064,
    "acc": 0.5184982186900521
}