{
    "fbeta-1.0": 0.526,
    "neg_prec": 0.400456794822992,
    "pos_prec": 0.6859099804305284,
    "neg_rec": 0.7662053896576839,
    "pos_rec": 0.30799648506151145,
    "neg_f": 0.526,
    "pos_f": 0.4251061249241965,
    "tn": 1052,
    "fp": 321,
    "fn": 1575,
    "tp": 701,
    "sensitivity": 0.30799648506151145,
    "specificity": 0.7662053896576839,
    "acc": 0.48040559057275967
}