{
    "fbeta-1.0": 0.47927519818799547,
    "neg_prec": 0.32325084020776046,
    "pos_prec": 0.776595744680851,
    "neg_rec": 0.9264448336252189,
    "pos_rec": 0.11647387315516554,
    "neg_f": 0.47927519818799547,
    "pos_f": 0.20256677072493928,
    "tn": 1058,
    "fp": 84,
    "fn": 2215,
    "tp": 292,
    "sensitivity": 0.11647387315516554,
    "specificity": 0.9264448336252189,
    "acc": 0.36996437380104136
}