{
    "fbeta-1.0": 0.5905466970387244,
    "neg_prec": 0.4761248852157943,
    "pos_prec": 0.7980965329707682,
    "neg_rec": 0.7773613193403298,
    "pos_rec": 0.5071274298056155,
    "neg_f": 0.5905466970387244,
    "pos_f": 0.6201796090861067,
    "tn": 1037,
    "fp": 297,
    "fn": 1141,
    "tp": 1174,
    "sensitivity": 0.5071274298056155,
    "specificity": 0.7773613193403298,
    "acc": 0.6059194299808167
}