{
    "fbeta-1.0": 0.6595686595686596,
    "neg_prec": 0.6052104208416834,
    "pos_prec": 0.7223230490018149,
    "neg_rec": 0.7246550689862028,
    "pos_rec": 0.6024217961654894,
    "neg_f": 0.6595686595686596,
    "pos_f": 0.6569463548830812,
    "tn": 1208,
    "fp": 459,
    "fn": 788,
    "tp": 1194,
    "sensitivity": 0.6024217961654894,
    "specificity": 0.7246550689862028,
    "acc": 0.6582625376815566
}