{
    "fbeta-1.0": 0.6057906458797327,
    "neg_prec": 0.4865831842576029,
    "pos_prec": 0.607728337236534,
    "neg_rec": 0.8023598820058997,
    "pos_rec": 0.2656090071647902,
    "neg_f": 0.6057906458797327,
    "pos_f": 0.3696581196581197,
    "tn": 1360,
    "fp": 335,
    "fn": 1435,
    "tp": 519,
    "sensitivity": 0.2656090071647902,
    "specificity": 0.8023598820058997,
    "acc": 0.5149355987941902
}