{
    "fbeta-1.0": 0.5500954198473282,
    "neg_prec": 0.4387366818873668,
    "pos_prec": 0.5974534769833496,
    "neg_rec": 0.7372122762148338,
    "pos_rec": 0.29256594724220625,
    "neg_f": 0.5500954198473282,
    "pos_f": 0.39278815196394073,
    "tn": 1153,
    "fp": 411,
    "fn": 1475,
    "tp": 610,
    "sensitivity": 0.29256594724220625,
    "specificity": 0.7372122762148338,
    "acc": 0.48314606741573035
}