{
    "fbeta-1.0": 0.5664807748752568,
    "neg_prec": 0.4260485651214128,
    "pos_prec": 0.8721098265895953,
    "neg_rec": 0.8450087565674256,
    "pos_rec": 0.48145193458316715,
    "neg_f": 0.5664807748752568,
    "pos_f": 0.6204060652788486,
    "tn": 965,
    "fp": 177,
    "fn": 1300,
    "tp": 1207,
    "sensitivity": 0.48145193458316715,
    "specificity": 0.8450087565674256,
    "acc": 0.595231570293231
}