{
    "fbeta-1.0": 0.583868665239115,
    "neg_prec": 0.49535728704077514,
    "pos_prec": 0.5742320819112628,
    "neg_rec": 0.7108922363847046,
    "pos_rec": 0.3499739989599584,
    "neg_f": 0.583868665239115,
    "pos_f": 0.4348949919224556,
    "tn": 1227,
    "fp": 499,
    "fn": 1250,
    "tp": 673,
    "sensitivity": 0.3499739989599584,
    "specificity": 0.7108922363847046,
    "acc": 0.5206906001644286
}