{
    "fbeta-1.0": 0.5724482512491078,
    "neg_prec": 0.42553944110364345,
    "pos_prec": 0.7895377128953771,
    "neg_rec": 0.8742732558139535,
    "pos_rec": 0.2855257369115706,
    "neg_f": 0.5724482512491078,
    "pos_f": 0.4193861066235864,
    "tn": 1203,
    "fp": 173,
    "fn": 1624,
    "tp": 649,
    "sensitivity": 0.2855257369115706,
    "specificity": 0.8742732558139535,
    "acc": 0.5075363113181693
}