{
    "fbeta-1.0": 0.5905732484076434,
    "neg_prec": 0.4991386735572782,
    "pos_prec": 0.6654107008289375,
    "neg_rec": 0.7230193387398628,
    "pos_rec": 0.4315738025415445,
    "neg_f": 0.5905732484076434,
    "pos_f": 0.5235695226801067,
    "tn": 1159,
    "fp": 444,
    "fn": 1163,
    "tp": 883,
    "sensitivity": 0.4315738025415445,
    "specificity": 0.7230193387398628,
    "acc": 0.5596053713346122
}