{
    "fbeta-1.0": 0.5609651012494615,
    "neg_prec": 0.4165067178502879,
    "pos_prec": 0.5908221797323135,
    "neg_rec": 0.8588390501319261,
    "pos_rec": 0.14486638537271448,
    "neg_f": 0.5609651012494615,
    "pos_f": 0.23268072289156627,
    "tn": 1302,
    "fp": 214,
    "fn": 1824,
    "tp": 309,
    "sensitivity": 0.14486638537271448,
    "specificity": 0.8588390501319261,
    "acc": 0.44149081940257606
}