{
    "fbeta-1.0": 0.5311799013010319,
    "neg_prec": 0.37900128040973113,
    "pos_prec": 0.7142857142857143,
    "neg_rec": 0.8875562218890555,
    "pos_rec": 0.16198704103671707,
    "neg_f": 0.5311799013010319,
    "pos_f": 0.2640845070422535,
    "tn": 1184,
    "fp": 150,
    "fn": 1940,
    "tp": 375,
    "sensitivity": 0.16198704103671707,
    "specificity": 0.8875562218890555,
    "acc": 0.4272403398191285
}