{
    "fbeta-1.0": 0.5308437721578823,
    "neg_prec": 0.39293212036389086,
    "pos_prec": 0.683944374209861,
    "neg_rec": 0.817916970138383,
    "pos_rec": 0.23769771528998243,
    "neg_f": 0.5308437721578823,
    "pos_f": 0.35278774046299316,
    "tn": 1123,
    "fp": 250,
    "fn": 1735,
    "tp": 541,
    "sensitivity": 0.23769771528998243,
    "specificity": 0.817916970138383,
    "acc": 0.4560153466703206
}