{
    "fbeta-1.0": 0.612461059190031,
    "neg_prec": 0.5461111111111111,
    "pos_prec": 0.7690643591130341,
    "neg_rec": 0.6971631205673758,
    "pos_rec": 0.6351049575703439,
    "neg_f": 0.612461059190031,
    "pos_f": 0.6956947162426614,
    "tn": 983,
    "fp": 427,
    "fn": 817,
    "tp": 1422,
    "sensitivity": 0.6351049575703439,
    "specificity": 0.6971631205673758,
    "acc": 0.6590846807344478
}