{
    "fbeta-1.0": 0.6164896939412867,
    "neg_prec": 0.5194736842105263,
    "pos_prec": 0.8198970840480274,
    "neg_rec": 0.7580645161290323,
    "pos_rec": 0.6109927567106945,
    "neg_f": 0.6164896939412867,
    "pos_f": 0.7001953125000001,
    "tn": 987,
    "fp": 315,
    "fn": 913,
    "tp": 1434,
    "sensitivity": 0.6109927567106945,
    "specificity": 0.7580645161290323,
    "acc": 0.6634694436832009
}