{
    "fbeta-1.0": 0.5384435615798083,
    "neg_prec": 0.4152847873107426,
    "pos_prec": 0.5965714285714285,
    "neg_rec": 0.7654485049833887,
    "pos_rec": 0.24347014925373134,
    "neg_f": 0.5384435615798083,
    "pos_f": 0.3458098708181517,
    "tn": 1152,
    "fp": 353,
    "fn": 1622,
    "tp": 522,
    "sensitivity": 0.24347014925373134,
    "specificity": 0.7654485049833887,
    "acc": 0.4587558235132913
}