{
    "fbeta-1.0": 0.600597609561753,
    "neg_prec": 0.5002073828287018,
    "pos_prec": 0.6777059773828756,
    "neg_rec": 0.7514018691588785,
    "pos_rec": 0.4104696673189824,
    "neg_f": 0.600597609561753,
    "pos_f": 0.5112736136502133,
    "tn": 1206,
    "fp": 399,
    "fn": 1205,
    "tp": 839,
    "sensitivity": 0.4104696673189824,
    "specificity": 0.7514018691588785,
    "acc": 0.5604275143875034
}