{
    "fbeta-1.0": 0.5367498314227916,
    "neg_prec": 0.3928923988153998,
    "pos_prec": 0.6459016393442623,
    "neg_rec": 0.8468085106382979,
    "pos_rec": 0.17597141581062975,
    "neg_f": 0.5367498314227916,
    "pos_f": 0.27658827658827656,
    "tn": 1194,
    "fp": 216,
    "fn": 1845,
    "tp": 394,
    "sensitivity": 0.17597141581062975,
    "specificity": 0.8468085106382979,
    "acc": 0.4351877226637435
}