{
    "fbeta-1.0": 0.5771699692994697,
    "neg_prec": 0.47981438515081204,
    "pos_prec": 0.7362784471218207,
    "neg_rec": 0.7240896358543417,
    "pos_rec": 0.49527239981990095,
    "neg_f": 0.5771699692994697,
    "pos_f": 0.5921938088829072,
    "tn": 1034,
    "fp": 394,
    "fn": 1121,
    "tp": 1100,
    "sensitivity": 0.49527239981990095,
    "specificity": 0.7240896358543417,
    "acc": 0.5848177582899424
}