{
    "fbeta-1.0": 0.5327788649706457,
    "neg_prec": 0.38823529411764707,
    "pos_prec": 0.7701421800947867,
    "neg_rec": 0.8487918939984411,
    "pos_rec": 0.27472527472527475,
    "neg_f": 0.5327788649706457,
    "pos_f": 0.40498442367601245,
    "tn": 1089,
    "fp": 194,
    "fn": 1716,
    "tp": 650,
    "sensitivity": 0.27472527472527475,
    "specificity": 0.8487918939984411,
    "acc": 0.47656892299260073
}