{
    "fbeta-1.0": 0.47477615199825285,
    "neg_prec": 0.314981164879745,
    "pos_prec": 0.7929292929292929,
    "neg_rec": 0.9636524822695035,
    "pos_rec": 0.06227687425624752,
    "neg_f": 0.47477615199825285,
    "pos_f": 0.1154836336888562,
    "tn": 1087,
    "fp": 41,
    "fn": 2364,
    "tp": 157,
    "sensitivity": 0.06227687425624752,
    "specificity": 0.9636524822695035,
    "acc": 0.3409153192655522
}