{
    "fbeta-1.0": 0.6047918120493139,
    "neg_prec": 0.4749725977347461,
    "pos_prec": 0.7127192982456141,
    "neg_rec": 0.8322663252240717,
    "pos_rec": 0.3114518447532343,
    "neg_f": 0.6047918120493139,
    "pos_f": 0.4334778259419807,
    "tn": 1300,
    "fp": 262,
    "fn": 1437,
    "tp": 650,
    "sensitivity": 0.3114518447532343,
    "specificity": 0.8322663252240717,
    "acc": 0.534392984379282
}