{
    "fbeta-1.0": 0.595445411922304,
    "neg_prec": 0.4938888888888889,
    "pos_prec": 0.8393726338561385,
    "neg_rec": 0.7495784148397976,
    "pos_rec": 0.630125862768981,
    "neg_f": 0.595445411922304,
    "pos_f": 0.7198515769944343,
    "tn": 889,
    "fp": 297,
    "fn": 911,
    "tp": 1552,
    "sensitivity": 0.630125862768981,
    "specificity": 0.7495784148397976,
    "acc": 0.6689503973691422
}