{
    "fbeta-1.0": 0.49027237354085595,
    "neg_prec": 0.3364750235626767,
    "pos_prec": 0.7532188841201717,
    "neg_rec": 0.903035413153457,
    "pos_rec": 0.1425091352009744,
    "neg_f": 0.49027237354085595,
    "pos_f": 0.2396722430863776,
    "tn": 1071,
    "fp": 115,
    "fn": 2112,
    "tp": 351,
    "sensitivity": 0.1425091352009744,
    "specificity": 0.903035413153457,
    "acc": 0.3896958070704303
}