{
    "fbeta-1.0": 0.5875952121871599,
    "neg_prec": 0.4685466377440347,
    "pos_prec": 0.7834821428571429,
    "neg_rec": 0.787746170678337,
    "pos_rec": 0.4622475856014047,
    "neg_f": 0.5875952121871599,
    "pos_f": 0.5814467145223633,
    "tn": 1080,
    "fp": 291,
    "fn": 1225,
    "tp": 1053,
    "sensitivity": 0.4622475856014047,
    "specificity": 0.787746170678337,
    "acc": 0.5845437106056454
}