{
    "fbeta-1.0": 0.5691519635742743,
    "neg_prec": 0.4752851711026616,
    "pos_prec": 0.7346278317152104,
    "neg_rec": 0.7092198581560284,
    "pos_rec": 0.5069227333631086,
    "neg_f": 0.5691519635742743,
    "pos_f": 0.599894291754757,
    "tn": 1000,
    "fp": 410,
    "fn": 1104,
    "tp": 1135,
    "sensitivity": 0.5069227333631086,
    "specificity": 0.7092198581560284,
    "acc": 0.5850918059742395
}