{
    "fbeta-1.0": 0.6675461741424802,
    "neg_prec": 0.5789473684210527,
    "pos_prec": 0.76775956284153,
    "neg_rec": 0.7881619937694704,
    "pos_rec": 0.5499021526418787,
    "neg_f": 0.6675461741424802,
    "pos_f": 0.6408209806157356,
    "tn": 1265,
    "fp": 340,
    "fn": 920,
    "tp": 1124,
    "sensitivity": 0.5499021526418787,
    "specificity": 0.7881619937694704,
    "acc": 0.6546999177856947
}