{
    "fbeta-1.0": 0.6372427473344905,
    "neg_prec": 0.5390100671140939,
    "pos_prec": 0.7122529644268775,
    "neg_rec": 0.779260157671316,
    "pos_rec": 0.4505,
    "neg_f": 0.6372427473344905,
    "pos_f": 0.5519142419601838,
    "tn": 1285,
    "fp": 364,
    "fn": 1099,
    "tp": 901,
    "sensitivity": 0.4505,
    "specificity": 0.779260157671316,
    "acc": 0.5990682378733899
}