{
    "fbeta-1.0": 0.6322358510867226,
    "neg_prec": 0.501536360532605,
    "pos_prec": 0.6541666666666667,
    "neg_rec": 0.8550640279394645,
    "pos_rec": 0.2439150699119627,
    "neg_f": 0.6322358510867226,
    "pos_f": 0.35533760844964163,
    "tn": 1469,
    "fp": 249,
    "fn": 1460,
    "tp": 471,
    "sensitivity": 0.2439150699119627,
    "specificity": 0.8550640279394645,
    "acc": 0.5316525075363113
}