{
    "fbeta-1.0": 0.4706164547853202,
    "neg_prec": 0.3240832507433102,
    "pos_prec": 0.7411575562700965,
    "neg_rec": 0.8590192644483362,
    "pos_rec": 0.1838851216593538,
    "neg_f": 0.4706164547853202,
    "pos_f": 0.29466283157558326,
    "tn": 981,
    "fp": 161,
    "fn": 2046,
    "tp": 461,
    "sensitivity": 0.1838851216593538,
    "specificity": 0.8590192644483362,
    "acc": 0.3951767607563716
}