{
    "fbeta-1.0": 0.56689557186834,
    "neg_prec": 0.44983089064261556,
    "pos_prec": 0.6305668016194332,
    "neg_rec": 0.7663252240717029,
    "pos_rec": 0.2985146142788692,
    "neg_f": 0.56689557186834,
    "pos_f": 0.40520325203252033,
    "tn": 1197,
    "fp": 365,
    "fn": 1464,
    "tp": 623,
    "sensitivity": 0.2985146142788692,
    "specificity": 0.7663252240717029,
    "acc": 0.4987667854206632
}