{
    "fbeta-1.0": 0.6171323303653669,
    "neg_prec": 0.5253528489283847,
    "pos_prec": 0.8047235023041475,
    "neg_rec": 0.7477678571428571,
    "pos_rec": 0.6060737527114968,
    "neg_f": 0.6171323303653669,
    "pos_f": 0.6914130165800545,
    "tn": 1005,
    "fp": 339,
    "fn": 908,
    "tp": 1397,
    "sensitivity": 0.6060737527114968,
    "specificity": 0.7477678571428571,
    "acc": 0.6582625376815566
}