{
    "fbeta-1.0": 0.5841739520286932,
    "neg_prec": 0.4494653328734046,
    "pos_prec": 0.6546666666666666,
    "neg_rec": 0.8341869398207427,
    "pos_rec": 0.23526593195975085,
    "neg_f": 0.5841739520286932,
    "pos_f": 0.3461402890377159,
    "tn": 1303,
    "fp": 259,
    "fn": 1596,
    "tp": 491,
    "sensitivity": 0.23526593195975085,
    "specificity": 0.8341869398207427,
    "acc": 0.4916415456289394
}