{
    "fbeta-1.0": 0.5299841593120616,
    "neg_prec": 0.37957860615883304,
    "pos_prec": 0.7109929078014184,
    "neg_rec": 0.8778110944527736,
    "pos_rec": 0.1732181425485961,
    "neg_f": 0.5299841593120616,
    "pos_f": 0.27856894755123307,
    "tn": 1171,
    "fp": 163,
    "fn": 1914,
    "tp": 401,
    "sensitivity": 0.1732181425485961,
    "specificity": 0.8778110944527736,
    "acc": 0.4308029597149904
}