{
    "fbeta-1.0": 0.5873287671232876,
    "neg_prec": 0.48287189113092444,
    "pos_prec": 0.7733860342555995,
    "neg_rec": 0.7494537509104151,
    "pos_rec": 0.515817223198594,
    "neg_f": 0.5873287671232876,
    "pos_f": 0.6188719030047443,
    "tn": 1029,
    "fp": 344,
    "fn": 1102,
    "tp": 1174,
    "sensitivity": 0.515817223198594,
    "specificity": 0.7494537509104151,
    "acc": 0.6037270485064401
}