{
    "fbeta-1.0": 0.5888962326503635,
    "neg_prec": 0.48188209843158464,
    "pos_prec": 0.8411111111111111,
    "neg_rec": 0.7570093457943925,
    "pos_rec": 0.6124595469255664,
    "neg_f": 0.5888962326503635,
    "pos_f": 0.7088014981273408,
    "tn": 891,
    "fp": 286,
    "fn": 958,
    "tp": 1514,
    "sensitivity": 0.6124595469255664,
    "specificity": 0.7570093457943925,
    "acc": 0.6590846807344478
}