{
    "fbeta-1.0": 0.6016225448334757,
    "neg_prec": 0.467020218760358,
    "pos_prec": 0.5917721518987342,
    "neg_rec": 0.8452309538092382,
    "pos_rec": 0.18869828456104945,
    "neg_f": 0.6016225448334757,
    "pos_f": 0.2861514919663351,
    "tn": 1409,
    "fp": 258,
    "fn": 1608,
    "tp": 374,
    "sensitivity": 0.18869828456104945,
    "specificity": 0.8452309538092382,
    "acc": 0.48862702110167167
}