{
    "fbeta-1.0": 0.5135845749342682,
    "neg_prec": 0.41074766355140185,
    "pos_prec": 0.7322730284956925,
    "neg_rec": 0.6851130163678878,
    "pos_rec": 0.46703296703296704,
    "neg_f": 0.5135845749342682,
    "pos_f": 0.5703225806451614,
    "tn": 879,
    "fp": 404,
    "fn": 1261,
    "tp": 1105,
    "sensitivity": 0.46703296703296704,
    "specificity": 0.6851130163678878,
    "acc": 0.5437106056453823
}