{
    "fbeta-1.0": 0.6795086543830263,
    "neg_prec": 0.6030723488602577,
    "pos_prec": 0.7872470876762723,
    "neg_rec": 0.7781329923273658,
    "pos_rec": 0.6158273381294964,
    "neg_f": 0.6795086543830263,
    "pos_f": 0.6910656620021529,
    "tn": 1217,
    "fp": 347,
    "fn": 801,
    "tp": 1284,
    "sensitivity": 0.6158273381294964,
    "specificity": 0.7781329923273658,
    "acc": 0.6853932584269663
}