{
    "fbeta-1.0": 0.5204332840965041,
    "neg_prec": 0.3880323054331865,
    "pos_prec": 0.6962162162162162,
    "neg_rec": 0.7899850523168909,
    "pos_rec": 0.27866724361748163,
    "neg_f": 0.5204332840965041,
    "pos_f": 0.3980222496909765,
    "tn": 1057,
    "fp": 281,
    "fn": 1667,
    "tp": 644,
    "sensitivity": 0.27866724361748163,
    "specificity": 0.7899850523168909,
    "acc": 0.4661551109893121
}