{
    "fbeta-1.0": 0.5133614627285513,
    "neg_prec": 0.37321063394683024,
    "pos_prec": 0.6685314685314685,
    "neg_rec": 0.8220720720720721,
    "pos_rec": 0.20630125161847215,
    "neg_f": 0.5133614627285513,
    "pos_f": 0.3153034300791557,
    "tn": 1095,
    "fp": 237,
    "fn": 1839,
    "tp": 478,
    "sensitivity": 0.20630125161847215,
    "specificity": 0.8220720720720721,
    "acc": 0.43107700739928745
}