{
    "fbeta-1.0": 0.5385918219211225,
    "neg_prec": 0.41268075639599555,
    "pos_prec": 0.6607142857142857,
    "neg_rec": 0.7750696378830083,
    "pos_rec": 0.2842295526434704,
    "neg_f": 0.5385918219211225,
    "pos_f": 0.3974723538704581,
    "tn": 1113,
    "fp": 323,
    "fn": 1584,
    "tp": 629,
    "sensitivity": 0.2842295526434704,
    "specificity": 0.7750696378830083,
    "acc": 0.4773910660454919
}