{
    "fbeta-1.0": 0.5452550740537575,
    "neg_prec": 0.4369230769230769,
    "pos_prec": 0.7256186317321689,
    "neg_rec": 0.725018234865062,
    "pos_rec": 0.4376646180860404,
    "neg_f": 0.5452550740537575,
    "pos_f": 0.5460021905805039,
    "tn": 994,
    "fp": 377,
    "fn": 1281,
    "tp": 997,
    "sensitivity": 0.4376646180860404,
    "specificity": 0.725018234865062,
    "acc": 0.5456289394354618
}