{
    "fbeta-1.0": 0.5762982689747004,
    "neg_prec": 0.5137701804368471,
    "pos_prec": 0.6325340246273493,
    "neg_rec": 0.656155245603396,
    "pos_rec": 0.488,
    "neg_f": 0.5762982689747004,
    "pos_f": 0.550945526390065,
    "tn": 1082,
    "fp": 567,
    "fn": 1024,
    "tp": 976,
    "sensitivity": 0.488,
    "specificity": 0.656155245603396,
    "acc": 0.5639901342833653
}