{
    "fbeta-1.0": 0.5419806243272336,
    "neg_prec": 0.43668690372940155,
    "pos_prec": 0.6999255398361877,
    "neg_rec": 0.7141843971631205,
    "pos_rec": 0.4198302813756141,
    "neg_f": 0.5419806243272336,
    "pos_f": 0.5248464544946957,
    "tn": 1007,
    "fp": 403,
    "fn": 1299,
    "tp": 940,
    "sensitivity": 0.4198302813756141,
    "specificity": 0.7141843971631205,
    "acc": 0.5335708413263908
}