{
    "fbeta-1.0": 0.5484751934456077,
    "neg_prec": 0.3992710404241219,
    "pos_prec": 0.7290015847860539,
    "neg_rec": 0.8757267441860465,
    "pos_rec": 0.2023757149142103,
    "neg_f": 0.5484751934456077,
    "pos_f": 0.31680440771349866,
    "tn": 1205,
    "fp": 171,
    "fn": 1813,
    "tp": 460,
    "sensitivity": 0.2023757149142103,
    "specificity": 0.8757267441860465,
    "acc": 0.4562893943546177
}