{
    "fbeta-1.0": 0.5684034550013931,
    "neg_prec": 0.45434298440979953,
    "pos_prec": 0.7692307692307693,
    "neg_rec": 0.7589285714285714,
    "pos_rec": 0.4685466377440347,
    "neg_f": 0.5684034550013931,
    "pos_f": 0.5823672148827178,
    "tn": 1020,
    "fp": 324,
    "fn": 1225,
    "tp": 1080,
    "sensitivity": 0.4685466377440347,
    "specificity": 0.7589285714285714,
    "acc": 0.5755001370238422
}