{
    "fbeta-1.0": 0.5813067682390858,
    "neg_prec": 0.5774155995343423,
    "pos_prec": 0.6359399274987053,
    "neg_rec": 0.5852507374631268,
    "pos_rec": 0.6284544524053224,
    "neg_f": 0.5813067682390858,
    "pos_f": 0.6321750321750322,
    "tn": 992,
    "fp": 703,
    "fn": 726,
    "tp": 1228,
    "sensitivity": 0.6284544524053224,
    "specificity": 0.5852507374631268,
    "acc": 0.6083858591394903
}