{
    "fbeta-1.0": 0.699613473219216,
    "neg_prec": 0.6654411764705882,
    "pos_prec": 0.7415472779369627,
    "neg_rec": 0.7374854481955763,
    "pos_rec": 0.6701191092698084,
    "neg_f": 0.699613473219216,
    "pos_f": 0.7040261153427639,
    "tn": 1267,
    "fp": 451,
    "fn": 637,
    "tp": 1294,
    "sensitivity": 0.6701191092698084,
    "specificity": 0.7374854481955763,
    "acc": 0.7018361194847903
}