{
    "fbeta-1.0": 0.6188769414575866,
    "neg_prec": 0.5943775100401606,
    "pos_prec": 0.7014690451206715,
    "neg_rec": 0.6454828660436137,
    "pos_rec": 0.6541095890410958,
    "neg_f": 0.6188769414575866,
    "pos_f": 0.6769620253164556,
    "tn": 1036,
    "fp": 569,
    "fn": 707,
    "tp": 1337,
    "sensitivity": 0.6541095890410958,
    "specificity": 0.6454828660436137,
    "acc": 0.6503151548369416
}