{
    "fbeta-1.0": 0.503380454824831,
    "neg_prec": 0.42879581151832463,
    "pos_prec": 0.6981023576768257,
    "neg_rec": 0.609375,
    "pos_rec": 0.5266811279826464,
    "neg_f": 0.503380454824831,
    "pos_f": 0.6003956478733927,
    "tn": 819,
    "fp": 525,
    "fn": 1091,
    "tp": 1214,
    "sensitivity": 0.5266811279826464,
    "specificity": 0.609375,
    "acc": 0.5571389421759386
}