{
    "fbeta-1.0": 0.5744482437053156,
    "neg_prec": 0.5164896590273896,
    "pos_prec": 0.7290322580645161,
    "neg_rec": 0.6470588235294118,
    "pos_rec": 0.6105357946870779,
    "neg_f": 0.5744482437053156,
    "pos_f": 0.6645430041656456,
    "tn": 924,
    "fp": 504,
    "fn": 865,
    "tp": 1356,
    "sensitivity": 0.6105357946870779,
    "specificity": 0.6470588235294118,
    "acc": 0.6248287201973143
}