{
    "fbeta-1.0": 0.4774153074027604,
    "neg_prec": 0.3851214574898785,
    "pos_prec": 0.7304243873281531,
    "neg_rec": 0.6278877887788779,
    "pos_rec": 0.5014361920393927,
    "neg_f": 0.4774153074027604,
    "pos_f": 0.5946472019464721,
    "tn": 761,
    "fp": 451,
    "fn": 1215,
    "tp": 1222,
    "sensitivity": 0.5014361920393927,
    "specificity": 0.6278877887788779,
    "acc": 0.5434365579610853
}