{
    "fbeta-1.0": 0.6525714285714286,
    "neg_prec": 0.6230223677032187,
    "pos_prec": 0.7109030837004405,
    "neg_rec": 0.6850629874025195,
    "pos_rec": 0.6513622603430878,
    "neg_f": 0.6525714285714286,
    "pos_f": 0.6798314902580306,
    "tn": 1142,
    "fp": 525,
    "fn": 691,
    "tp": 1291,
    "sensitivity": 0.6513622603430878,
    "specificity": 0.6850629874025195,
    "acc": 0.6667580158947657
}