{
    "fbeta-1.0": 0.6224924012158055,
    "neg_prec": 0.552319309600863,
    "pos_prec": 0.7704735376044568,
    "neg_rec": 0.713091922005571,
    "pos_rec": 0.6249435155896973,
    "neg_f": 0.6224924012158055,
    "pos_f": 0.690119760479042,
    "tn": 1024,
    "fp": 412,
    "fn": 830,
    "tp": 1383,
    "sensitivity": 0.6249435155896973,
    "specificity": 0.713091922005571,
    "acc": 0.6596327761030419
}