{
    "fbeta-1.0": 0.5109662122110256,
    "neg_prec": 0.42254901960784313,
    "pos_prec": 0.706650093225606,
    "neg_rec": 0.6461769115442278,
    "pos_rec": 0.49114470842332614,
    "neg_f": 0.5109662122110256,
    "pos_f": 0.5795107033639143,
    "tn": 862,
    "fp": 472,
    "fn": 1178,
    "tp": 1137,
    "sensitivity": 0.49114470842332614,
    "specificity": 0.6461769115442278,
    "acc": 0.5478213209098383
}