{
    "fbeta-1.0": 0.5212628865979382,
    "neg_prec": 0.4596590909090909,
    "pos_prec": 0.7167813658020117,
    "neg_rec": 0.6019345238095238,
    "pos_rec": 0.5874186550976139,
    "neg_f": 0.5212628865979382,
    "pos_f": 0.6456843109203625,
    "tn": 809,
    "fp": 535,
    "fn": 951,
    "tp": 1354,
    "sensitivity": 0.5874186550976139,
    "specificity": 0.6019345238095238,
    "acc": 0.5927651411345574
}