{
    "fbeta-1.0": 0.5466970387243736,
    "neg_prec": 0.4743083003952569,
    "pos_prec": 0.7539936102236422,
    "neg_rec": 0.6451612903225806,
    "pos_rec": 0.6033233915636983,
    "neg_f": 0.5466970387243736,
    "pos_f": 0.6702958579881656,
    "tn": 840,
    "fp": 462,
    "fn": 931,
    "tp": 1416,
    "sensitivity": 0.6033233915636983,
    "specificity": 0.6451612903225806,
    "acc": 0.6182515757741847
}