{
    "fbeta-1.0": 0.6082695252679938,
    "neg_prec": 0.5353099730458221,
    "pos_prec": 0.7675585284280937,
    "neg_rec": 0.7042553191489361,
    "pos_rec": 0.6150066994193837,
    "neg_f": 0.6082695252679938,
    "pos_f": 0.6828663525911233,
    "tn": 993,
    "fp": 417,
    "fn": 862,
    "tp": 1377,
    "sensitivity": 0.6150066994193837,
    "specificity": 0.7042553191489361,
    "acc": 0.6494930117840504
}