{
    "fbeta-1.0": 0.5693337583678675,
    "neg_prec": 0.4963868816008894,
    "pos_prec": 0.7594594594594595,
    "neg_rec": 0.6674140508221226,
    "pos_rec": 0.6079619212462137,
    "neg_f": 0.5693337583678675,
    "pos_f": 0.6753184330689739,
    "tn": 893,
    "fp": 445,
    "fn": 906,
    "tp": 1405,
    "sensitivity": 0.6079619212462137,
    "specificity": 0.6674140508221226,
    "acc": 0.6297615785146615
}