{
    "fbeta-1.0": 0.6005009392611146,
    "neg_prec": 0.5167025862068966,
    "pos_prec": 0.788622420524261,
    "neg_rec": 0.7167414050822123,
    "pos_rec": 0.6118563392470792,
    "neg_f": 0.6005009392611146,
    "pos_f": 0.689083820662768,
    "tn": 959,
    "fp": 379,
    "fn": 897,
    "tp": 1414,
    "sensitivity": 0.6118563392470792,
    "specificity": 0.7167414050822123,
    "acc": 0.6503151548369416
}