{
    "fbeta-1.0": 0.5704735376044568,
    "neg_prec": 0.5493562231759657,
    "pos_prec": 0.6067226890756302,
    "neg_rec": 0.593279258400927,
    "pos_rec": 0.5631825273010921,
    "neg_f": 0.5704735376044568,
    "pos_f": 0.5841423948220065,
    "tn": 1024,
    "fp": 702,
    "fn": 840,
    "tp": 1083,
    "sensitivity": 0.5631825273010921,
    "specificity": 0.593279258400927,
    "acc": 0.5774184708139216
}