{
    "fbeta-1.0": 0.6096630642085188,
    "neg_prec": 0.5286659316427784,
    "pos_prec": 0.7967302452316076,
    "neg_rec": 0.71996996996997,
    "pos_rec": 0.6309883470004316,
    "neg_f": 0.6096630642085188,
    "pos_f": 0.7042389210019268,
    "tn": 959,
    "fp": 373,
    "fn": 855,
    "tp": 1462,
    "sensitivity": 0.6309883470004316,
    "specificity": 0.71996996996997,
    "acc": 0.6634694436832009
}