{
    "fbeta-1.0": 0.6372578241430702,
    "neg_prec": 0.6101598173515982,
    "pos_prec": 0.7185028993147075,
    "neg_rec": 0.6668746101060512,
    "pos_rec": 0.666177908113392,
    "neg_f": 0.6372578241430702,
    "pos_f": 0.6913517626172965,
    "tn": 1069,
    "fp": 534,
    "fn": 683,
    "tp": 1363,
    "sensitivity": 0.666177908113392,
    "specificity": 0.6668746101060512,
    "acc": 0.6664839682104686
}