{
    "fbeta-1.0": 0.5517826825127334,
    "neg_prec": 0.4845924453280318,
    "pos_prec": 0.6658521686010995,
    "neg_rec": 0.640604467805519,
    "pos_rec": 0.5124588622472966,
    "neg_f": 0.5517826825127334,
    "pos_f": 0.5791710945802337,
    "tn": 975,
    "fp": 547,
    "fn": 1037,
    "tp": 1090,
    "sensitivity": 0.5124588622472966,
    "specificity": 0.640604467805519,
    "acc": 0.5659084680734447
}