{
    "fbeta-1.0": 0.5774183887391435,
    "neg_prec": 0.570414201183432,
    "pos_prec": 0.6503318019397651,
    "neg_rec": 0.5845967252880534,
    "pos_rec": 0.637,
    "neg_f": 0.5774183887391435,
    "pos_f": 0.6435968678959332,
    "tn": 964,
    "fp": 685,
    "fn": 726,
    "tp": 1274,
    "sensitivity": 0.637,
    "specificity": 0.5845967252880534,
    "acc": 0.6133187174568375
}