{
    "fbeta-1.0": 0.5673836101279608,
    "neg_prec": 0.5267947421638018,
    "pos_prec": 0.6092160383004189,
    "neg_rec": 0.6147492625368731,
    "pos_rec": 0.5209825997952917,
    "neg_f": 0.5673836101279608,
    "pos_f": 0.5616551724137931,
    "tn": 1042,
    "fp": 653,
    "fn": 936,
    "tp": 1018,
    "sensitivity": 0.5209825997952917,
    "specificity": 0.6147492625368731,
    "acc": 0.5645382296519594
}