{
    "fbeta-1.0": 0.5510388437217705,
    "neg_prec": 0.5069252077562327,
    "pos_prec": 0.6740780911062907,
    "neg_rec": 0.6035620052770448,
    "pos_rec": 0.5827473042662916,
    "neg_f": 0.5510388437217705,
    "pos_f": 0.6250942921800352,
    "tn": 915,
    "fp": 601,
    "fn": 890,
    "tp": 1243,
    "sensitivity": 0.5827473042662916,
    "specificity": 0.6035620052770448,
    "acc": 0.591394902713072
}