{
    "fbeta-1.0": 0.518243661100804,
    "neg_prec": 0.44105263157894736,
    "pos_prec": 0.7164093767867353,
    "neg_rec": 0.6281859070464768,
    "pos_rec": 0.5412526997840172,
    "neg_f": 0.518243661100804,
    "pos_f": 0.6166338582677166,
    "tn": 838,
    "fp": 496,
    "fn": 1062,
    "tp": 1253,
    "sensitivity": 0.5412526997840172,
    "specificity": 0.6281859070464768,
    "acc": 0.5730337078651685
}