{
    "fbeta-1.0": 0.5536111994909322,
    "neg_prec": 0.4923599320882852,
    "pos_prec": 0.7311370882040382,
    "neg_rec": 0.6322674418604651,
    "pos_rec": 0.60536735591729,
    "neg_f": 0.5536111994909322,
    "pos_f": 0.6623345367027677,
    "tn": 870,
    "fp": 506,
    "fn": 897,
    "tp": 1376,
    "sensitivity": 0.60536735591729,
    "specificity": 0.6322674418604651,
    "acc": 0.615511098931214
}