{
    "fbeta-1.0": 0.5920698924731183,
    "neg_prec": 0.480370774263904,
    "pos_prec": 0.856198347107438,
    "neg_rec": 0.7714535901926445,
    "pos_rec": 0.6198643797367371,
    "neg_f": 0.5920698924731183,
    "pos_f": 0.7191115224433132,
    "tn": 881,
    "fp": 261,
    "fn": 953,
    "tp": 1554,
    "sensitivity": 0.6198643797367371,
    "specificity": 0.7714535901926445,
    "acc": 0.6673061112633598
}