{
    "fbeta-1.0": 0.5955974842767296,
    "neg_prec": 0.5157952069716776,
    "pos_prec": 0.7810259238830667,
    "neg_rec": 0.7046130952380952,
    "pos_rec": 0.6143167028199567,
    "neg_f": 0.5955974842767296,
    "pos_f": 0.6877124817872754,
    "tn": 947,
    "fp": 397,
    "fn": 889,
    "tp": 1416,
    "sensitivity": 0.6143167028199567,
    "specificity": 0.7046130952380952,
    "acc": 0.647574677993971
}