{
    "fbeta-1.0": 0.6544841158279449,
    "neg_prec": 0.632952691680261,
    "pos_prec": 0.6939226519337016,
    "neg_rec": 0.6775320139697323,
    "pos_rec": 0.6504401864319006,
    "neg_f": 0.6544841158279449,
    "pos_f": 0.6714782143811816,
    "tn": 1164,
    "fp": 554,
    "fn": 675,
    "tp": 1256,
    "sensitivity": 0.6504401864319006,
    "specificity": 0.6775320139697323,
    "acc": 0.6631953959989038
}