{
    "fbeta-1.0": 0.6332421756305073,
    "neg_prec": 0.5890333521763709,
    "pos_prec": 0.7446808510638298,
    "neg_rec": 0.6846254927726675,
    "pos_rec": 0.6582040432534085,
    "neg_f": 0.6332421756305073,
    "pos_f": 0.6987771400049912,
    "tn": 1042,
    "fp": 480,
    "fn": 727,
    "tp": 1400,
    "sensitivity": 0.6582040432534085,
    "specificity": 0.6846254927726675,
    "acc": 0.6692244450534393
}