{
    "fbeta-1.0": 0.5566714490674317,
    "neg_prec": 0.5049453409682457,
    "pos_prec": 0.65625,
    "neg_rec": 0.6202046035805626,
    "pos_rec": 0.543884892086331,
    "neg_f": 0.5566714490674317,
    "pos_f": 0.5948072383949647,
    "tn": 970,
    "fp": 594,
    "fn": 951,
    "tp": 1134,
    "sensitivity": 0.543884892086331,
    "specificity": 0.6202046035805626,
    "acc": 0.5765963277610304
}