{
    "fbeta-1.0": 0.5857052498418721,
    "neg_prec": 0.5184770436730123,
    "pos_prec": 0.7584541062801933,
    "neg_rec": 0.6729651162790697,
    "pos_rec": 0.6216454025516938,
    "neg_f": 0.5857052498418721,
    "pos_f": 0.6832688588007737,
    "tn": 926,
    "fp": 450,
    "fn": 860,
    "tp": 1413,
    "sensitivity": 0.6216454025516938,
    "specificity": 0.6729651162790697,
    "acc": 0.6409975335708413
}