{
    "fbeta-1.0": 0.528,
    "neg_prec": 0.4566258648217137,
    "pos_prec": 0.7101694915254237,
    "neg_rec": 0.6258205689277899,
    "pos_rec": 0.5517998244073749,
    "neg_f": 0.528,
    "pos_f": 0.6210474308300394,
    "tn": 858,
    "fp": 513,
    "fn": 1021,
    "tp": 1257,
    "sensitivity": 0.5517998244073749,
    "specificity": 0.6258205689277899,
    "acc": 0.5796108522882981
}