{
    "fbeta-1.0": 0.6318732525629077,
    "neg_prec": 0.5933488914819136,
    "pos_prec": 0.7478036175710594,
    "neg_rec": 0.6757475083056479,
    "pos_rec": 0.6749067164179104,
    "neg_f": 0.6318732525629077,
    "pos_f": 0.7094876195145869,
    "tn": 1017,
    "fp": 488,
    "fn": 697,
    "tp": 1447,
    "sensitivity": 0.6749067164179104,
    "specificity": 0.6757475083056479,
    "acc": 0.6752534941079747
}