{
    "fbeta-1.0": 0.5261735900033772,
    "neg_prec": 0.4249863611565739,
    "pos_prec": 0.8078193832599119,
    "neg_rec": 0.6906028368794326,
    "pos_rec": 0.5819119397064657,
    "neg_f": 0.5261735900033772,
    "pos_f": 0.676504496195527,
    "tn": 779,
    "fp": 349,
    "fn": 1054,
    "tp": 1467,
    "sensitivity": 0.5819119397064657,
    "specificity": 0.6906028368794326,
    "acc": 0.615511098931214
}