{
    "fbeta-1.0": 0.5133333333333333,
    "neg_prec": 0.4244762954796031,
    "pos_prec": 0.7732970027247956,
    "neg_rec": 0.6492411467116358,
    "pos_rec": 0.5761266747868453,
    "neg_f": 0.5133333333333333,
    "pos_f": 0.6603071195905073,
    "tn": 770,
    "fp": 416,
    "fn": 1044,
    "tp": 1419,
    "sensitivity": 0.5761266747868453,
    "specificity": 0.6492411467116358,
    "acc": 0.5998903809262812
}