{
    "fbeta-1.0": 0.5813034891375904,
    "neg_prec": 0.4835706462212486,
    "pos_prec": 0.8195282501371366,
    "neg_rec": 0.7285478547854786,
    "pos_rec": 0.6130488305293393,
    "neg_f": 0.5813034891375904,
    "pos_f": 0.7014084507042253,
    "tn": 883,
    "fp": 329,
    "fn": 943,
    "tp": 1494,
    "sensitivity": 0.6130488305293393,
    "specificity": 0.7285478547854786,
    "acc": 0.6514113455741299
}