{
    "fbeta-1.0": 0.5355674992096111,
    "neg_prec": 0.48818443804034584,
    "pos_prec": 0.6964472309299895,
    "neg_rec": 0.5931372549019608,
    "pos_rec": 0.60018009905448,
    "neg_f": 0.5355674992096111,
    "pos_f": 0.6447400241837968,
    "tn": 847,
    "fp": 581,
    "fn": 888,
    "tp": 1333,
    "sensitivity": 0.60018009905448,
    "specificity": 0.5931372549019608,
    "acc": 0.5974239517676075
}