{
    "fbeta-1.0": 0.5367770915216171,
    "neg_prec": 0.4997386304234187,
    "pos_prec": 0.6008064516129032,
    "neg_rec": 0.5797453001819285,
    "pos_rec": 0.5215,
    "neg_f": 0.5367770915216171,
    "pos_f": 0.5583511777301927,
    "tn": 956,
    "fp": 693,
    "fn": 957,
    "tp": 1043,
    "sensitivity": 0.5215,
    "specificity": 0.5797453001819285,
    "acc": 0.5478213209098383
}