{
    "fbeta-1.0": 0.6596429616622768,
    "neg_prec": 0.6082029141932002,
    "pos_prec": 0.7566815144766147,
    "neg_rec": 0.7205882352941176,
    "pos_rec": 0.6517985611510791,
    "neg_f": 0.6596429616622768,
    "pos_f": 0.7003349652151508,
    "tn": 1127,
    "fp": 437,
    "fn": 726,
    "tp": 1359,
    "sensitivity": 0.6517985611510791,
    "specificity": 0.7205882352941176,
    "acc": 0.6812825431625102
}