{
    "fbeta-1.0": 0.5458570524984186,
    "neg_prec": 0.4818537130094919,
    "pos_prec": 0.7265877287405813,
    "neg_rec": 0.6294675419401896,
    "pos_rec": 0.5926251097453907,
    "neg_f": 0.5458570524984186,
    "pos_f": 0.6528046421663444,
    "tn": 863,
    "fp": 508,
    "fn": 928,
    "tp": 1350,
    "sensitivity": 0.5926251097453907,
    "specificity": 0.6294675419401896,
    "acc": 0.6064675253494108
}