{
    "fbeta-1.0": 0.5865921787709498,
    "neg_prec": 0.5215231788079471,
    "pos_prec": 0.7468698965704954,
    "neg_rec": 0.6702127659574468,
    "pos_rec": 0.6127735596248325,
    "neg_f": 0.5865921787709498,
    "pos_f": 0.6732090284592738,
    "tn": 945,
    "fp": 465,
    "fn": 867,
    "tp": 1372,
    "sensitivity": 0.6127735596248325,
    "specificity": 0.6702127659574468,
    "acc": 0.6349684845163058
}