{
    "fbeta-1.0": 0.5740925740925742,
    "neg_prec": 0.4744083654375344,
    "pos_prec": 0.8231441048034934,
    "neg_rec": 0.7268128161888702,
    "pos_rec": 0.6122614697523345,
    "neg_f": 0.5740925740925742,
    "pos_f": 0.7022118742724097,
    "tn": 862,
    "fp": 324,
    "fn": 955,
    "tp": 1508,
    "sensitivity": 0.6122614697523345,
    "specificity": 0.7268128161888702,
    "acc": 0.6494930117840504
}