{
    "fbeta-1.0": 0.5181507911883338,
    "neg_prec": 0.44297082228116713,
    "pos_prec": 0.7148526077097506,
    "neg_rec": 0.6240657698056801,
    "pos_rec": 0.545651233232367,
    "neg_f": 0.5181507911883338,
    "pos_f": 0.6188957055214724,
    "tn": 835,
    "fp": 503,
    "fn": 1050,
    "tp": 1261,
    "sensitivity": 0.545651233232367,
    "specificity": 0.6240657698056801,
    "acc": 0.5744039462866539
}