{
    "fbeta-1.0": 0.5555871481376173,
    "neg_prec": 0.5104493207941484,
    "pos_prec": 0.639193083573487,
    "neg_rec": 0.6094822208359326,
    "pos_rec": 0.5420332355816226,
    "neg_f": 0.5555871481376173,
    "pos_f": 0.5866172970113727,
    "tn": 977,
    "fp": 626,
    "fn": 937,
    "tp": 1109,
    "sensitivity": 0.5420332355816226,
    "specificity": 0.6094822208359326,
    "acc": 0.5716634694436832
}