{
    "fbeta-1.0": 0.61161463578382,
    "neg_prec": 0.5080870050195203,
    "pos_prec": 0.8518318965517241,
    "neg_rec": 0.7681281618887015,
    "pos_rec": 0.6419001218026796,
    "neg_f": 0.61161463578382,
    "pos_f": 0.7321139152581615,
    "tn": 911,
    "fp": 275,
    "fn": 882,
    "tp": 1581,
    "sensitivity": 0.6419001218026796,
    "specificity": 0.7681281618887015,
    "acc": 0.6829268292682927
}