{
    "fbeta-1.0": 0.503405572755418,
    "neg_prec": 0.41756548536209553,
    "pos_prec": 0.7238542890716804,
    "neg_rec": 0.6336710833982853,
    "pos_rec": 0.5207100591715976,
    "neg_f": 0.503405572755418,
    "pos_f": 0.6057030481809242,
    "tn": 813,
    "fp": 470,
    "fn": 1134,
    "tp": 1232,
    "sensitivity": 0.5207100591715976,
    "specificity": 0.6336710833982853,
    "acc": 0.5604275143875034
}