{
    "fbeta-1.0": 0.6656230432060113,
    "neg_prec": 0.6019252548131371,
    "pos_prec": 0.8061603823685608,
    "neg_rec": 0.7443977591036415,
    "pos_rec": 0.6834759117514633,
    "neg_f": 0.6656230432060113,
    "pos_f": 0.7397660818713451,
    "tn": 1063,
    "fp": 365,
    "fn": 703,
    "tp": 1518,
    "sensitivity": 0.6834759117514633,
    "specificity": 0.7443977591036415,
    "acc": 0.7073170731707317
}