{
    "fbeta-1.0": 0.5617915399502349,
    "neg_prec": 0.4944038929440389,
    "pos_prec": 0.657465495608532,
    "neg_rec": 0.6504481434058899,
    "pos_rec": 0.5021562050790609,
    "neg_f": 0.5617915399502349,
    "pos_f": 0.569410486280902,
    "tn": 1016,
    "fp": 546,
    "fn": 1039,
    "tp": 1048,
    "sensitivity": 0.5021562050790609,
    "specificity": 0.6504481434058899,
    "acc": 0.5656344203891477
}