{
    "fbeta-1.0": 0.5309369475545079,
    "neg_prec": 0.4464816650148662,
    "pos_prec": 0.7087676272225628,
    "neg_rec": 0.654796511627907,
    "pos_rec": 0.5085789705235372,
    "neg_f": 0.5309369475545079,
    "pos_f": 0.5922131147540983,
    "tn": 901,
    "fp": 475,
    "fn": 1117,
    "tp": 1156,
    "sensitivity": 0.5085789705235372,
    "specificity": 0.654796511627907,
    "acc": 0.5637160865990682
}