{
    "fbeta-1.0": 0.5776550030693678,
    "neg_prec": 0.5178866263070996,
    "pos_prec": 0.7270742358078602,
    "neg_rec": 0.6530187369882027,
    "pos_rec": 0.6032608695652174,
    "neg_f": 0.5776550030693678,
    "pos_f": 0.6594059405940594,
    "tn": 941,
    "fp": 500,
    "fn": 876,
    "tp": 1332,
    "sensitivity": 0.6032608695652174,
    "specificity": 0.6530187369882027,
    "acc": 0.6229103864072348
}