{
    "fbeta-1.0": 0.5677190911773384,
    "neg_prec": 0.5152651312265667,
    "pos_prec": 0.6857463524130191,
    "neg_rec": 0.6320630749014454,
    "pos_rec": 0.5745181006111895,
    "neg_f": 0.5677190911773384,
    "pos_f": 0.6252238424149399,
    "tn": 962,
    "fp": 560,
    "fn": 905,
    "tp": 1222,
    "sensitivity": 0.5745181006111895,
    "specificity": 0.6320630749014454,
    "acc": 0.5985201425047958
}