{
    "fbeta-1.0": 0.6767766874814154,
    "neg_prec": 0.6181423139598045,
    "pos_prec": 0.7876106194690266,
    "neg_rec": 0.7477003942181341,
    "pos_rec": 0.6694875411377527,
    "neg_f": 0.6767766874814154,
    "pos_f": 0.7237611181702668,
    "tn": 1138,
    "fp": 384,
    "fn": 703,
    "tp": 1424,
    "sensitivity": 0.6694875411377527,
    "specificity": 0.7477003942181341,
    "acc": 0.7021101671690875
}