{
    "fbeta-1.0": 0.6254383168632451,
    "neg_prec": 0.5561224489795918,
    "pos_prec": 0.7920424403183024,
    "neg_rec": 0.7144938091769847,
    "pos_rec": 0.6559753954305799,
    "neg_f": 0.6254383168632451,
    "pos_f": 0.7176159577024753,
    "tn": 981,
    "fp": 392,
    "fn": 783,
    "tp": 1493,
    "sensitivity": 0.6559753954305799,
    "specificity": 0.7144938091769847,
    "acc": 0.6779939709509455
}