{
    "fbeta-1.0": 0.5460599334073252,
    "neg_prec": 0.49224612306153076,
    "pos_prec": 0.6236363636363637,
    "neg_rec": 0.6130841121495327,
    "pos_rec": 0.5034246575342466,
    "neg_f": 0.5460599334073252,
    "pos_f": 0.5571196534921494,
    "tn": 984,
    "fp": 621,
    "fn": 1015,
    "tp": 1029,
    "sensitivity": 0.5034246575342466,
    "specificity": 0.6130841121495327,
    "acc": 0.5516579884899973
}