{
    "fbeta-1.0": 0.5914560770156438,
    "neg_prec": 0.5455049944506104,
    "pos_prec": 0.7081754195993503,
    "neg_rec": 0.6458607095926413,
    "pos_rec": 0.614950634696756,
    "neg_f": 0.5914560770156438,
    "pos_f": 0.6582788122798188,
    "tn": 983,
    "fp": 539,
    "fn": 819,
    "tp": 1308,
    "sensitivity": 0.614950634696756,
    "specificity": 0.6458607095926413,
    "acc": 0.6278432447245821
}