{
    "fbeta-1.0": 0.5578539107950872,
    "neg_prec": 0.5014526438117374,
    "pos_prec": 0.7354771784232366,
    "neg_rec": 0.6285506190823015,
    "pos_rec": 0.6230228471001757,
    "neg_f": 0.5578539107950872,
    "pos_f": 0.6745956232159848,
    "tn": 863,
    "fp": 510,
    "fn": 858,
    "tp": 1418,
    "sensitivity": 0.6230228471001757,
    "specificity": 0.6285506190823015,
    "acc": 0.6251027678816115
}