{
    "fbeta-1.0": 0.5255041518386715,
    "neg_prec": 0.455761316872428,
    "pos_prec": 0.6821114369501466,
    "neg_rec": 0.6204481792717087,
    "pos_rec": 0.5236380009004953,
    "neg_f": 0.5255041518386715,
    "pos_f": 0.5924605196128375,
    "tn": 886,
    "fp": 542,
    "fn": 1058,
    "tp": 1163,
    "sensitivity": 0.5236380009004953,
    "specificity": 0.6204481792717087,
    "acc": 0.5615237051246917
}