{
    "fbeta-1.0": 0.5414467556659422,
    "neg_prec": 0.4726287262872629,
    "pos_prec": 0.720620842572062,
    "neg_rec": 0.6337209302325582,
    "pos_rec": 0.5719313682358117,
    "neg_f": 0.5414467556659422,
    "pos_f": 0.6377238165317636,
    "tn": 872,
    "fp": 504,
    "fn": 973,
    "tp": 1300,
    "sensitivity": 0.5719313682358117,
    "specificity": 0.6337209302325582,
    "acc": 0.595231570293231
}