{
    "fbeta-1.0": 0.5406824146981627,
    "neg_prec": 0.48457919498170415,
    "pos_prec": 0.6607142857142857,
    "neg_rec": 0.6114775725593667,
    "pos_rec": 0.5377402719174871,
    "neg_f": 0.5406824146981627,
    "pos_f": 0.5929180666838977,
    "tn": 927,
    "fp": 589,
    "fn": 986,
    "tp": 1147,
    "sensitivity": 0.5377402719174871,
    "specificity": 0.6114775725593667,
    "acc": 0.5683748972321184
}