{
    "fbeta-1.0": 0.6083095464636853,
    "neg_prec": 0.5601635514018691,
    "pos_prec": 0.7511615900877646,
    "neg_rec": 0.6655100624566274,
    "pos_rec": 0.6589673913043478,
    "neg_f": 0.6083095464636853,
    "pos_f": 0.7020506634499397,
    "tn": 959,
    "fp": 482,
    "fn": 753,
    "tp": 1455,
    "sensitivity": 0.6589673913043478,
    "specificity": 0.6655100624566274,
    "acc": 0.6615511098931214
}