{
    "fbeta-1.0": 0.5791225416036309,
    "neg_prec": 0.5316666666666666,
    "pos_prec": 0.7036235803136831,
    "neg_rec": 0.6358803986710964,
    "pos_rec": 0.6068097014925373,
    "neg_f": 0.5791225416036309,
    "pos_f": 0.6516403706486351,
    "tn": 957,
    "fp": 548,
    "fn": 843,
    "tp": 1301,
    "sensitivity": 0.6068097014925373,
    "specificity": 0.6358803986710964,
    "acc": 0.6187996711427789
}