{
    "fbeta-1.0": 0.5332906530089628,
    "neg_prec": 0.45718990120746433,
    "pos_prec": 0.7432950191570882,
    "neg_rec": 0.6397849462365591,
    "pos_rec": 0.5786109927567107,
    "neg_f": 0.5332906530089628,
    "pos_f": 0.6506947771921419,
    "tn": 833,
    "fp": 469,
    "fn": 989,
    "tp": 1358,
    "sensitivity": 0.5786109927567107,
    "specificity": 0.6397849462365591,
    "acc": 0.6004384762948753
}