{
    "fbeta-1.0": 0.6327930174563591,
    "neg_prec": 0.5702247191011236,
    "pos_prec": 0.7790262172284644,
    "neg_rec": 0.7107843137254902,
    "pos_rec": 0.6555605583070689,
    "neg_f": 0.6327930174563591,
    "pos_f": 0.7119804400977995,
    "tn": 1015,
    "fp": 413,
    "fn": 765,
    "tp": 1456,
    "sensitivity": 0.6555605583070689,
    "specificity": 0.7107843137254902,
    "acc": 0.6771718278980543
}