{
    "fbeta-1.0": 0.5752237943979209,
    "neg_prec": 0.535483870967742,
    "pos_prec": 0.6607043040804919,
    "neg_rec": 0.6213349968808484,
    "pos_rec": 0.5777126099706745,
    "neg_f": 0.5752237943979209,
    "pos_f": 0.6164276401564538,
    "tn": 996,
    "fp": 607,
    "fn": 864,
    "tp": 1182,
    "sensitivity": 0.5777126099706745,
    "specificity": 0.6213349968808484,
    "acc": 0.5968758563990134
}