{
    "fbeta-1.0": 0.667779632721202,
    "neg_prec": 0.631911532385466,
    "pos_prec": 0.7171428571428572,
    "neg_rec": 0.7079646017699115,
    "pos_rec": 0.642272262026612,
    "neg_f": 0.667779632721202,
    "pos_f": 0.6776457883369331,
    "tn": 1200,
    "fp": 495,
    "fn": 699,
    "tp": 1255,
    "sensitivity": 0.642272262026612,
    "specificity": 0.7079646017699115,
    "acc": 0.6727870649493012
}