{
    "fbeta-1.0": 0.5941289087428205,
    "neg_prec": 0.5286768881317433,
    "pos_prec": 0.7658898305084746,
    "neg_rec": 0.6780772032046614,
    "pos_rec": 0.6353251318101933,
    "neg_f": 0.5941289087428205,
    "pos_f": 0.6945244956772335,
    "tn": 931,
    "fp": 442,
    "fn": 830,
    "tp": 1446,
    "sensitivity": 0.6353251318101933,
    "specificity": 0.6780772032046614,
    "acc": 0.6514113455741299
}