{
    "fbeta-1.0": 0.5949670461354104,
    "neg_prec": 0.5597519729425028,
    "pos_prec": 0.6954666666666667,
    "neg_rec": 0.6349104859335039,
    "pos_rec": 0.6254196642685851,
    "neg_f": 0.5949670461354104,
    "pos_f": 0.6585858585858585,
    "tn": 993,
    "fp": 571,
    "fn": 781,
    "tp": 1304,
    "sensitivity": 0.6254196642685851,
    "specificity": 0.6349104859335039,
    "acc": 0.6294875308303645
}