{
    "fbeta-1.0": 0.48677248677248675,
    "neg_prec": 0.40618101545253865,
    "pos_prec": 0.7408818726183996,
    "neg_rec": 0.6072607260726073,
    "pos_rec": 0.5584735330324169,
    "neg_f": 0.48677248677248675,
    "pos_f": 0.6368741226017782,
    "tn": 736,
    "fp": 476,
    "fn": 1076,
    "tp": 1361,
    "sensitivity": 0.5584735330324169,
    "specificity": 0.6072607260726073,
    "acc": 0.574677993970951
}