{
    "fbeta-1.0": 0.6262747450509898,
    "neg_prec": 0.5742574257425742,
    "pos_prec": 0.742217367558711,
    "neg_rec": 0.6886543535620053,
    "pos_rec": 0.6371308016877637,
    "neg_f": 0.6262747450509898,
    "pos_f": 0.6856710393541876,
    "tn": 1044,
    "fp": 472,
    "fn": 774,
    "tp": 1359,
    "sensitivity": 0.6371308016877637,
    "specificity": 0.6886543535620053,
    "acc": 0.6585365853658537
}