{
    "fbeta-1.0": 0.56797583081571,
    "neg_prec": 0.4694783573806881,
    "pos_prec": 0.8207904710341094,
    "neg_rec": 0.7187765505522515,
    "pos_rec": 0.6132686084142395,
    "neg_f": 0.56797583081571,
    "pos_f": 0.702014355174809,
    "tn": 846,
    "fp": 331,
    "fn": 956,
    "tp": 1516,
    "sensitivity": 0.6132686084142395,
    "specificity": 0.7187765505522515,
    "acc": 0.6473006303096739
}