{
    "fbeta-1.0": 0.6521354933726068,
    "neg_prec": 0.6039279869067103,
    "pos_prec": 0.7494493392070485,
    "neg_rec": 0.7087067861715749,
    "pos_rec": 0.6521322472448491,
    "neg_f": 0.6521354933726068,
    "pos_f": 0.6974122469894953,
    "tn": 1107,
    "fp": 455,
    "fn": 726,
    "tp": 1361,
    "sensitivity": 0.6521322472448491,
    "specificity": 0.7087067861715749,
    "acc": 0.6763496848451631
}