{
    "fbeta-1.0": 0.6084686774941996,
    "neg_prec": 0.5889949466591803,
    "pos_prec": 0.6691648822269807,
    "neg_rec": 0.6292741451709658,
    "pos_rec": 0.6306760847628657,
    "neg_f": 0.6084686774941996,
    "pos_f": 0.6493506493506492,
    "tn": 1049,
    "fp": 618,
    "fn": 732,
    "tp": 1250,
    "sensitivity": 0.6306760847628657,
    "specificity": 0.6292741451709658,
    "acc": 0.6300356261989586
}