{
    "fbeta-1.0": 0.49397944199706323,
    "neg_prec": 0.4134709931170108,
    "pos_prec": 0.6718266253869969,
    "neg_rec": 0.613420860685631,
    "pos_rec": 0.47629499561018435,
    "neg_f": 0.49397944199706323,
    "pos_f": 0.5574107372206525,
    "tn": 841,
    "fp": 530,
    "fn": 1193,
    "tp": 1085,
    "sensitivity": 0.47629499561018435,
    "specificity": 0.613420860685631,
    "acc": 0.5278158399561523
}