{
    "fbeta-1.0": 0.5169319826338639,
    "neg_prec": 0.45794871794871794,
    "pos_prec": 0.6397881106533255,
    "neg_rec": 0.5933554817275748,
    "pos_rec": 0.5069962686567164,
    "neg_f": 0.5169319826338639,
    "pos_f": 0.565703877179287,
    "tn": 893,
    "fp": 612,
    "fn": 1057,
    "tp": 1087,
    "sensitivity": 0.5069962686567164,
    "specificity": 0.5933554817275748,
    "acc": 0.5426144149081941
}