{
    "fbeta-1.0": 0.585050029429076,
    "neg_prec": 0.5537604456824513,
    "pos_prec": 0.6715210355987055,
    "neg_rec": 0.6200873362445415,
    "pos_rec": 0.6085043988269795,
    "neg_f": 0.585050029429076,
    "pos_f": 0.6384615384615385,
    "tn": 994,
    "fp": 609,
    "fn": 801,
    "tp": 1245,
    "sensitivity": 0.6085043988269795,
    "specificity": 0.6200873362445415,
    "acc": 0.6135927651411346
}