{
    "fbeta-1.0": 0.631843926998112,
    "neg_prec": 0.5438786565547129,
    "pos_prec": 0.8180809761508597,
    "neg_rec": 0.7537537537537538,
    "pos_rec": 0.6365990504963315,
    "neg_f": 0.631843926998112,
    "pos_f": 0.7160194174757282,
    "tn": 1004,
    "fp": 328,
    "fn": 842,
    "tp": 1475,
    "sensitivity": 0.6365990504963315,
    "specificity": 0.7537537537537538,
    "acc": 0.6793642093724308
}