{
    "fbeta-1.0": 0.5761772853185596,
    "neg_prec": 0.4727272727272727,
    "pos_prec": 0.8433033350979354,
    "neg_rec": 0.7375886524822695,
    "pos_rec": 0.631892106307021,
    "neg_f": 0.5761772853185596,
    "pos_f": 0.7224489795918367,
    "tn": 832,
    "fp": 296,
    "fn": 928,
    "tp": 1593,
    "sensitivity": 0.631892106307021,
    "specificity": 0.7375886524822695,
    "acc": 0.6645656344203892
}