{
    "fbeta-1.0": 0.5193821043427573,
    "neg_prec": 0.42570473005255616,
    "pos_prec": 0.7127249357326478,
    "neg_rec": 0.6659192825112108,
    "pos_rec": 0.47987884032886197,
    "neg_f": 0.5193821043427573,
    "pos_f": 0.5735712438582881,
    "tn": 891,
    "fp": 447,
    "fn": 1202,
    "tp": 1109,
    "sensitivity": 0.47987884032886197,
    "specificity": 0.6659192825112108,
    "acc": 0.5480953685941354
}