{
    "fbeta-1.0": 0.6183574879227054,
    "neg_prec": 0.5324459234608985,
    "pos_prec": 0.8147345612134345,
    "neg_rec": 0.7373271889400922,
    "pos_rec": 0.6408180656156796,
    "neg_f": 0.6183574879227054,
    "pos_f": 0.7173861197233484,
    "tn": 960,
    "fp": 342,
    "fn": 843,
    "tp": 1504,
    "sensitivity": 0.6408180656156796,
    "specificity": 0.7373271889400922,
    "acc": 0.6752534941079747
}