{
    "fbeta-1.0": 0.6170009551098377,
    "neg_prec": 0.5215285252960172,
    "pos_prec": 0.824678950307091,
    "neg_rec": 0.7552611067809821,
    "pos_rec": 0.6242603550295858,
    "neg_f": 0.6170009551098377,
    "pos_f": 0.7106086119797932,
    "tn": 969,
    "fp": 314,
    "fn": 889,
    "tp": 1477,
    "sensitivity": 0.6242603550295858,
    "specificity": 0.7552611067809821,
    "acc": 0.6703206357906276
}