{
    "fbeta-1.0": 0.6029684601113172,
    "neg_prec": 0.5233494363929146,
    "pos_prec": 0.7782754759238522,
    "neg_rec": 0.7111597374179431,
    "pos_rec": 0.6101843722563652,
    "neg_f": 0.6029684601113172,
    "pos_f": 0.6840551181102362,
    "tn": 975,
    "fp": 396,
    "fn": 888,
    "tp": 1390,
    "sensitivity": 0.6101843722563652,
    "specificity": 0.7111597374179431,
    "acc": 0.6481227733625651
}