{
    "fbeta-1.0": 0.6602263317692519,
    "neg_prec": 0.6304691618344754,
    "pos_prec": 0.6974885844748858,
    "neg_rec": 0.6929316338354577,
    "pos_rec": 0.6354654186167447,
    "neg_f": 0.6602263317692519,
    "pos_f": 0.6650340136054421,
    "tn": 1196,
    "fp": 530,
    "fn": 701,
    "tp": 1222,
    "sensitivity": 0.6354654186167447,
    "specificity": 0.6929316338354577,
    "acc": 0.6626473006303096
}