{
    "fbeta-1.0": 0.5721889554224884,
    "neg_prec": 0.4991294254207777,
    "pos_prec": 0.780373831775701,
    "neg_rec": 0.6703039750584567,
    "pos_rec": 0.6352493660185968,
    "neg_f": 0.5721889554224884,
    "pos_f": 0.700372786579683,
    "tn": 860,
    "fp": 423,
    "fn": 863,
    "tp": 1503,
    "sensitivity": 0.6352493660185968,
    "specificity": 0.6703039750584567,
    "acc": 0.647574677993971
}