{
    "fbeta-1.0": 0.6808883693746347,
    "neg_prec": 0.640461792193513,
    "pos_prec": 0.760655737704918,
    "neg_rec": 0.7267623206487835,
    "pos_rec": 0.6803519061583577,
    "neg_f": 0.6808883693746347,
    "pos_f": 0.718266253869969,
    "tn": 1165,
    "fp": 438,
    "fn": 654,
    "tp": 1392,
    "sensitivity": 0.6803519061583577,
    "specificity": 0.7267623206487835,
    "acc": 0.700739928747602
}