{
    "fbeta-1.0": 0.6341176470588235,
    "neg_prec": 0.615648201027984,
    "pos_prec": 0.6991570073761855,
    "neg_rec": 0.6537295330503335,
    "pos_rec": 0.6635,
    "neg_f": 0.6341176470588235,
    "pos_f": 0.680861980502822,
    "tn": 1078,
    "fp": 571,
    "fn": 673,
    "tp": 1327,
    "sensitivity": 0.6635,
    "specificity": 0.6537295330503335,
    "acc": 0.6590846807344478
}