{
    "fbeta-1.0": 0.5092821782178218,
    "neg_prec": 0.4517014270032931,
    "pos_prec": 0.6787082649151615,
    "neg_rec": 0.5836879432624114,
    "pos_rec": 0.5538186690486825,
    "neg_f": 0.5092821782178218,
    "pos_f": 0.6099360550909986,
    "tn": 823,
    "fp": 587,
    "fn": 999,
    "tp": 1240,
    "sensitivity": 0.5538186690486825,
    "specificity": 0.5836879432624114,
    "acc": 0.5653603727048506
}