{
    "fbeta-1.0": 0.5788804071246819,
    "neg_prec": 0.5055555555555555,
    "pos_prec": 0.7652785289345592,
    "neg_rec": 0.6770833333333334,
    "pos_rec": 0.613882863340564,
    "neg_f": 0.5788804071246819,
    "pos_f": 0.6812710640346653,
    "tn": 910,
    "fp": 434,
    "fn": 890,
    "tp": 1415,
    "sensitivity": 0.613882863340564,
    "specificity": 0.6770833333333334,
    "acc": 0.6371608659906823
}