{
    "fbeta-1.0": 0.5103011093502376,
    "neg_prec": 0.44450579790171174,
    "pos_prec": 0.7067464635473341,
    "neg_rec": 0.5989583333333334,
    "pos_rec": 0.5635574837310195,
    "neg_f": 0.5103011093502376,
    "pos_f": 0.6270818247646632,
    "tn": 805,
    "fp": 539,
    "fn": 1006,
    "tp": 1299,
    "sensitivity": 0.5635574837310195,
    "specificity": 0.5989583333333334,
    "acc": 0.5765963277610304
}