{
    "fbeta-1.0": 0.5169743895175699,
    "neg_prec": 0.43727959697733,
    "pos_prec": 0.6965144230769231,
    "neg_rec": 0.6321922796795338,
    "pos_rec": 0.5092267135325131,
    "neg_f": 0.5169743895175699,
    "pos_f": 0.5883248730964467,
    "tn": 868,
    "fp": 505,
    "fn": 1117,
    "tp": 1159,
    "sensitivity": 0.5092267135325131,
    "specificity": 0.6321922796795338,
    "acc": 0.5554946560701562
}