{
    "fbeta-1.0": 0.6115802171290712,
    "neg_prec": 0.5781071835803877,
    "pos_prec": 0.7108179419525066,
    "neg_rec": 0.649167733674776,
    "pos_rec": 0.6454240536655487,
    "neg_f": 0.6115802171290712,
    "pos_f": 0.676544450025113,
    "tn": 1014,
    "fp": 548,
    "fn": 740,
    "tp": 1347,
    "sensitivity": 0.6454240536655487,
    "specificity": 0.649167733674776,
    "acc": 0.6470265826253768
}