{
    "fbeta-1.0": 0.5436164067013287,
    "neg_prec": 0.464461994076999,
    "pos_prec": 0.6950092421441775,
    "neg_rec": 0.6552924791086351,
    "pos_rec": 0.5097153185720741,
    "neg_f": 0.5436164067013287,
    "pos_f": 0.5881126173096975,
    "tn": 941,
    "fp": 495,
    "fn": 1085,
    "tp": 1128,
    "sensitivity": 0.5097153185720741,
    "specificity": 0.6552924791086351,
    "acc": 0.567004658810633
}