{
    "fbeta-1.0": 0.6621992080414255,
    "neg_prec": 0.5885219274499188,
    "pos_prec": 0.8063263041065483,
    "neg_rec": 0.7569637883008357,
    "pos_rec": 0.6565747853592409,
    "neg_f": 0.6621992080414255,
    "pos_f": 0.7237858032378581,
    "tn": 1087,
    "fp": 349,
    "fn": 760,
    "tp": 1453,
    "sensitivity": 0.6565747853592409,
    "specificity": 0.7569637883008357,
    "acc": 0.696081118114552
}