{
    "fbeta-1.0": 0.6263432606693276,
    "neg_prec": 0.5422647527910686,
    "pos_prec": 0.7986425339366516,
    "neg_rec": 0.7412790697674418,
    "pos_rec": 0.6212054553453585,
    "neg_f": 0.6263432606693276,
    "pos_f": 0.6988369215540707,
    "tn": 1020,
    "fp": 356,
    "fn": 861,
    "tp": 1412,
    "sensitivity": 0.6212054553453585,
    "specificity": 0.7412790697674418,
    "acc": 0.6664839682104686
}