{
    "fbeta-1.0": 0.5830005704506561,
    "neg_prec": 0.5741573033707865,
    "pos_prec": 0.6233279828785446,
    "neg_rec": 0.5921205098493627,
    "pos_rec": 0.6058242329693188,
    "neg_f": 0.5830005704506561,
    "pos_f": 0.614451476793249,
    "tn": 1022,
    "fp": 704,
    "fn": 758,
    "tp": 1165,
    "sensitivity": 0.6058242329693188,
    "specificity": 0.5921205098493627,
    "acc": 0.599342285557687
}