{
    "fbeta-1.0": 0.5290933694181326,
    "neg_prec": 0.44839449541284404,
    "pos_prec": 0.7742782152230971,
    "neg_rec": 0.6452145214521452,
    "pos_rec": 0.6052523594583504,
    "neg_f": 0.5290933694181326,
    "pos_f": 0.6794104099493321,
    "tn": 782,
    "fp": 430,
    "fn": 962,
    "tp": 1475,
    "sensitivity": 0.6052523594583504,
    "specificity": 0.6452145214521452,
    "acc": 0.6185256234584817
}