{
    "fbeta-1.0": 0.5411042944785276,
    "neg_prec": 0.4574688796680498,
    "pos_prec": 0.7385241138872748,
    "neg_rec": 0.6621621621621622,
    "pos_rec": 0.5485541648683643,
    "neg_f": 0.5411042944785276,
    "pos_f": 0.6295195641406637,
    "tn": 882,
    "fp": 450,
    "fn": 1046,
    "tp": 1271,
    "sensitivity": 0.5485541648683643,
    "specificity": 0.6621621621621622,
    "acc": 0.5900246642915867
}