{
    "fbeta-1.0": 0.570020295737895,
    "neg_prec": 0.5516273849607183,
    "pos_prec": 0.6336368505623996,
    "neg_rec": 0.5896820635872826,
    "pos_rec": 0.5968718466195762,
    "neg_f": 0.570020295737895,
    "pos_f": 0.6147051182125227,
    "tn": 983,
    "fp": 684,
    "fn": 799,
    "tp": 1183,
    "sensitivity": 0.5968718466195762,
    "specificity": 0.5896820635872826,
    "acc": 0.5935872841874487
}