{
    "fbeta-1.0": 0.6624813153961137,
    "neg_prec": 0.6057955166757791,
    "pos_prec": 0.7758241758241758,
    "neg_rec": 0.7308707124010554,
    "pos_rec": 0.6619784341303329,
    "neg_f": 0.6624813153961137,
    "pos_f": 0.7143941310397167,
    "tn": 1108,
    "fp": 408,
    "fn": 721,
    "tp": 1412,
    "sensitivity": 0.6619784341303329,
    "specificity": 0.7308707124010554,
    "acc": 0.6906001644286106
}