{
    "fbeta-1.0": 0.5765102729224165,
    "neg_prec": 0.5386819484240688,
    "pos_prec": 0.6974789915966386,
    "neg_rec": 0.6200527704485488,
    "pos_rec": 0.6225972808251289,
    "neg_f": 0.5765102729224165,
    "pos_f": 0.6579142927916769,
    "tn": 940,
    "fp": 576,
    "fn": 805,
    "tp": 1328,
    "sensitivity": 0.6225972808251289,
    "specificity": 0.6200527704485488,
    "acc": 0.6215401479857495
}