{
    "fbeta-1.0": 0.47457627118644063,
    "neg_prec": 0.38051282051282054,
    "pos_prec": 0.7439670394349618,
    "neg_rec": 0.6304163126593033,
    "pos_rec": 0.511326860841424,
    "neg_f": 0.47457627118644063,
    "pos_f": 0.6060896667465836,
    "tn": 742,
    "fp": 435,
    "fn": 1208,
    "tp": 1264,
    "sensitivity": 0.511326860841424,
    "specificity": 0.6304163126593033,
    "acc": 0.5497396546999178
}