{
    "fbeta-1.0": 0.5206349206349206,
    "neg_prec": 0.4614518851997749,
    "pos_prec": 0.7045940170940171,
    "neg_rec": 0.5972323379461034,
    "pos_rec": 0.5795254833040422,
    "neg_f": 0.5206349206349206,
    "pos_f": 0.6359691417550627,
    "tn": 820,
    "fp": 553,
    "fn": 957,
    "tp": 1319,
    "sensitivity": 0.5795254833040422,
    "specificity": 0.5972323379461034,
    "acc": 0.5861879967114277
}