{
    "fbeta-1.0": 0.6570397111913358,
    "neg_prec": 0.5799256505576208,
    "pos_prec": 0.8023782559456398,
    "neg_rec": 0.7578070784177654,
    "pos_rec": 0.6417572463768116,
    "neg_f": 0.6570397111913358,
    "pos_f": 0.7131353799698038,
    "tn": 1092,
    "fp": 349,
    "fn": 791,
    "tp": 1417,
    "sensitivity": 0.6417572463768116,
    "specificity": 0.7578070784177654,
    "acc": 0.6875856399013428
}