{
    "fbeta-1.0": 0.5677941601618965,
    "neg_prec": 0.5296655879180151,
    "pos_prec": 0.6529247910863509,
    "neg_rec": 0.6118380062305296,
    "pos_rec": 0.5733855185909981,
    "neg_f": 0.5677941601618965,
    "pos_f": 0.6105756707475906,
    "tn": 982,
    "fp": 623,
    "fn": 872,
    "tp": 1172,
    "sensitivity": 0.5733855185909981,
    "specificity": 0.6118380062305296,
    "acc": 0.5902987119758838
}