{
    "fbeta-1.0": 0.5597826086956521,
    "neg_prec": 0.5271238485158649,
    "pos_prec": 0.5893805309734513,
    "neg_rec": 0.59675550405562,
    "pos_rec": 0.5195007800312013,
    "neg_f": 0.5597826086956521,
    "pos_f": 0.5522388059701493,
    "tn": 1030,
    "fp": 696,
    "fn": 924,
    "tp": 999,
    "sensitivity": 0.5195007800312013,
    "specificity": 0.59675550405562,
    "acc": 0.5560427514387504
}