{
    "fbeta-1.0": 0.5460060667340748,
    "neg_prec": 0.4438356164383562,
    "pos_prec": 0.8179824561403509,
    "neg_rec": 0.7092819614711033,
    "pos_rec": 0.5951336258476266,
    "neg_f": 0.5460060667340748,
    "pos_f": 0.688986377280074,
    "tn": 810,
    "fp": 332,
    "fn": 1015,
    "tp": 1492,
    "sensitivity": 0.5951336258476266,
    "specificity": 0.7092819614711033,
    "acc": 0.6308577692518498
}