{
    "fbeta-1.0": 0.5032301938116287,
    "neg_prec": 0.42799305957200695,
    "pos_prec": 0.7541666666666667,
    "neg_rec": 0.6105610561056105,
    "pos_rec": 0.5941731637258925,
    "neg_f": 0.5032301938116287,
    "pos_f": 0.6646775304108331,
    "tn": 740,
    "fp": 472,
    "fn": 989,
    "tp": 1448,
    "sensitivity": 0.5941731637258925,
    "specificity": 0.6105610561056105,
    "acc": 0.5996163332419842
}