{
    "fbeta-1.0": 0.482235253535702,
    "neg_prec": 0.39783722253841775,
    "pos_prec": 0.7658562367864693,
    "neg_rec": 0.6120840630472855,
    "pos_rec": 0.5779816513761468,
    "neg_f": 0.482235253535702,
    "pos_f": 0.6587860877472153,
    "tn": 699,
    "fp": 443,
    "fn": 1058,
    "tp": 1449,
    "sensitivity": 0.5779816513761468,
    "specificity": 0.6120840630472855,
    "acc": 0.5886544258701014
}