{
    "fbeta-1.0": 0.4884071062932852,
    "neg_prec": 0.40774258421317244,
    "pos_prec": 0.686144578313253,
    "neg_rec": 0.6088588588588588,
    "pos_rec": 0.4915839447561502,
    "neg_f": 0.4884071062932852,
    "pos_f": 0.5727935629871763,
    "tn": 811,
    "fp": 521,
    "fn": 1178,
    "tp": 1139,
    "sensitivity": 0.4915839447561502,
    "specificity": 0.6088588588588588,
    "acc": 0.534392984379282
}