{
    "fbeta-1.0": 0.5586519766688269,
    "neg_prec": 0.49144811858608894,
    "pos_prec": 0.7519788918205804,
    "neg_rec": 0.6471471471471472,
    "pos_rec": 0.6150194216659474,
    "neg_f": 0.5586519766688269,
    "pos_f": 0.6766381766381766,
    "tn": 862,
    "fp": 470,
    "fn": 892,
    "tp": 1425,
    "sensitivity": 0.6150194216659474,
    "specificity": 0.6471471471471472,
    "acc": 0.6267470539873938
}