{
    "fbeta-1.0": 0.5789056304520221,
    "neg_prec": 0.5302663438256658,
    "pos_prec": 0.6066919191919192,
    "neg_rec": 0.6373690337601863,
    "pos_rec": 0.49766960124287934,
    "neg_f": 0.5789056304520221,
    "pos_f": 0.5467994310099573,
    "tn": 1095,
    "fp": 623,
    "fn": 970,
    "tp": 961,
    "sensitivity": 0.49766960124287934,
    "specificity": 0.6373690337601863,
    "acc": 0.5634420389147712
}