{
    "fbeta-1.0": 0.6332518337408313,
    "neg_prec": 0.5449763282482903,
    "pos_prec": 0.8083524027459954,
    "neg_rec": 0.7556528081692195,
    "pos_rec": 0.6202809482001755,
    "neg_f": 0.6332518337408313,
    "pos_f": 0.7019374068554397,
    "tn": 1036,
    "fp": 335,
    "fn": 865,
    "tp": 1413,
    "sensitivity": 0.6202809482001755,
    "specificity": 0.7556528081692195,
    "acc": 0.6711427788435188
}