{
    "fbeta-1.0": 0.5839502517026948,
    "neg_prec": 0.5564334085778782,
    "pos_prec": 0.6702184336707512,
    "neg_rec": 0.6143302180685358,
    "pos_rec": 0.6154598825831703,
    "neg_f": 0.5839502517026948,
    "pos_f": 0.6416730425911756,
    "tn": 986,
    "fp": 619,
    "fn": 786,
    "tp": 1258,
    "sensitivity": 0.6154598825831703,
    "specificity": 0.6143302180685358,
    "acc": 0.6149630035626199
}