{
    "fbeta-1.0": 0.627124078230202,
    "neg_prec": 0.5478991596638656,
    "pos_prec": 0.8090128755364807,
    "neg_rec": 0.7331334332833583,
    "pos_rec": 0.6514038876889848,
    "neg_f": 0.627124078230202,
    "pos_f": 0.7217037568796363,
    "tn": 978,
    "fp": 356,
    "fn": 807,
    "tp": 1508,
    "sensitivity": 0.6514038876889848,
    "specificity": 0.7331334332833583,
    "acc": 0.6812825431625102
}