{
    "fbeta-1.0": 0.5435001679543165,
    "neg_prec": 0.47756788665879574,
    "pos_prec": 0.7575447570332481,
    "neg_rec": 0.6305533904910366,
    "pos_rec": 0.6259509721048182,
    "neg_f": 0.5435001679543165,
    "pos_f": 0.6854894700300856,
    "tn": 809,
    "fp": 474,
    "fn": 885,
    "tp": 1481,
    "sensitivity": 0.6259509721048182,
    "specificity": 0.6305533904910366,
    "acc": 0.627569197040285
}