{
    "fbeta-1.0": 0.6261261261261263,
    "neg_prec": 0.6089813800657174,
    "pos_prec": 0.6631925397696106,
    "neg_rec": 0.6442641946697567,
    "pos_rec": 0.6287051482059283,
    "neg_f": 0.6261261261261263,
    "pos_f": 0.6454885210891618,
    "tn": 1112,
    "fp": 614,
    "fn": 714,
    "tp": 1209,
    "sensitivity": 0.6287051482059283,
    "specificity": 0.6442641946697567,
    "acc": 0.6360646752534941
}