{
    "fbeta-1.0": 0.5780173704702006,
    "neg_prec": 0.5430500844119303,
    "pos_prec": 0.6810897435897436,
    "neg_rec": 0.617797695262484,
    "pos_rec": 0.610924772400575,
    "neg_f": 0.5780173704702006,
    "pos_f": 0.6441020459712049,
    "tn": 965,
    "fp": 597,
    "fn": 812,
    "tp": 1275,
    "sensitivity": 0.610924772400575,
    "specificity": 0.617797695262484,
    "acc": 0.6138668128254317
}