{
    "fbeta-1.0": 0.5883328725463091,
    "neg_prec": 0.5602948920484465,
    "pos_prec": 0.6262857142857143,
    "neg_rec": 0.619324796274738,
    "pos_rec": 0.5675815639564992,
    "neg_f": 0.5883328725463091,
    "pos_f": 0.595490355881554,
    "tn": 1064,
    "fp": 654,
    "fn": 835,
    "tp": 1096,
    "sensitivity": 0.5675815639564992,
    "specificity": 0.619324796274738,
    "acc": 0.5919429980816662
}