{
    "fbeta-1.0": 0.5796421237899677,
    "neg_prec": 0.5671641791044776,
    "pos_prec": 0.6439433665443104,
    "neg_rec": 0.5926814637072585,
    "pos_rec": 0.6195761856710393,
    "neg_f": 0.5796421237899677,
    "pos_f": 0.6315248135767549,
    "tn": 988,
    "fp": 679,
    "fn": 754,
    "tp": 1228,
    "sensitivity": 0.6195761856710393,
    "specificity": 0.5926814637072585,
    "acc": 0.607289668402302
}