{
    "fbeta-1.0": 0.592854843900869,
    "neg_prec": 0.5102493074792244,
    "pos_prec": 0.7933839479392625,
    "neg_rec": 0.7073732718894009,
    "pos_rec": 0.6233489561141883,
    "neg_f": 0.592854843900869,
    "pos_f": 0.6981627296587926,
    "tn": 921,
    "fp": 381,
    "fn": 884,
    "tp": 1463,
    "sensitivity": 0.6233489561141883,
    "specificity": 0.7073732718894009,
    "acc": 0.6533296793642094
}