{
    "fbeta-1.0": 0.5804816223067175,
    "neg_prec": 0.5325581395348837,
    "pos_prec": 0.7304302747537584,
    "neg_rec": 0.637883008356546,
    "pos_rec": 0.6366922729326706,
    "neg_f": 0.5804816223067175,
    "pos_f": 0.6803476581361662,
    "tn": 916,
    "fp": 520,
    "fn": 804,
    "tp": 1409,
    "sensitivity": 0.6366922729326706,
    "specificity": 0.637883008356546,
    "acc": 0.6371608659906823
}