{
    "fbeta-1.0": 0.5146537842190017,
    "neg_prec": 0.43852908891328213,
    "pos_prec": 0.7350848385331143,
    "neg_rec": 0.622759158222915,
    "pos_rec": 0.5676246830092984,
    "neg_f": 0.5146537842190017,
    "pos_f": 0.6405914619604102,
    "tn": 799,
    "fp": 484,
    "fn": 1023,
    "tp": 1343,
    "sensitivity": 0.5676246830092984,
    "specificity": 0.622759158222915,
    "acc": 0.587010139764319
}