{
    "fbeta-1.0": 0.5395436073773054,
    "neg_prec": 0.4895065229722065,
    "pos_prec": 0.6961823966065748,
    "neg_rec": 0.600974930362117,
    "pos_rec": 0.5933122458201536,
    "neg_f": 0.5395436073773054,
    "pos_f": 0.6406440595267138,
    "tn": 863,
    "fp": 573,
    "fn": 900,
    "tp": 1313,
    "sensitivity": 0.5933122458201536,
    "specificity": 0.600974930362117,
    "acc": 0.5963277610304193
}