{
    "fbeta-1.0": 0.609308885754584,
    "neg_prec": 0.5911330049261084,
    "pos_prec": 0.6498353457738749,
    "neg_rec": 0.6286379511059371,
    "pos_rec": 0.61315380631797,
    "neg_f": 0.609308885754584,
    "pos_f": 0.6309618971489475,
    "tn": 1080,
    "fp": 638,
    "fn": 747,
    "tp": 1184,
    "sensitivity": 0.61315380631797,
    "specificity": 0.6286379511059371,
    "acc": 0.6204439572485613
}