{
    "fbeta-1.0": 0.6270009060706735,
    "neg_prec": 0.5941614195764167,
    "pos_prec": 0.7234490010515248,
    "neg_rec": 0.6636828644501279,
    "pos_rec": 0.6599520383693046,
    "neg_f": 0.6270009060706735,
    "pos_f": 0.6902432906947581,
    "tn": 1038,
    "fp": 526,
    "fn": 709,
    "tp": 1376,
    "sensitivity": 0.6599520383693046,
    "specificity": 0.6636828644501279,
    "acc": 0.6615511098931214
}