{
    "fbeta-1.0": 0.543854502786741,
    "neg_prec": 0.47103658536585363,
    "pos_prec": 0.6942296252230815,
    "neg_rec": 0.6433032616238723,
    "pos_rec": 0.5285326086956522,
    "neg_f": 0.543854502786741,
    "pos_f": 0.6001542813062485,
    "tn": 927,
    "fp": 514,
    "fn": 1041,
    "tp": 1167,
    "sensitivity": 0.5285326086956522,
    "specificity": 0.6433032616238723,
    "acc": 0.5738558509180598
}