{
    "fbeta-1.0": 0.5608308605341247,
    "neg_prec": 0.5232558139534884,
    "pos_prec": 0.6641345632121541,
    "neg_rec": 0.6042199488491049,
    "pos_rec": 0.5870503597122302,
    "neg_f": 0.5608308605341247,
    "pos_f": 0.6232179226069247,
    "tn": 945,
    "fp": 619,
    "fn": 861,
    "tp": 1224,
    "sensitivity": 0.5870503597122302,
    "specificity": 0.6042199488491049,
    "acc": 0.5944094272403398
}