{
    "fbeta-1.0": 0.47191780821917806,
    "neg_prec": 0.3875140607424072,
    "pos_prec": 0.757883484767504,
    "neg_rec": 0.6033274956217163,
    "pos_rec": 0.5656162744315916,
    "neg_f": 0.47191780821917806,
    "pos_f": 0.6477843764275926,
    "tn": 689,
    "fp": 453,
    "fn": 1089,
    "tp": 1418,
    "sensitivity": 0.5656162744315916,
    "specificity": 0.6033274956217163,
    "acc": 0.5774184708139216
}