{
    "fbeta-1.0": 0.5696732756213347,
    "neg_prec": 0.5329153605015674,
    "pos_prec": 0.6270893371757925,
    "neg_rec": 0.611877624475105,
    "pos_rec": 0.5489404641775983,
    "neg_f": 0.5696732756213347,
    "pos_f": 0.5854183481302124,
    "tn": 1020,
    "fp": 647,
    "fn": 894,
    "tp": 1088,
    "sensitivity": 0.5489404641775983,
    "specificity": 0.611877624475105,
    "acc": 0.5776925184982187
}