{
    "fbeta-1.0": 0.46685516808042726,
    "neg_prec": 0.36403723664870163,
    "pos_prec": 0.7518656716417911,
    "neg_rec": 0.6506129597197898,
    "pos_rec": 0.48224970083765456,
    "neg_f": 0.46685516808042726,
    "pos_f": 0.5876063183475091,
    "tn": 743,
    "fp": 399,
    "fn": 1298,
    "tp": 1209,
    "sensitivity": 0.48224970083765456,
    "specificity": 0.6506129597197898,
    "acc": 0.5349410797478761
}