{
    "fbeta-1.0": 0.5292785506308638,
    "neg_prec": 0.46662863662293214,
    "pos_prec": 0.7257383966244726,
    "neg_rec": 0.6113602391629297,
    "pos_rec": 0.595413241021203,
    "neg_f": 0.5292785506308638,
    "pos_f": 0.6541478488233896,
    "tn": 818,
    "fp": 520,
    "fn": 935,
    "tp": 1376,
    "sensitivity": 0.595413241021203,
    "specificity": 0.6113602391629297,
    "acc": 0.6012606193477665
}