{
    "fbeta-1.0": 0.501682471703885,
    "neg_prec": 0.39366298607777245,
    "pos_prec": 0.7662835249042146,
    "neg_rec": 0.6913996627318718,
    "pos_rec": 0.48721071863581,
    "neg_f": 0.501682471703885,
    "pos_f": 0.5956813104988832,
    "tn": 820,
    "fp": 366,
    "fn": 1263,
    "tp": 1200,
    "sensitivity": 0.48721071863581,
    "specificity": 0.6913996627318718,
    "acc": 0.5535763222800767
}