{
    "fbeta-1.0": 0.5436496350364964,
    "neg_prec": 0.49973161567364466,
    "pos_prec": 0.6466965285554311,
    "neg_rec": 0.5960307298335468,
    "pos_rec": 0.5534259702922856,
    "neg_f": 0.5436496350364964,
    "pos_f": 0.5964368706429124,
    "tn": 931,
    "fp": 631,
    "fn": 932,
    "tp": 1155,
    "sensitivity": 0.5534259702922856,
    "specificity": 0.5960307298335468,
    "acc": 0.5716634694436832
}