{
    "fbeta-1.0": 0.6525073746312684,
    "neg_prec": 0.6196078431372549,
    "pos_prec": 0.7322961373390557,
    "neg_rec": 0.6890965732087228,
    "pos_rec": 0.6678082191780822,
    "neg_f": 0.6525073746312684,
    "pos_f": 0.6985670419651996,
    "tn": 1106,
    "fp": 499,
    "fn": 679,
    "tp": 1365,
    "sensitivity": 0.6678082191780822,
    "specificity": 0.6890965732087228,
    "acc": 0.6771718278980543
}