{
    "fbeta-1.0": 0.5919165580182529,
    "neg_prec": 0.48016922263352724,
    "pos_prec": 0.8469852104664392,
    "neg_rec": 0.7714528462192014,
    "pos_rec": 0.6023462783171522,
    "neg_f": 0.5919165580182529,
    "pos_f": 0.7040189125295508,
    "tn": 908,
    "fp": 269,
    "fn": 983,
    "tp": 1489,
    "sensitivity": 0.6023462783171522,
    "specificity": 0.7714528462192014,
    "acc": 0.6568922992600712
}