{
    "fbeta-1.0": 0.4945382323733863,
    "neg_prec": 0.39461172741679873,
    "pos_prec": 0.7830296127562643,
    "neg_rec": 0.6622340425531915,
    "pos_rec": 0.5454184847282825,
    "neg_f": 0.4945382323733863,
    "pos_f": 0.6429740472293665,
    "tn": 747,
    "fp": 381,
    "fn": 1146,
    "tp": 1375,
    "sensitivity": 0.5454184847282825,
    "specificity": 0.6622340425531915,
    "acc": 0.5815291860783777
}