{
    "fbeta-1.0": 0.5455088033422859,
    "neg_prec": 0.5370152761457109,
    "pos_prec": 0.6224961479198767,
    "neg_rec": 0.5542753183747726,
    "pos_rec": 0.606,
    "neg_f": 0.5455088033422859,
    "pos_f": 0.6141373194831519,
    "tn": 914,
    "fp": 735,
    "fn": 788,
    "tp": 1212,
    "sensitivity": 0.606,
    "specificity": 0.5542753183747726,
    "acc": 0.5826253768155659
}