{
    "fbeta-1.0": 0.5997357992073976,
    "neg_prec": 0.47789473684210526,
    "pos_prec": 0.8742138364779874,
    "neg_rec": 0.8049645390070922,
    "pos_rec": 0.6065053550178501,
    "neg_f": 0.5997357992073976,
    "pos_f": 0.7161592505854801,
    "tn": 908,
    "fp": 220,
    "fn": 992,
    "tp": 1529,
    "sensitivity": 0.6065053550178501,
    "specificity": 0.8049645390070922,
    "acc": 0.6678542066319539
}