{
    "fbeta-1.0": 0.6779459780350253,
    "neg_prec": 0.6126609442060086,
    "pos_prec": 0.7966386554621848,
    "neg_rec": 0.7588039867109635,
    "pos_rec": 0.6632462686567164,
    "neg_f": 0.6779459780350253,
    "pos_f": 0.7238483074573684,
    "tn": 1142,
    "fp": 363,
    "fn": 722,
    "tp": 1422,
    "sensitivity": 0.6632462686567164,
    "specificity": 0.7588039867109635,
    "acc": 0.7026582625376816
}