{
    "fbeta-1.0": 0.48133595284872305,
    "neg_prec": 0.39158231220031964,
    "pos_prec": 0.7505643340857788,
    "neg_rec": 0.6244689889549703,
    "pos_rec": 0.5380258899676376,
    "neg_f": 0.48133595284872305,
    "pos_f": 0.6267672007540056,
    "tn": 735,
    "fp": 442,
    "fn": 1142,
    "tp": 1330,
    "sensitivity": 0.5380258899676376,
    "specificity": 0.6244689889549703,
    "acc": 0.5659084680734447
}