{
    "fbeta-1.0": 0.5800621293419939,
    "neg_prec": 0.5563380281690141,
    "pos_prec": 0.6295063782584581,
    "neg_rec": 0.6058997050147492,
    "pos_rec": 0.5808597748208802,
    "neg_f": 0.5800621293419939,
    "pos_f": 0.6042054830982166,
    "tn": 1027,
    "fp": 668,
    "fn": 819,
    "tp": 1135,
    "sensitivity": 0.5808597748208802,
    "specificity": 0.6058997050147492,
    "acc": 0.5924910934502603
}