{
    "fbeta-1.0": 0.5604329524954901,
    "neg_prec": 0.4944297082228117,
    "pos_prec": 0.7114512471655329,
    "neg_rec": 0.6467730742539903,
    "pos_rec": 0.5683876811594203,
    "neg_f": 0.5604329524954901,
    "pos_f": 0.6319234642497482,
    "tn": 932,
    "fp": 509,
    "fn": 953,
    "tp": 1255,
    "sensitivity": 0.5683876811594203,
    "specificity": 0.6467730742539903,
    "acc": 0.599342285557687
}