{
    "fbeta-1.0": 0.46811224489795916,
    "neg_prec": 0.3655378486055777,
    "pos_prec": 0.7599024984765387,
    "neg_rec": 0.650709219858156,
    "pos_rec": 0.4946449821499405,
    "neg_f": 0.46811224489795916,
    "pos_f": 0.5992311388755407,
    "tn": 734,
    "fp": 394,
    "fn": 1274,
    "tp": 1247,
    "sensitivity": 0.4946449821499405,
    "specificity": 0.650709219858156,
    "acc": 0.5428884625924911
}