{
    "fbeta-1.0": 0.5382700684505288,
    "neg_prec": 0.479490022172949,
    "pos_prec": 0.7046070460704607,
    "neg_rec": 0.6134751773049646,
    "pos_rec": 0.5806163465832961,
    "neg_f": 0.5382700684505288,
    "pos_f": 0.6366307541625856,
    "tn": 865,
    "fp": 545,
    "fn": 939,
    "tp": 1300,
    "sensitivity": 0.5806163465832961,
    "specificity": 0.6134751773049646,
    "acc": 0.5933132365031516
}