{
    "fbeta-1.0": 0.5180829167891796,
    "neg_prec": 0.44249121044701156,
    "pos_prec": 0.6809408926417371,
    "neg_rec": 0.624822695035461,
    "pos_rec": 0.5042429656096472,
    "neg_f": 0.5180829167891796,
    "pos_f": 0.5794200667179882,
    "tn": 881,
    "fp": 529,
    "fn": 1110,
    "tp": 1129,
    "sensitivity": 0.5042429656096472,
    "specificity": 0.624822695035461,
    "acc": 0.5508358454371061
}