{
    "fbeta-1.0": 0.5377483443708609,
    "neg_prec": 0.44274809160305345,
    "pos_prec": 0.793939393939394,
    "neg_rec": 0.684654300168634,
    "pos_rec": 0.5850588712951685,
    "neg_f": 0.5377483443708609,
    "pos_f": 0.6736792893875643,
    "tn": 812,
    "fp": 374,
    "fn": 1022,
    "tp": 1441,
    "sensitivity": 0.5850588712951685,
    "specificity": 0.684654300168634,
    "acc": 0.6174294327212935
}