{
    "fbeta-1.0": 0.6058091286307054,
    "neg_prec": 0.5275152862701501,
    "pos_prec": 0.7918918918918919,
    "neg_rec": 0.7113943028485757,
    "pos_rec": 0.6328293736501079,
    "neg_f": 0.6058091286307054,
    "pos_f": 0.7034813925570228,
    "tn": 949,
    "fp": 385,
    "fn": 850,
    "tp": 1465,
    "sensitivity": 0.6328293736501079,
    "specificity": 0.7113943028485757,
    "acc": 0.6615511098931214
}