{
    "fbeta-1.0": 0.5042168674698795,
    "neg_prec": 0.4147670961347869,
    "pos_prec": 0.7148988350705089,
    "neg_rec": 0.6428571428571429,
    "pos_rec": 0.4968044311887516,
    "neg_f": 0.5042168674698795,
    "pos_f": 0.5862242332830568,
    "tn": 837,
    "fp": 465,
    "fn": 1181,
    "tp": 1166,
    "sensitivity": 0.4968044311887516,
    "specificity": 0.6428571428571429,
    "acc": 0.5489175116470266
}