{
    "fbeta-1.0": 0.6354820308043355,
    "neg_prec": 0.6151297625621204,
    "pos_prec": 0.6838955386289445,
    "neg_rec": 0.6572271386430678,
    "pos_rec": 0.6432958034800409,
    "neg_f": 0.6354820308043355,
    "pos_f": 0.6629746835443038,
    "tn": 1114,
    "fp": 581,
    "fn": 697,
    "tp": 1257,
    "sensitivity": 0.6432958034800409,
    "specificity": 0.6572271386430678,
    "acc": 0.6497670594683475
}