{
    "fbeta-1.0": 0.681935299169768,
    "neg_prec": 0.64587852494577,
    "pos_prec": 0.7462603878116344,
    "neg_rec": 0.7222559126743481,
    "pos_rec": 0.6735,
    "neg_f": 0.681935299169768,
    "pos_f": 0.7080157687253613,
    "tn": 1191,
    "fp": 458,
    "fn": 653,
    "tp": 1347,
    "sensitivity": 0.6735,
    "specificity": 0.7222559126743481,
    "acc": 0.6955330227459579
}