{
    "fbeta-1.0": 0.5148644233910485,
    "neg_prec": 0.4182590233545648,
    "pos_prec": 0.7796033994334277,
    "neg_rec": 0.6694987255734919,
    "pos_rec": 0.5566343042071198,
    "neg_f": 0.5148644233910485,
    "pos_f": 0.6495161670993628,
    "tn": 788,
    "fp": 389,
    "fn": 1096,
    "tp": 1376,
    "sensitivity": 0.5566343042071198,
    "specificity": 0.6694987255734919,
    "acc": 0.5930391888188545
}