{
    "fbeta-1.0": 0.5558180744240994,
    "neg_prec": 0.5002658160552897,
    "pos_prec": 0.6809954751131222,
    "neg_rec": 0.6252491694352159,
    "pos_rec": 0.5615671641791045,
    "neg_f": 0.5558180744240994,
    "pos_f": 0.6155419222903885,
    "tn": 941,
    "fp": 564,
    "fn": 940,
    "tp": 1204,
    "sensitivity": 0.5615671641791045,
    "specificity": 0.6252491694352159,
    "acc": 0.5878322828172102
}