{
    "fbeta-1.0": 0.5409047160731473,
    "neg_prec": 0.4727986539540101,
    "pos_prec": 0.7368703108252947,
    "neg_rec": 0.6319340329835083,
    "pos_rec": 0.593952483801296,
    "neg_f": 0.5409047160731473,
    "pos_f": 0.6577373834011002,
    "tn": 843,
    "fp": 491,
    "fn": 940,
    "tp": 1375,
    "sensitivity": 0.593952483801296,
    "specificity": 0.6319340329835083,
    "acc": 0.6078377637708962
}