{
    "fbeta-1.0": 0.5252808988764045,
    "neg_prec": 0.3866832092638544,
    "pos_prec": 0.8318440292445166,
    "neg_rec": 0.818739054290718,
    "pos_rec": 0.4084563222975668,
    "neg_f": 0.5252808988764045,
    "pos_f": 0.5478865703584804,
    "tn": 935,
    "fp": 207,
    "fn": 1483,
    "tp": 1024,
    "sensitivity": 0.4084563222975668,
    "specificity": 0.818739054290718,
    "acc": 0.5368594135379556
}