{
    "fbeta-1.0": 0.5810143042912874,
    "neg_prec": 0.48926850635129215,
    "pos_prec": 0.6742313323572474,
    "neg_rec": 0.7151088348271447,
    "pos_rec": 0.44130330618112124,
    "neg_f": 0.5810143042912874,
    "pos_f": 0.5334491746307559,
    "tn": 1117,
    "fp": 445,
    "fn": 1166,
    "tp": 921,
    "sensitivity": 0.44130330618112124,
    "specificity": 0.7151088348271447,
    "acc": 0.5585091805974239
}