{
    "fbeta-1.0": 0.5024745269286753,
    "neg_prec": 0.38372610048910627,
    "pos_prec": 0.7692857142857142,
    "neg_rec": 0.7276559865092749,
    "pos_rec": 0.43727161997563946,
    "neg_f": 0.5024745269286753,
    "pos_f": 0.5575977219777375,
    "tn": 863,
    "fp": 323,
    "fn": 1386,
    "tp": 1077,
    "sensitivity": 0.43727161997563946,
    "specificity": 0.7276559865092749,
    "acc": 0.5316525075363113
}