{
    "fbeta-1.0": 0.5245901639344263,
    "neg_prec": 0.4218181818181818,
    "pos_prec": 0.7170462387853692,
    "neg_rec": 0.6935724962630793,
    "pos_rec": 0.4495889225443531,
    "neg_f": 0.5245901639344263,
    "pos_f": 0.5526595744680851,
    "tn": 928,
    "fp": 410,
    "fn": 1272,
    "tp": 1039,
    "sensitivity": 0.4495889225443531,
    "specificity": 0.6935724962630793,
    "acc": 0.5390517950123321
}