{
    "fbeta-1.0": 0.6269326683291769,
    "neg_prec": 0.5134803921568627,
    "pos_prec": 0.746044962531224,
    "neg_rec": 0.8047375160051217,
    "pos_rec": 0.4293243890752276,
    "neg_f": 0.6269326683291769,
    "pos_f": 0.5450121654501217,
    "tn": 1257,
    "fp": 305,
    "fn": 1191,
    "tp": 896,
    "sensitivity": 0.4293243890752276,
    "specificity": 0.8047375160051217,
    "acc": 0.5900246642915867
}