{
    "fbeta-1.0": 0.5772669220945083,
    "neg_prec": 0.5026690391459074,
    "pos_prec": 0.6167023554603854,
    "neg_rec": 0.6778644271145771,
    "pos_rec": 0.43592330978809285,
    "neg_f": 0.5772669220945083,
    "pos_f": 0.5107892403192433,
    "tn": 1130,
    "fp": 537,
    "fn": 1118,
    "tp": 864,
    "sensitivity": 0.43592330978809285,
    "specificity": 0.6778644271145771,
    "acc": 0.546451082488353
}