{
    "fbeta-1.0": 0.5179162902740139,
    "neg_prec": 0.4336863338376198,
    "pos_prec": 0.7130852340936374,
    "neg_rec": 0.6427503736920778,
    "pos_rec": 0.5140631761142362,
    "neg_f": 0.5179162902740139,
    "pos_f": 0.5974352527030425,
    "tn": 860,
    "fp": 478,
    "fn": 1123,
    "tp": 1188,
    "sensitivity": 0.5140631761142362,
    "specificity": 0.6427503736920778,
    "acc": 0.5612496574403947
}