{
    "fbeta-1.0": 0.6471921430370182,
    "neg_prec": 0.5338595762359784,
    "pos_prec": 0.7753623188405797,
    "neg_rec": 0.821611253196931,
    "pos_rec": 0.4618705035971223,
    "neg_f": 0.6471921430370182,
    "pos_f": 0.5788999098286745,
    "tn": 1285,
    "fp": 279,
    "fn": 1122,
    "tp": 963,
    "sensitivity": 0.4618705035971223,
    "specificity": 0.821611253196931,
    "acc": 0.6160591942998082
}