{
    "fbeta-1.0": 0.47138643067846603,
    "neg_prec": 0.3957404655770183,
    "pos_prec": 0.649079754601227,
    "neg_rec": 0.5827862873814734,
    "pos_rec": 0.46444249341527655,
    "neg_f": 0.47138643067846603,
    "pos_f": 0.541453428863869,
    "tn": 799,
    "fp": 572,
    "fn": 1220,
    "tp": 1058,
    "sensitivity": 0.46444249341527655,
    "specificity": 0.5827862873814734,
    "acc": 0.5089065497396547
}