{
    "fbeta-1.0": 0.572517006802721,
    "neg_prec": 0.5313131313131313,
    "pos_prec": 0.6147393648891551,
    "neg_rec": 0.6206489675516225,
    "pos_rec": 0.5250767656090072,
    "neg_f": 0.572517006802721,
    "pos_f": 0.5663814518354955,
    "tn": 1052,
    "fp": 643,
    "fn": 928,
    "tp": 1026,
    "sensitivity": 0.5250767656090072,
    "specificity": 0.6206489675516225,
    "acc": 0.5694710879693067
}