{
    "fbeta-1.0": 0.5887774464624559,
    "neg_prec": 0.46114649681528663,
    "pos_prec": 0.8083462132921174,
    "neg_rec": 0.8140929535232384,
    "pos_rec": 0.45183585313174945,
    "neg_f": 0.5887774464624559,
    "pos_f": 0.5796619562205597,
    "tn": 1086,
    "fp": 248,
    "fn": 1269,
    "tp": 1046,
    "sensitivity": 0.45183585313174945,
    "specificity": 0.8140929535232384,
    "acc": 0.5842696629213483
}