{
    "fbeta-1.0": 0.5056379821958457,
    "neg_prec": 0.3800178412132025,
    "pos_prec": 0.8038379530916845,
    "neg_rec": 0.7553191489361702,
    "pos_rec": 0.44863149543831815,
    "neg_f": 0.5056379821958457,
    "pos_f": 0.5758655804480652,
    "tn": 852,
    "fp": 276,
    "fn": 1390,
    "tp": 1131,
    "sensitivity": 0.44863149543831815,
    "specificity": 0.7553191489361702,
    "acc": 0.5434365579610853
}