{
    "fbeta-1.0": 0.6103031796894257,
    "neg_prec": 0.5141196013289037,
    "pos_prec": 0.6688154713940371,
    "neg_rec": 0.750758035172832,
    "pos_rec": 0.415,
    "neg_f": 0.6103031796894257,
    "pos_f": 0.5121875964208578,
    "tn": 1238,
    "fp": 411,
    "fn": 1170,
    "tp": 830,
    "sensitivity": 0.415,
    "specificity": 0.750758035172832,
    "acc": 0.5667306111263359
}