{
    "fbeta-1.0": 0.5769540692989524,
    "neg_prec": 0.5066037735849057,
    "pos_prec": 0.6540222367560498,
    "neg_rec": 0.6699937616968185,
    "pos_rec": 0.4887585532746823,
    "neg_f": 0.5769540692989524,
    "pos_f": 0.5594405594405595,
    "tn": 1074,
    "fp": 529,
    "fn": 1046,
    "tp": 1000,
    "sensitivity": 0.4887585532746823,
    "specificity": 0.6699937616968185,
    "acc": 0.5683748972321184
}