{
    "fbeta-1.0": 0.6671899529042385,
    "neg_prec": 0.5751014884979703,
    "pos_prec": 0.7695530726256983,
    "neg_rec": 0.794392523364486,
    "pos_rec": 0.5391389432485323,
    "neg_f": 0.6671899529042385,
    "pos_f": 0.6340621403912543,
    "tn": 1275,
    "fp": 330,
    "fn": 942,
    "tp": 1102,
    "sensitivity": 0.5391389432485323,
    "specificity": 0.794392523364486,
    "acc": 0.6514113455741299
}