{
    "fbeta-1.0": 0.6145576707726763,
    "neg_prec": 0.49945394976337826,
    "pos_prec": 0.6164079822616408,
    "neg_rec": 0.7986030267753201,
    "pos_rec": 0.2879337131020197,
    "neg_f": 0.6145576707726763,
    "pos_f": 0.39251676667843277,
    "tn": 1372,
    "fp": 346,
    "fn": 1375,
    "tp": 556,
    "sensitivity": 0.2879337131020197,
    "specificity": 0.7986030267753201,
    "acc": 0.5283639353247465
}