{
    "fbeta-1.0": 0.5188653263563756,
    "neg_prec": 0.40446543580936023,
    "pos_prec": 0.7272727272727273,
    "neg_rec": 0.7235023041474654,
    "pos_rec": 0.4090328078397955,
    "neg_f": 0.5188653263563756,
    "pos_f": 0.5235887646577584,
    "tn": 942,
    "fp": 360,
    "fn": 1387,
    "tp": 960,
    "sensitivity": 0.4090328078397955,
    "specificity": 0.7235023041474654,
    "acc": 0.5212386955330227
}