{
    "fbeta-1.0": 0.5980606818892712,
    "neg_prec": 0.47538538040775735,
    "pos_prec": 0.8595848595848596,
    "neg_rec": 0.806070826306914,
    "pos_rec": 0.5716605765326838,
    "neg_f": 0.5980606818892712,
    "pos_f": 0.686661789807364,
    "tn": 956,
    "fp": 230,
    "fn": 1055,
    "tp": 1408,
    "sensitivity": 0.5716605765326838,
    "specificity": 0.806070826306914,
    "acc": 0.647848725678268
}