{
    "fbeta-1.0": 0.6544035674470456,
    "neg_prec": 0.5468095016301816,
    "pos_prec": 0.822237017310253,
    "neg_rec": 0.8147120055517002,
    "pos_rec": 0.5593297101449275,
    "neg_f": 0.6544035674470456,
    "pos_f": 0.6657681940700809,
    "tn": 1174,
    "fp": 267,
    "fn": 973,
    "tp": 1235,
    "sensitivity": 0.5593297101449275,
    "specificity": 0.8147120055517002,
    "acc": 0.6601808714716361
}