{
    "fbeta-1.0": 0.626917510853835,
    "neg_prec": 0.5209235209235209,
    "pos_prec": 0.813375796178344,
    "neg_rec": 0.7870639534883721,
    "pos_rec": 0.5618125824901012,
    "neg_f": 0.626917510853835,
    "pos_f": 0.664584959666927,
    "tn": 1083,
    "fp": 293,
    "fn": 996,
    "tp": 1277,
    "sensitivity": 0.5618125824901012,
    "specificity": 0.7870639534883721,
    "acc": 0.6467525349410798
}