{
    "fbeta-1.0": 0.5961698584512907,
    "neg_prec": 0.47291941875825627,
    "pos_prec": 0.8127721335268505,
    "neg_rec": 0.8063063063063063,
    "pos_rec": 0.48338368580060426,
    "neg_f": 0.5961698584512907,
    "pos_f": 0.6062246278755075,
    "tn": 1074,
    "fp": 258,
    "fn": 1197,
    "tp": 1120,
    "sensitivity": 0.48338368580060426,
    "specificity": 0.8063063063063063,
    "acc": 0.6012606193477665
}