{
    "fbeta-1.0": 0.48168445341794053,
    "neg_prec": 0.35913978494623655,
    "pos_prec": 0.7681268882175226,
    "neg_rec": 0.7311733800350263,
    "pos_rec": 0.4056641404068608,
    "neg_f": 0.48168445341794053,
    "pos_f": 0.5309318715740016,
    "tn": 835,
    "fp": 307,
    "fn": 1490,
    "tp": 1017,
    "sensitivity": 0.4056641404068608,
    "specificity": 0.7311733800350263,
    "acc": 0.5075363113181693
}