{
    "fbeta-1.0": 0.6334295460509053,
    "neg_prec": 0.527304499781564,
    "pos_prec": 0.7683823529411765,
    "neg_rec": 0.7930354796320631,
    "pos_rec": 0.4913023037141514,
    "neg_f": 0.6334295460509053,
    "pos_f": 0.5993690851735016,
    "tn": 1207,
    "fp": 315,
    "fn": 1082,
    "tp": 1045,
    "sensitivity": 0.4913023037141514,
    "specificity": 0.7930354796320631,
    "acc": 0.6171553850369964
}