{
    "fbeta-1.0": 0.6539392309760689,
    "neg_prec": 0.5519745801180209,
    "pos_prec": 0.7925311203319502,
    "neg_rec": 0.8021108179419525,
    "pos_rec": 0.5372714486638537,
    "neg_f": 0.6539392309760689,
    "pos_f": 0.6404023470243085,
    "tn": 1216,
    "fp": 300,
    "fn": 987,
    "tp": 1146,
    "sensitivity": 0.5372714486638537,
    "specificity": 0.8021108179419525,
    "acc": 0.6473006303096739
}