{
    "fbeta-1.0": 0.6641703721039083,
    "neg_prec": 0.5553816046966732,
    "pos_prec": 0.726691042047532,
    "neg_rec": 0.8259604190919674,
    "pos_rec": 0.41170378042465045,
    "neg_f": 0.6641703721039083,
    "pos_f": 0.5256198347107438,
    "tn": 1419,
    "fp": 299,
    "fn": 1136,
    "tp": 795,
    "sensitivity": 0.41170378042465045,
    "specificity": 0.8259604190919674,
    "acc": 0.6067415730337079
}