{
    "fbeta-1.0": 0.4759089565474432,
    "neg_prec": 0.3649138712601995,
    "pos_prec": 0.7422037422037422,
    "neg_rec": 0.6839422259983008,
    "pos_rec": 0.433252427184466,
    "neg_f": 0.4759089565474432,
    "pos_f": 0.5471264367816092,
    "tn": 805,
    "fp": 372,
    "fn": 1401,
    "tp": 1071,
    "sensitivity": 0.433252427184466,
    "specificity": 0.6839422259983008,
    "acc": 0.514113455741299
}