{
    "fbeta-1.0": 0.6252100840336134,
    "neg_prec": 0.5075034106412005,
    "pos_prec": 0.8241379310344827,
    "neg_rec": 0.8140043763676149,
    "pos_rec": 0.5245829675153644,
    "neg_f": 0.6252100840336134,
    "pos_f": 0.6410944206008584,
    "tn": 1116,
    "fp": 255,
    "fn": 1083,
    "tp": 1195,
    "sensitivity": 0.5245829675153644,
    "specificity": 0.8140043763676149,
    "acc": 0.6333241984105235
}