{
    "fbeta-1.0": 0.5012802275960171,
    "neg_prec": 0.38254450716456795,
    "pos_prec": 0.7540861812778603,
    "neg_rec": 0.726897689768977,
    "pos_rec": 0.4164956914238818,
    "neg_f": 0.5012802275960171,
    "pos_f": 0.5366111551678562,
    "tn": 881,
    "fp": 331,
    "fn": 1422,
    "tp": 1015,
    "sensitivity": 0.4164956914238818,
    "specificity": 0.726897689768977,
    "acc": 0.5195944094272403
}