{
    "fbeta-1.0": 0.6812705366922235,
    "neg_prec": 0.5794131346064276,
    "pos_prec": 0.8262316910785619,
    "neg_rec": 0.826578073089701,
    "pos_rec": 0.5788246268656716,
    "neg_f": 0.6812705366922235,
    "pos_f": 0.6807460230389467,
    "tn": 1244,
    "fp": 261,
    "fn": 903,
    "tp": 1241,
    "sensitivity": 0.5788246268656716,
    "specificity": 0.826578073089701,
    "acc": 0.6810084954782132
}