{
    "fbeta-1.0": 0.5485937064884434,
    "neg_prec": 0.45813953488372094,
    "pos_prec": 0.6957971981320881,
    "neg_rec": 0.6835530881332408,
    "pos_rec": 0.4723731884057971,
    "neg_f": 0.5485937064884434,
    "pos_f": 0.5627191799298624,
    "tn": 985,
    "fp": 456,
    "fn": 1165,
    "tp": 1043,
    "sensitivity": 0.4723731884057971,
    "specificity": 0.6835530881332408,
    "acc": 0.5557687037544533
}