{
    "fbeta-1.0": 0.5054151624548736,
    "neg_prec": 0.3912435957149511,
    "pos_prec": 0.7756324900133156,
    "neg_rec": 0.713678844519966,
    "pos_rec": 0.47127831715210355,
    "neg_f": 0.5054151624548736,
    "pos_f": 0.5863110216406644,
    "tn": 840,
    "fp": 337,
    "fn": 1307,
    "tp": 1165,
    "sensitivity": 0.47127831715210355,
    "specificity": 0.713678844519966,
    "acc": 0.5494656070156207
}