{
    "fbeta-1.0": 0.6080919320086187,
    "neg_prec": 0.5059760956175299,
    "pos_prec": 0.6514486391571555,
    "neg_rec": 0.7618476304739052,
    "pos_rec": 0.37436932391523714,
    "neg_f": 0.6080919320086187,
    "pos_f": 0.475488625440564,
    "tn": 1270,
    "fp": 397,
    "fn": 1240,
    "tp": 742,
    "sensitivity": 0.37436932391523714,
    "specificity": 0.7618476304739052,
    "acc": 0.5513839408057002
}