{
    "fbeta-1.0": 0.5865118850193476,
    "neg_prec": 0.4873679375287092,
    "pos_prec": 0.7418478260869565,
    "neg_rec": 0.7362942401110341,
    "pos_rec": 0.4945652173913043,
    "neg_f": 0.5865118850193476,
    "pos_f": 0.5934782608695652,
    "tn": 1061,
    "fp": 380,
    "fn": 1116,
    "tp": 1092,
    "sensitivity": 0.4945652173913043,
    "specificity": 0.7362942401110341,
    "acc": 0.5900246642915867
}