{
    "fbeta-1.0": 0.5294424179260032,
    "neg_prec": 0.4121703853955375,
    "pos_prec": 0.6984797297297297,
    "neg_rec": 0.739985433357611,
    "pos_rec": 0.3633567662565905,
    "neg_f": 0.5294424179260032,
    "pos_f": 0.4780346820809248,
    "tn": 1016,
    "fp": 357,
    "fn": 1449,
    "tp": 827,
    "sensitivity": 0.3633567662565905,
    "specificity": 0.739985433357611,
    "acc": 0.5050698821594958
}