{
    "fbeta-1.0": 0.6337986337986338,
    "neg_prec": 0.5248401377274963,
    "pos_prec": 0.8347772277227723,
    "neg_rec": 0.7998500749625187,
    "pos_rec": 0.5827213822894168,
    "neg_f": 0.6337986337986338,
    "pos_f": 0.6863393538539811,
    "tn": 1067,
    "fp": 267,
    "fn": 966,
    "tp": 1349,
    "sensitivity": 0.5827213822894168,
    "specificity": 0.7998500749625187,
    "acc": 0.6620992052617155
}