{
    "fbeta-1.0": 0.6086524117354549,
    "neg_prec": 0.506412908564336,
    "pos_prec": 0.6907467532467533,
    "neg_rec": 0.7626168224299066,
    "pos_rec": 0.4163405088062622,
    "neg_f": 0.6086524117354549,
    "pos_f": 0.5195360195360196,
    "tn": 1224,
    "fp": 381,
    "fn": 1193,
    "tp": 851,
    "sensitivity": 0.4163405088062622,
    "specificity": 0.7626168224299066,
    "acc": 0.5686489449164155
}