{
    "fbeta-1.0": 0.5633129811521104,
    "neg_prec": 0.48161597821152974,
    "pos_prec": 0.6521438450899032,
    "neg_rec": 0.678388746803069,
    "pos_rec": 0.45227817745803356,
    "neg_f": 0.5633129811521104,
    "pos_f": 0.5341263098272444,
    "tn": 1061,
    "fp": 503,
    "fn": 1142,
    "tp": 943,
    "sensitivity": 0.45227817745803356,
    "specificity": 0.678388746803069,
    "acc": 0.5491915593313237
}