{
    "fbeta-1.0": 0.65900603274921,
    "neg_prec": 0.5586945932781295,
    "pos_prec": 0.8239348370927319,
    "neg_rec": 0.8032212885154062,
    "pos_rec": 0.5920756416028816,
    "neg_f": 0.65900603274921,
    "pos_f": 0.6890227927691905,
    "tn": 1147,
    "fp": 281,
    "fn": 906,
    "tp": 1315,
    "sensitivity": 0.5920756416028816,
    "specificity": 0.8032212885154062,
    "acc": 0.6747053987393806
}