{
    "fbeta-1.0": 0.5258116019159127,
    "neg_prec": 0.4092792046396023,
    "pos_prec": 0.7117408906882591,
    "neg_rec": 0.7351190476190477,
    "pos_rec": 0.3813449023861171,
    "neg_f": 0.5258116019159127,
    "pos_f": 0.49661016949152537,
    "tn": 988,
    "fp": 356,
    "fn": 1426,
    "tp": 879,
    "sensitivity": 0.3813449023861171,
    "specificity": 0.7351190476190477,
    "acc": 0.5116470265826254
}