{
    "fbeta-1.0": 0.6318234610917538,
    "neg_prec": 0.5253500724287784,
    "pos_prec": 0.8193916349809885,
    "neg_rec": 0.7924253459577567,
    "pos_rec": 0.5681019332161688,
    "neg_f": 0.6318234610917538,
    "pos_f": 0.6709911779968863,
    "tn": 1088,
    "fp": 285,
    "fn": 983,
    "tp": 1293,
    "sensitivity": 0.5681019332161688,
    "specificity": 0.7924253459577567,
    "acc": 0.6525075363113182
}