{
    "fbeta-1.0": 0.651690492398457,
    "neg_prec": 0.5294985250737463,
    "pos_prec": 0.7235859124866596,
    "neg_rec": 0.8471976401179941,
    "pos_rec": 0.34698055271238487,
    "neg_f": 0.651690492398457,
    "pos_f": 0.46904185402974746,
    "tn": 1436,
    "fp": 259,
    "fn": 1276,
    "tp": 678,
    "sensitivity": 0.34698055271238487,
    "specificity": 0.8471976401179941,
    "acc": 0.579336804604001
}