{
    "fbeta-1.0": 0.5701202060675443,
    "neg_prec": 0.4779270633397313,
    "pos_prec": 0.7354632587859425,
    "neg_rec": 0.7063829787234043,
    "pos_rec": 0.5140687807056722,
    "neg_f": 0.5701202060675443,
    "pos_f": 0.6051524710830705,
    "tn": 996,
    "fp": 414,
    "fn": 1088,
    "tp": 1151,
    "sensitivity": 0.5140687807056722,
    "specificity": 0.7063829787234043,
    "acc": 0.5883803781858044
}