{
    "fbeta-1.0": 0.6610597140454164,
    "neg_prec": 0.6003054989816701,
    "pos_prec": 0.7483679525222552,
    "neg_rec": 0.735495945102932,
    "pos_rec": 0.6163245356793744,
    "neg_f": 0.6610597140454164,
    "pos_f": 0.6759581881533101,
    "tn": 1179,
    "fp": 424,
    "fn": 785,
    "tp": 1261,
    "sensitivity": 0.6163245356793744,
    "specificity": 0.735495945102932,
    "acc": 0.6686763496848451
}