{
    "fbeta-1.0": 0.6063912704598597,
    "neg_prec": 0.5195903829029386,
    "pos_prec": 0.6892373485388453,
    "neg_rec": 0.7280099812850904,
    "pos_rec": 0.4726295210166178,
    "neg_f": 0.6063912704598597,
    "pos_f": 0.560742244128733,
    "tn": 1167,
    "fp": 436,
    "fn": 1079,
    "tp": 967,
    "sensitivity": 0.4726295210166178,
    "specificity": 0.7280099812850904,
    "acc": 0.5848177582899424
}