{
    "fbeta-1.0": 0.5437553101104503,
    "neg_prec": 0.4078164825828377,
    "pos_prec": 0.8324324324324325,
    "neg_rec": 0.8156329651656754,
    "pos_rec": 0.436084142394822,
    "neg_f": 0.5437553101104503,
    "pos_f": 0.5723387310857446,
    "tn": 960,
    "fp": 217,
    "fn": 1394,
    "tp": 1078,
    "sensitivity": 0.436084142394822,
    "specificity": 0.8156329651656754,
    "acc": 0.5585091805974239
}