{
    "fbeta-1.0": 0.570738255033557,
    "neg_prec": 0.5014150943396226,
    "pos_prec": 0.6455199476782211,
    "neg_rec": 0.6623052959501557,
    "pos_rec": 0.4828767123287671,
    "neg_f": 0.570738255033557,
    "pos_f": 0.5524769101595298,
    "tn": 1063,
    "fp": 542,
    "fn": 1057,
    "tp": 987,
    "sensitivity": 0.4828767123287671,
    "specificity": 0.6623052959501557,
    "acc": 0.5617977528089888
}