{
    "fbeta-1.0": 0.569056185995018,
    "neg_prec": 0.4412017167381974,
    "pos_prec": 0.8066717210007581,
    "neg_rec": 0.8012470771628994,
    "pos_rec": 0.44970414201183434,
    "neg_f": 0.569056185995018,
    "pos_f": 0.5774762550881953,
    "tn": 1028,
    "fp": 255,
    "fn": 1302,
    "tp": 1064,
    "sensitivity": 0.44970414201183434,
    "specificity": 0.8012470771628994,
    "acc": 0.5733077555494656
}