{
    "fbeta-1.0": 0.655328798185941,
    "neg_prec": 0.5233611010503441,
    "pos_prec": 0.7702702702702703,
    "neg_rec": 0.8762886597938144,
    "pos_rec": 0.342,
    "neg_f": 0.655328798185941,
    "pos_f": 0.4736842105263159,
    "tn": 1445,
    "fp": 204,
    "fn": 1316,
    "tp": 684,
    "sensitivity": 0.342,
    "specificity": 0.8762886597938144,
    "acc": 0.5834475198684571
}