{
    "fbeta-1.0": 0.5818463925523661,
    "neg_prec": 0.4880694143167028,
    "pos_prec": 0.6748511904761905,
    "neg_rec": 0.7202304737516005,
    "pos_rec": 0.4345951126018208,
    "neg_f": 0.5818463925523661,
    "pos_f": 0.5287088312445352,
    "tn": 1125,
    "fp": 437,
    "fn": 1180,
    "tp": 907,
    "sensitivity": 0.4345951126018208,
    "specificity": 0.7202304737516005,
    "acc": 0.5568648944916416
}