{
    "fbeta-1.0": 0.6864509851617611,
    "neg_prec": 0.5840231788079471,
    "pos_prec": 0.7696674776966748,
    "neg_rec": 0.8324483775811209,
    "pos_rec": 0.4856704196519959,
    "neg_f": 0.6864509851617611,
    "pos_f": 0.5955443991214309,
    "tn": 1411,
    "fp": 284,
    "fn": 1005,
    "tp": 949,
    "sensitivity": 0.4856704196519959,
    "specificity": 0.8324483775811209,
    "acc": 0.6467525349410798
}