{
    "fbeta-1.0": 0.5259203606311044,
    "neg_prec": 0.39018952062430323,
    "pos_prec": 0.7369519832985386,
    "neg_rec": 0.8064516129032258,
    "pos_rec": 0.3008095440988496,
    "neg_f": 0.5259203606311044,
    "pos_f": 0.427231467473525,
    "tn": 1050,
    "fp": 252,
    "fn": 1641,
    "tp": 706,
    "sensitivity": 0.3008095440988496,
    "specificity": 0.8064516129032258,
    "acc": 0.48122773362565086
}