{
    "fbeta-1.0": 0.5307497893850042,
    "neg_prec": 0.41483757682177347,
    "pos_prec": 0.7534646243617797,
    "neg_rec": 0.7365549493374902,
    "pos_rec": 0.43660185967878273,
    "neg_f": 0.5307497893850042,
    "pos_f": 0.5528498795825527,
    "tn": 945,
    "fp": 338,
    "fn": 1333,
    "tp": 1033,
    "sensitivity": 0.43660185967878273,
    "specificity": 0.7365549493374902,
    "acc": 0.5420663195395999
}