{
    "fbeta-1.0": 0.5835234474017744,
    "neg_prec": 0.47172131147540985,
    "pos_prec": 0.707196029776675,
    "neg_rec": 0.7647840531561462,
    "pos_rec": 0.3987873134328358,
    "neg_f": 0.5835234474017744,
    "pos_f": 0.5099910527885476,
    "tn": 1151,
    "fp": 354,
    "fn": 1289,
    "tp": 855,
    "sensitivity": 0.3987873134328358,
    "specificity": 0.7647840531561462,
    "acc": 0.5497396546999178
}