{
    "fbeta-1.0": 0.5363636363636363,
    "neg_prec": 0.4428406466512702,
    "pos_prec": 0.8116849243609807,
    "neg_rec": 0.6799645390070922,
    "pos_rec": 0.617215390717969,
    "neg_f": 0.5363636363636363,
    "pos_f": 0.701216764308247,
    "tn": 767,
    "fp": 361,
    "fn": 965,
    "tp": 1556,
    "sensitivity": 0.617215390717969,
    "specificity": 0.6799645390070922,
    "acc": 0.6366127706220882
}