{
    "fbeta-1.0": 0.5169757489300999,
    "neg_prec": 0.4362060664419836,
    "pos_prec": 0.6679389312977099,
    "neg_rec": 0.634453781512605,
    "pos_rec": 0.47276001800990547,
    "neg_f": 0.5169757489300999,
    "pos_f": 0.5536514632217242,
    "tn": 906,
    "fp": 522,
    "fn": 1171,
    "tp": 1050,
    "sensitivity": 0.47276001800990547,
    "specificity": 0.634453781512605,
    "acc": 0.5360372704850644
}