{
    "fbeta-1.0": 0.6165925150484167,
    "neg_prec": 0.49495798319327733,
    "pos_prec": 0.7927501970055162,
    "neg_rec": 0.8174878556557946,
    "pos_rec": 0.45561594202898553,
    "neg_f": 0.6165925150484167,
    "pos_f": 0.5786597641645096,
    "tn": 1178,
    "fp": 263,
    "fn": 1202,
    "tp": 1006,
    "sensitivity": 0.45561594202898553,
    "specificity": 0.8174878556557946,
    "acc": 0.5985201425047958
}