{
    "fbeta-1.0": 0.6099460754943079,
    "neg_prec": 0.4953771289537713,
    "pos_prec": 0.8337515683814304,
    "neg_rec": 0.7934528448947779,
    "pos_rec": 0.5617075232459848,
    "neg_f": 0.6099460754943079,
    "pos_f": 0.6712121212121213,
    "tn": 1018,
    "fp": 265,
    "fn": 1037,
    "tp": 1329,
    "sensitivity": 0.5617075232459848,
    "specificity": 0.7934528448947779,
    "acc": 0.6431899150452178
}