{
    "fbeta-1.0": 0.5281965382467895,
    "neg_prec": 0.42044444444444445,
    "pos_prec": 0.7240886347390993,
    "neg_rec": 0.7102102102102102,
    "pos_rec": 0.4372032801035822,
    "neg_f": 0.5281965382467895,
    "pos_f": 0.5452099031216362,
    "tn": 946,
    "fp": 386,
    "fn": 1304,
    "tp": 1013,
    "sensitivity": 0.4372032801035822,
    "specificity": 0.7102102102102102,
    "acc": 0.5368594135379556
}