{
    "fbeta-1.0": 0.6014331603657029,
    "neg_prec": 0.5243429556225765,
    "pos_prec": 0.6167168674698795,
    "neg_rec": 0.7050984936268829,
    "pos_rec": 0.42589703588143524,
    "neg_f": 0.6014331603657029,
    "pos_f": 0.503844970778222,
    "tn": 1217,
    "fp": 509,
    "fn": 1104,
    "tp": 819,
    "sensitivity": 0.42589703588143524,
    "specificity": 0.7050984936268829,
    "acc": 0.5579610852288298
}