{
    "fbeta-1.0": 0.5252873563218391,
    "neg_prec": 0.42590866728797766,
    "pos_prec": 0.720558882235529,
    "neg_rec": 0.6851574212893553,
    "pos_rec": 0.46781857451403885,
    "neg_f": 0.5252873563218391,
    "pos_f": 0.5673127291775798,
    "tn": 914,
    "fp": 420,
    "fn": 1232,
    "tp": 1083,
    "sensitivity": 0.46781857451403885,
    "specificity": 0.6851574212893553,
    "acc": 0.5472732255412441
}