{
    "fbeta-1.0": 0.6554756195043966,
    "neg_prec": 0.5613874942948426,
    "pos_prec": 0.7722908093278463,
    "neg_rec": 0.7874519846350833,
    "pos_rec": 0.5395304264494489,
    "neg_f": 0.6554756195043966,
    "pos_f": 0.6352609308885755,
    "tn": 1230,
    "fp": 332,
    "fn": 961,
    "tp": 1126,
    "sensitivity": 0.5395304264494489,
    "specificity": 0.7874519846350833,
    "acc": 0.6456563442038915
}