{
    "fbeta-1.0": 0.48706624605678234,
    "neg_prec": 0.3780607247796278,
    "pos_prec": 0.7784691972619788,
    "neg_rec": 0.6843971631205674,
    "pos_rec": 0.4962316541055137,
    "neg_f": 0.48706624605678234,
    "pos_f": 0.6061046511627907,
    "tn": 772,
    "fp": 356,
    "fn": 1270,
    "tp": 1251,
    "sensitivity": 0.4962316541055137,
    "specificity": 0.6843971631205674,
    "acc": 0.5543984653329679
}