{
    "fbeta-1.0": 0.6513971598717363,
    "neg_prec": 0.5386363636363637,
    "pos_prec": 0.6987115956392468,
    "neg_rec": 0.8238702201622248,
    "pos_rec": 0.3666146645865835,
    "neg_f": 0.6513971598717363,
    "pos_f": 0.4809004092769441,
    "tn": 1422,
    "fp": 304,
    "fn": 1218,
    "tp": 705,
    "sensitivity": 0.3666146645865835,
    "specificity": 0.8238702201622248,
    "acc": 0.582899424499863
}