{
    "fbeta-1.0": 0.6042412558523823,
    "neg_prec": 0.4997722095671982,
    "pos_prec": 0.7668500687757909,
    "neg_rec": 0.7639275766016713,
    "pos_rec": 0.5038409399005874,
    "neg_f": 0.6042412558523823,
    "pos_f": 0.6081265339514589,
    "tn": 1097,
    "fp": 339,
    "fn": 1098,
    "tp": 1115,
    "sensitivity": 0.5038409399005874,
    "specificity": 0.7639275766016713,
    "acc": 0.6061934776651138
}