{
    "fbeta-1.0": 0.5974160206718346,
    "neg_prec": 0.5314942528735632,
    "pos_prec": 0.6343283582089553,
    "neg_rec": 0.6820058997050148,
    "pos_rec": 0.47850562947799385,
    "neg_f": 0.5974160206718346,
    "pos_f": 0.545507584597433,
    "tn": 1156,
    "fp": 539,
    "fn": 1019,
    "tp": 935,
    "sensitivity": 0.47850562947799385,
    "specificity": 0.6820058997050148,
    "acc": 0.5730337078651685
}