{
    "fbeta-1.0": 0.553622435730979,
    "neg_prec": 0.42983870967741933,
    "pos_prec": 0.739093242087254,
    "neg_rec": 0.7775346462436178,
    "pos_rec": 0.37928007023705007,
    "neg_f": 0.553622435730979,
    "pos_f": 0.5013054830287207,
    "tn": 1066,
    "fp": 305,
    "fn": 1414,
    "tp": 864,
    "sensitivity": 0.37928007023705007,
    "specificity": 0.7775346462436178,
    "acc": 0.5289120306933407
}