{
    "fbeta-1.0": 0.5900990099009901,
    "neg_prec": 0.4895277207392197,
    "pos_prec": 0.6598023064250412,
    "neg_rec": 0.7426791277258566,
    "pos_rec": 0.39187866927592957,
    "neg_f": 0.5900990099009901,
    "pos_f": 0.4917127071823204,
    "tn": 1192,
    "fp": 413,
    "fn": 1243,
    "tp": 801,
    "sensitivity": 0.39187866927592957,
    "specificity": 0.7426791277258566,
    "acc": 0.5461770348040559
}