{
    "fbeta-1.0": 0.6266666666666666,
    "neg_prec": 0.5254065040650406,
    "pos_prec": 0.8227245687091017,
    "neg_rec": 0.7762762762762763,
    "pos_rec": 0.5968925334484246,
    "neg_f": 0.6266666666666666,
    "pos_f": 0.6918459229614806,
    "tn": 1034,
    "fp": 298,
    "fn": 934,
    "tp": 1383,
    "sensitivity": 0.5968925334484246,
    "specificity": 0.7762762762762763,
    "acc": 0.6623732529460126
}