{
    "fbeta-1.0": 0.502809819580006,
    "neg_prec": 0.4172803141875307,
    "pos_prec": 0.6935483870967742,
    "neg_rec": 0.6324404761904762,
    "pos_rec": 0.48503253796095447,
    "neg_f": 0.502809819580006,
    "pos_f": 0.5708450344651519,
    "tn": 850,
    "fp": 494,
    "fn": 1187,
    "tp": 1118,
    "sensitivity": 0.48503253796095447,
    "specificity": 0.6324404761904762,
    "acc": 0.5393258426966292
}