{
    "fbeta-1.0": 0.5321866041178003,
    "neg_prec": 0.38895238095238094,
    "pos_prec": 0.8134765625,
    "neg_rec": 0.8424092409240924,
    "pos_rec": 0.34181370537546163,
    "neg_f": 0.5321866041178003,
    "pos_f": 0.4813637676971973,
    "tn": 1021,
    "fp": 191,
    "fn": 1604,
    "tp": 833,
    "sensitivity": 0.34181370537546163,
    "specificity": 0.8424092409240924,
    "acc": 0.5080844066867635
}