{
    "fbeta-1.0": 0.562706690409565,
    "neg_prec": 0.44186975629244907,
    "pos_prec": 0.7190226876090751,
    "neg_rec": 0.7745098039215687,
    "pos_rec": 0.3710040522287258,
    "neg_f": 0.562706690409565,
    "pos_f": 0.48945648945648945,
    "tn": 1106,
    "fp": 322,
    "fn": 1397,
    "tp": 824,
    "sensitivity": 0.3710040522287258,
    "specificity": 0.7745098039215687,
    "acc": 0.5289120306933407
}