{
    "fbeta-1.0": 0.5035241048773612,
    "neg_prec": 0.37679324894514765,
    "pos_prec": 0.777951524628616,
    "neg_rec": 0.7587085811384877,
    "pos_rec": 0.40250809061488674,
    "neg_f": 0.5035241048773612,
    "pos_f": 0.5305251932817915,
    "tn": 893,
    "fp": 284,
    "fn": 1477,
    "tp": 995,
    "sensitivity": 0.40250809061488674,
    "specificity": 0.7587085811384877,
    "acc": 0.5174020279528638
}