{
    "fbeta-1.0": 0.5285072155192808,
    "neg_prec": 0.41202508299520474,
    "pos_prec": 0.5746268656716418,
    "neg_rec": 0.7368073878627969,
    "pos_rec": 0.25269573370839193,
    "neg_f": 0.5285072155192808,
    "pos_f": 0.35102572451970043,
    "tn": 1117,
    "fp": 399,
    "fn": 1594,
    "tp": 539,
    "sensitivity": 0.25269573370839193,
    "specificity": 0.7368073878627969,
    "acc": 0.4538229651959441
}