{
    "fbeta-1.0": 0.6183693516699411,
    "neg_prec": 0.5296592343289861,
    "pos_prec": 0.6572327044025157,
    "neg_rec": 0.7427728613569321,
    "pos_rec": 0.4278403275332651,
    "neg_f": 0.6183693516699411,
    "pos_f": 0.51828890266584,
    "tn": 1259,
    "fp": 436,
    "fn": 1118,
    "tp": 836,
    "sensitivity": 0.4278403275332651,
    "specificity": 0.7427728613569321,
    "acc": 0.5741298986023569
}