{
    "fbeta-1.0": 0.49945054945054945,
    "neg_prec": 0.3704156479217604,
    "pos_prec": 0.7682008368200837,
    "neg_rec": 0.7664418212478921,
    "pos_rec": 0.37271619975639464,
    "neg_f": 0.49945054945054945,
    "pos_f": 0.5019136139967196,
    "tn": 909,
    "fp": 277,
    "fn": 1545,
    "tp": 918,
    "sensitivity": 0.37271619975639464,
    "specificity": 0.7664418212478921,
    "acc": 0.5006851192107427
}