{
    "fbeta-1.0": 0.5880519480519482,
    "neg_prec": 0.49518810148731407,
    "pos_prec": 0.6830520909757887,
    "neg_rec": 0.7237851662404092,
    "pos_rec": 0.4465227817745803,
    "neg_f": 0.5880519480519482,
    "pos_f": 0.5400232018561485,
    "tn": 1132,
    "fp": 432,
    "fn": 1154,
    "tp": 931,
    "sensitivity": 0.4465227817745803,
    "specificity": 0.7237851662404092,
    "acc": 0.5653603727048506
}