{
    "fbeta-1.0": 0.5472293999425782,
    "neg_prec": 0.44553529686769516,
    "pos_prec": 0.7410596026490066,
    "neg_rec": 0.7090773809523809,
    "pos_rec": 0.4854663774403471,
    "neg_f": 0.5472293999425782,
    "pos_f": 0.5866317169069463,
    "tn": 953,
    "fp": 391,
    "fn": 1186,
    "tp": 1119,
    "sensitivity": 0.4854663774403471,
    "specificity": 0.7090773809523809,
    "acc": 0.5678268018635243
}