{
    "fbeta-1.0": 0.5533532446375239,
    "neg_prec": 0.44169917641959255,
    "pos_prec": 0.7339791356184798,
    "neg_rec": 0.7405523255813954,
    "pos_rec": 0.4333479982402112,
    "neg_f": 0.5533532446375239,
    "pos_f": 0.5449515905947442,
    "tn": 1019,
    "fp": 357,
    "fn": 1288,
    "tp": 985,
    "sensitivity": 0.4333479982402112,
    "specificity": 0.7405523255813954,
    "acc": 0.5491915593313237
}