{
    "fbeta-1.0": 0.6048891415577032,
    "neg_prec": 0.48014440433212996,
    "pos_prec": 0.8339148639218423,
    "neg_rec": 0.8172043010752689,
    "pos_rec": 0.5091606305922454,
    "neg_f": 0.6048891415577032,
    "pos_f": 0.6322751322751322,
    "tn": 1064,
    "fp": 238,
    "fn": 1152,
    "tp": 1195,
    "sensitivity": 0.5091606305922454,
    "specificity": 0.8172043010752689,
    "acc": 0.619073718827076
}