{
    "fbeta-1.0": 0.5297718419588203,
    "neg_prec": 0.3953488372093023,
    "pos_prec": 0.8114423851732474,
    "neg_rec": 0.8026981450252951,
    "pos_rec": 0.4088509947218839,
    "neg_f": 0.5297718419588203,
    "pos_f": 0.5437365010799137,
    "tn": 952,
    "fp": 234,
    "fn": 1456,
    "tp": 1007,
    "sensitivity": 0.4088509947218839,
    "specificity": 0.8026981450252951,
    "acc": 0.5368594135379556
}