{
    "fbeta-1.0": 0.5395816785808843,
    "neg_prec": 0.4117171717171717,
    "pos_prec": 0.7589437819420783,
    "neg_rec": 0.782642089093702,
    "pos_rec": 0.37963357477631016,
    "neg_f": 0.5395816785808843,
    "pos_f": 0.5061062198239136,
    "tn": 1019,
    "fp": 283,
    "fn": 1456,
    "tp": 891,
    "sensitivity": 0.37963357477631016,
    "specificity": 0.782642089093702,
    "acc": 0.5234310770073993
}