{
    "fbeta-1.0": 0.4911875180583647,
    "neg_prec": 0.3665373005605865,
    "pos_prec": 0.7804511278195488,
    "neg_rec": 0.7443082311733801,
    "pos_rec": 0.41404068607897887,
    "neg_f": 0.4911875180583647,
    "pos_f": 0.5410476935105551,
    "tn": 850,
    "fp": 292,
    "fn": 1469,
    "tp": 1038,
    "sensitivity": 0.41404068607897887,
    "specificity": 0.7443082311733801,
    "acc": 0.5174020279528638
}