{
    "fbeta-1.0": 0.5144149236856982,
    "neg_prec": 0.41993539455468387,
    "pos_prec": 0.6889338731443995,
    "neg_rec": 0.6637490882567469,
    "pos_rec": 0.4482001755926251,
    "neg_f": 0.5144149236856982,
    "pos_f": 0.5430851063829787,
    "tn": 910,
    "fp": 461,
    "fn": 1257,
    "tp": 1021,
    "sensitivity": 0.4482001755926251,
    "specificity": 0.6637490882567469,
    "acc": 0.5291860783776378
}