{
    "fbeta-1.0": 0.5780500799147577,
    "neg_prec": 0.5154394299287411,
    "pos_prec": 0.6347150259067358,
    "neg_rec": 0.6579745300181928,
    "pos_rec": 0.49,
    "neg_f": 0.5780500799147577,
    "pos_f": 0.5530474040632054,
    "tn": 1085,
    "fp": 564,
    "fn": 1020,
    "tp": 980,
    "sensitivity": 0.49,
    "specificity": 0.6579745300181928,
    "acc": 0.5659084680734447
}