{
    "fbeta-1.0": 0.49320036264732553,
    "neg_prec": 0.4131645569620253,
    "pos_prec": 0.6905615292712067,
    "neg_rec": 0.6116941529235382,
    "pos_rec": 0.49935205183585313,
    "neg_f": 0.49320036264732553,
    "pos_f": 0.5795938831787415,
    "tn": 816,
    "fp": 518,
    "fn": 1159,
    "tp": 1156,
    "sensitivity": 0.49935205183585313,
    "specificity": 0.6116941529235382,
    "acc": 0.5404220334338175
}