{
    "fbeta-1.0": 0.5797819623389495,
    "neg_prec": 0.4398496240601504,
    "pos_prec": 0.7917087967644085,
    "neg_rec": 0.8502906976744186,
    "pos_rec": 0.34447866256049275,
    "neg_f": 0.5797819623389495,
    "pos_f": 0.48007357449417537,
    "tn": 1170,
    "fp": 206,
    "fn": 1490,
    "tp": 783,
    "sensitivity": 0.34447866256049275,
    "specificity": 0.8502906976744186,
    "acc": 0.5352151274321731
}