{
    "fbeta-1.0": 0.5749475890985325,
    "neg_prec": 0.4746862829943747,
    "pos_prec": 0.695067264573991,
    "neg_rec": 0.7289036544850498,
    "pos_rec": 0.4337686567164179,
    "neg_f": 0.5749475890985325,
    "pos_f": 0.5341757610568639,
    "tn": 1097,
    "fp": 408,
    "fn": 1214,
    "tp": 930,
    "sensitivity": 0.4337686567164179,
    "specificity": 0.7289036544850498,
    "acc": 0.5554946560701562
}