{
    "fbeta-1.0": 0.5744234800838575,
    "neg_prec": 0.43595863166268894,
    "pos_prec": 0.8185022026431719,
    "neg_rec": 0.8417818740399385,
    "pos_rec": 0.3958244567533021,
    "neg_f": 0.5744234800838575,
    "pos_f": 0.5336013785180931,
    "tn": 1096,
    "fp": 206,
    "fn": 1418,
    "tp": 929,
    "sensitivity": 0.3958244567533021,
    "specificity": 0.8417818740399385,
    "acc": 0.5549465607015621
}