{
    "fbeta-1.0": 0.5584313725490196,
    "neg_prec": 0.42839951865222625,
    "pos_prec": 0.7716262975778547,
    "neg_rec": 0.8018018018018018,
    "pos_rec": 0.38498057833405264,
    "neg_f": 0.5584313725490196,
    "pos_f": 0.5136769363662539,
    "tn": 1068,
    "fp": 264,
    "fn": 1425,
    "tp": 892,
    "sensitivity": 0.38498057833405264,
    "specificity": 0.8018018018018018,
    "acc": 0.5371334612222527
}