{
    "fbeta-1.0": 0.5432447710570943,
    "neg_prec": 0.4261640798226164,
    "pos_prec": 0.7690100430416069,
    "neg_rec": 0.7490257209664848,
    "pos_rec": 0.4530853761622992,
    "neg_f": 0.5432447710570943,
    "pos_f": 0.5702127659574467,
    "tn": 961,
    "fp": 322,
    "fn": 1294,
    "tp": 1072,
    "sensitivity": 0.4530853761622992,
    "specificity": 0.7490257209664848,
    "acc": 0.5571389421759386
}