{
    "fbeta-1.0": 0.47652064292467694,
    "neg_prec": 0.36968215158924206,
    "pos_prec": 0.7680798004987531,
    "neg_rec": 0.6702127659574468,
    "pos_rec": 0.4886949623165411,
    "neg_f": 0.47652064292467694,
    "pos_f": 0.5973333333333334,
    "tn": 756,
    "fp": 372,
    "fn": 1289,
    "tp": 1232,
    "sensitivity": 0.4886949623165411,
    "specificity": 0.6702127659574468,
    "acc": 0.5448067963825706
}