{
    "fbeta-1.0": 0.5774263904034896,
    "neg_prec": 0.4934762348555452,
    "pos_prec": 0.6919494344644045,
    "neg_rec": 0.6957950065703022,
    "pos_rec": 0.4889515749882464,
    "neg_f": 0.5774263904034896,
    "pos_f": 0.5730027548209365,
    "tn": 1059,
    "fp": 463,
    "fn": 1087,
    "tp": 1040,
    "sensitivity": 0.4889515749882464,
    "specificity": 0.6957950065703022,
    "acc": 0.5752260893395451
}