{
    "fbeta-1.0": 0.6020761245674741,
    "neg_prec": 0.5231958762886598,
    "pos_prec": 0.6214988644965935,
    "neg_rec": 0.7089639115250291,
    "pos_rec": 0.42516830657690313,
    "neg_f": 0.6020761245674741,
    "pos_f": 0.5049200492004919,
    "tn": 1218,
    "fp": 500,
    "fn": 1110,
    "tp": 821,
    "sensitivity": 0.42516830657690313,
    "specificity": 0.7089639115250291,
    "acc": 0.558783228281721
}