{
    "fbeta-1.0": 0.6637458926615553,
    "neg_prec": 0.5690140845070423,
    "pos_prec": 0.7959183673469388,
    "neg_rec": 0.7963206307490145,
    "pos_rec": 0.5684062059238364,
    "neg_f": 0.6637458926615553,
    "pos_f": 0.6631925397696106,
    "tn": 1212,
    "fp": 310,
    "fn": 918,
    "tp": 1209,
    "sensitivity": 0.5684062059238364,
    "specificity": 0.7963206307490145,
    "acc": 0.6634694436832009
}