{
    "fbeta-1.0": 0.5761624799572421,
    "neg_prec": 0.44954128440366975,
    "pos_prec": 0.7873701039168665,
    "neg_rec": 0.8020833333333334,
    "pos_rec": 0.42733188720173537,
    "neg_f": 0.5761624799572421,
    "pos_f": 0.5539932508436445,
    "tn": 1078,
    "fp": 266,
    "fn": 1320,
    "tp": 985,
    "sensitivity": 0.42733188720173537,
    "specificity": 0.8020833333333334,
    "acc": 0.5653603727048506
}