{
    "fbeta-1.0": 0.5349325337331335,
    "neg_prec": 0.470960929250264,
    "pos_prec": 0.6871794871794872,
    "neg_rec": 0.6190145732130465,
    "pos_rec": 0.5461956521739131,
    "neg_f": 0.5349325337331335,
    "pos_f": 0.6086298258894777,
    "tn": 892,
    "fp": 549,
    "fn": 1002,
    "tp": 1206,
    "sensitivity": 0.5461956521739131,
    "specificity": 0.6190145732130465,
    "acc": 0.574952041655248
}