{
    "fbeta-1.0": 0.6982885085574572,
    "neg_prec": 0.6020236087689713,
    "pos_prec": 0.7729052466718872,
    "neg_rec": 0.8311990686845169,
    "pos_rec": 0.5111341273951321,
    "neg_f": 0.6982885085574572,
    "pos_f": 0.6153366583541148,
    "tn": 1428,
    "fp": 290,
    "fn": 944,
    "tp": 987,
    "sensitivity": 0.5111341273951321,
    "specificity": 0.8311990686845169,
    "acc": 0.6618251575774184
}