{
    "fbeta-1.0": 0.5544013121924549,
    "neg_prec": 0.44434706397896584,
    "pos_prec": 0.7351865398683248,
    "neg_rec": 0.7369186046511628,
    "pos_rec": 0.442146942366916,
    "neg_f": 0.5544013121924549,
    "pos_f": 0.5521978021978022,
    "tn": 1014,
    "fp": 362,
    "fn": 1268,
    "tp": 1005,
    "sensitivity": 0.442146942366916,
    "specificity": 0.7369186046511628,
    "acc": 0.5533022745957796
}