{
    "fbeta-1.0": 0.48488338612150883,
    "neg_prec": 0.3724015922158337,
    "pos_prec": 0.7334293948126801,
    "neg_rec": 0.6947194719471947,
    "pos_rec": 0.4177267131719327,
    "neg_f": 0.48488338612150883,
    "pos_f": 0.5322875816993463,
    "tn": 842,
    "fp": 370,
    "fn": 1419,
    "tp": 1018,
    "sensitivity": 0.4177267131719327,
    "specificity": 0.6947194719471947,
    "acc": 0.509728692792546
}