{
    "fbeta-1.0": 0.515275439018523,
    "neg_prec": 0.405528209011738,
    "pos_prec": 0.558531746031746,
    "neg_rec": 0.7064643799472295,
    "pos_rec": 0.26394749179559307,
    "neg_f": 0.515275439018523,
    "pos_f": 0.358484559057625,
    "tn": 1071,
    "fp": 445,
    "fn": 1570,
    "tp": 563,
    "sensitivity": 0.26394749179559307,
    "specificity": 0.7064643799472295,
    "acc": 0.4477939161414086
}