{
    "fbeta-1.0": 0.5668806161745829,
    "neg_prec": 0.43175596402033634,
    "pos_prec": 0.7857142857142857,
    "neg_rec": 0.8251121076233184,
    "pos_rec": 0.3712678494158373,
    "neg_f": 0.5668806161745829,
    "pos_f": 0.50426094622392,
    "tn": 1104,
    "fp": 234,
    "fn": 1453,
    "tp": 858,
    "sensitivity": 0.3712678494158373,
    "specificity": 0.8251121076233184,
    "acc": 0.5376815565908468
}