{
    "fbeta-1.0": 0.6820412168792934,
    "neg_prec": 0.5914893617021276,
    "pos_prec": 0.7413394919168591,
    "neg_rec": 0.8053302433371958,
    "pos_rec": 0.500780031201248,
    "neg_f": 0.6820412168792934,
    "pos_f": 0.5977653631284916,
    "tn": 1390,
    "fp": 336,
    "fn": 960,
    "tp": 963,
    "sensitivity": 0.500780031201248,
    "specificity": 0.8053302433371958,
    "acc": 0.6448342011510003
}