{
    "fbeta-1.0": 0.5735698226330253,
    "neg_prec": 0.4706847068470685,
    "pos_prec": 0.656198347107438,
    "neg_rec": 0.7340153452685422,
    "pos_rec": 0.3808153477218225,
    "neg_f": 0.5735698226330253,
    "pos_f": 0.4819423368740515,
    "tn": 1148,
    "fp": 416,
    "fn": 1291,
    "tp": 794,
    "sensitivity": 0.3808153477218225,
    "specificity": 0.7340153452685422,
    "acc": 0.5322006029049055
}