{
    "fbeta-1.0": 0.4575913069725324,
    "neg_prec": 0.3491478581298941,
    "pos_prec": 0.7401894451962111,
    "neg_rec": 0.6637478108581436,
    "pos_rec": 0.43637814120462703,
    "neg_f": 0.4575913069725324,
    "pos_f": 0.5490589711417817,
    "tn": 758,
    "fp": 384,
    "fn": 1413,
    "tp": 1094,
    "sensitivity": 0.43637814120462703,
    "specificity": 0.6637478108581436,
    "acc": 0.5075363113181693
}