{
    "fbeta-1.0": 0.6289006240998559,
    "neg_prec": 0.5368852459016393,
    "pos_prec": 0.6559139784946236,
    "neg_rec": 0.7589803012746235,
    "pos_rec": 0.4123764950598024,
    "neg_f": 0.6289006240998559,
    "pos_f": 0.5063856960408685,
    "tn": 1310,
    "fp": 416,
    "fn": 1130,
    "tp": 793,
    "sensitivity": 0.4123764950598024,
    "specificity": 0.7589803012746235,
    "acc": 0.5763222800767334
}