{
    "fbeta-1.0": 0.6282747226811424,
    "neg_prec": 0.48915839764792357,
    "pos_prec": 0.8006465517241379,
    "neg_rec": 0.8779683377308707,
    "pos_rec": 0.3483356774496015,
    "neg_f": 0.6282747226811424,
    "pos_f": 0.4854622672329304,
    "tn": 1331,
    "fp": 185,
    "fn": 1390,
    "tp": 743,
    "sensitivity": 0.3483356774496015,
    "specificity": 0.8779683377308707,
    "acc": 0.5683748972321184
}