{
    "fbeta-1.0": 0.5883597883597883,
    "neg_prec": 0.47278911564625853,
    "pos_prec": 0.756360832690825,
    "neg_rec": 0.7787114845938375,
    "pos_rec": 0.44169293111211166,
    "neg_f": 0.5883597883597883,
    "pos_f": 0.557703240477544,
    "tn": 1112,
    "fp": 316,
    "fn": 1240,
    "tp": 981,
    "sensitivity": 0.44169293111211166,
    "specificity": 0.7787114845938375,
    "acc": 0.5735818032337626
}