{
    "fbeta-1.0": 0.6429472621751199,
    "neg_prec": 0.5183075671277462,
    "pos_prec": 0.8060453400503779,
    "neg_rec": 0.8465116279069768,
    "pos_rec": 0.44776119402985076,
    "neg_f": 0.6429472621751199,
    "pos_f": 0.575712143928036,
    "tn": 1274,
    "fp": 231,
    "fn": 1184,
    "tp": 960,
    "sensitivity": 0.44776119402985076,
    "specificity": 0.8465116279069768,
    "acc": 0.6122225267196493
}