{
    "fbeta-1.0": 0.5518030910131654,
    "neg_prec": 0.46257197696737046,
    "pos_prec": 0.7150159744408946,
    "neg_rec": 0.6836879432624113,
    "pos_rec": 0.49977668602054487,
    "neg_f": 0.5518030910131654,
    "pos_f": 0.5883280757097792,
    "tn": 964,
    "fp": 446,
    "fn": 1120,
    "tp": 1119,
    "sensitivity": 0.49977668602054487,
    "specificity": 0.6836879432624113,
    "acc": 0.570841326390792
}