{
    "fbeta-1.0": 0.5587536308423554,
    "neg_prec": 0.43130860171218915,
    "pos_prec": 0.7692307692307693,
    "neg_rec": 0.7931034482758621,
    "pos_rec": 0.39740820734341253,
    "neg_f": 0.5587536308423554,
    "pos_f": 0.5240672173170038,
    "tn": 1058,
    "fp": 276,
    "fn": 1395,
    "tp": 920,
    "sensitivity": 0.39740820734341253,
    "specificity": 0.7931034482758621,
    "acc": 0.5420663195395999
}