{
    "fbeta-1.0": 0.6626814688300598,
    "neg_prec": 0.5604236880115552,
    "pos_prec": 0.8269720101781171,
    "neg_rec": 0.8105849582172702,
    "pos_rec": 0.587437867148667,
    "neg_f": 0.6626814688300598,
    "pos_f": 0.6869220607661822,
    "tn": 1164,
    "fp": 272,
    "fn": 913,
    "tp": 1300,
    "sensitivity": 0.587437867148667,
    "specificity": 0.8105849582172702,
    "acc": 0.6752534941079747
}