{
    "fbeta-1.0": 0.6732946699806683,
    "neg_prec": 0.5926105979581915,
    "pos_prec": 0.7832914572864321,
    "neg_rec": 0.7794117647058824,
    "pos_rec": 0.5980815347721823,
    "neg_f": 0.6732946699806683,
    "pos_f": 0.6782703290726135,
    "tn": 1219,
    "fp": 345,
    "fn": 838,
    "tp": 1247,
    "sensitivity": 0.5980815347721823,
    "specificity": 0.7794117647058824,
    "acc": 0.6758015894765689
}