{
    "fbeta-1.0": 0.6209253417455309,
    "neg_prec": 0.4970538720538721,
    "pos_prec": 0.8059701492537313,
    "neg_rec": 0.8270308123249299,
    "pos_rec": 0.4619540747411076,
    "neg_f": 0.6209253417455309,
    "pos_f": 0.5872925014310246,
    "tn": 1181,
    "fp": 247,
    "fn": 1195,
    "tp": 1026,
    "sensitivity": 0.4619540747411076,
    "specificity": 0.8270308123249299,
    "acc": 0.6048232392436284
}