{
    "fbeta-1.0": 0.623148380617625,
    "neg_prec": 0.5358376511226253,
    "pos_prec": 0.6804201050262566,
    "neg_rec": 0.7444511097780444,
    "pos_rec": 0.4576185671039354,
    "neg_f": 0.623148380617625,
    "pos_f": 0.547209653092006,
    "tn": 1241,
    "fp": 426,
    "fn": 1075,
    "tp": 907,
    "sensitivity": 0.4576185671039354,
    "specificity": 0.7444511097780444,
    "acc": 0.5886544258701014
}