{
    "fbeta-1.0": 0.5978346976498548,
    "neg_prec": 0.4685430463576159,
    "pos_prec": 0.8061638280616383,
    "neg_rec": 0.825674690007294,
    "pos_rec": 0.4363476733977173,
    "neg_f": 0.5978346976498548,
    "pos_f": 0.5662204500142409,
    "tn": 1132,
    "fp": 239,
    "fn": 1284,
    "tp": 994,
    "sensitivity": 0.4363476733977173,
    "specificity": 0.825674690007294,
    "acc": 0.5826253768155659
}