{
    "fbeta-1.0": 0.5872524752475247,
    "neg_prec": 0.4618004866180049,
    "pos_prec": 0.8569636135508155,
    "neg_rec": 0.806287170773152,
    "pos_rec": 0.5525889967637541,
    "neg_f": 0.5872524752475247,
    "pos_f": 0.6719134284308902,
    "tn": 949,
    "fp": 228,
    "fn": 1106,
    "tp": 1366,
    "sensitivity": 0.5525889967637541,
    "specificity": 0.806287170773152,
    "acc": 0.6344203891477117
}