{
    "fbeta-1.0": 0.5639515865227347,
    "neg_prec": 0.44686365992742355,
    "pos_prec": 0.8453488372093023,
    "neg_rec": 0.7641843971631206,
    "pos_rec": 0.5767552558508529,
    "neg_f": 0.5639515865227347,
    "pos_f": 0.6856873378920065,
    "tn": 862,
    "fp": 266,
    "fn": 1067,
    "tp": 1454,
    "sensitivity": 0.5767552558508529,
    "specificity": 0.7641843971631206,
    "acc": 0.6346944368320088
}