{
    "fbeta-1.0": 0.5840271353684859,
    "neg_prec": 0.46627277203348105,
    "pos_prec": 0.8362175525339925,
    "neg_rec": 0.7813531353135313,
    "pos_rec": 0.5551908083709479,
    "neg_f": 0.5840271353684859,
    "pos_f": 0.667324290998767,
    "tn": 947,
    "fp": 265,
    "fn": 1084,
    "tp": 1353,
    "sensitivity": 0.5551908083709479,
    "specificity": 0.7813531353135313,
    "acc": 0.6303096738832557
}