{
    "fbeta-1.0": 0.5622400887163846,
    "neg_prec": 0.5178753830439223,
    "pos_prec": 0.6244825547013602,
    "neg_rec": 0.6149181322013342,
    "pos_rec": 0.528,
    "neg_f": 0.5622400887163846,
    "pos_f": 0.5722026551070171,
    "tn": 1014,
    "fp": 635,
    "fn": 944,
    "tp": 1056,
    "sensitivity": 0.528,
    "specificity": 0.6149181322013342,
    "acc": 0.5672787064949301
}