{
    "fbeta-1.0": 0.556390977443609,
    "neg_prec": 0.4791859389454209,
    "pos_prec": 0.6462676529926026,
    "neg_rec": 0.6632522407170295,
    "pos_rec": 0.460469573550551,
    "neg_f": 0.556390977443609,
    "pos_f": 0.5377728035814213,
    "tn": 1036,
    "fp": 526,
    "fn": 1126,
    "tp": 961,
    "sensitivity": 0.460469573550551,
    "specificity": 0.6632522407170295,
    "acc": 0.5472732255412441
}