{
    "fbeta-1.0": 0.6141450313339302,
    "neg_prec": 0.5127055306427504,
    "pos_prec": 0.8081607795371498,
    "neg_rec": 0.765625,
    "pos_rec": 0.575704989154013,
    "neg_f": 0.6141450313339302,
    "pos_f": 0.6724094248796554,
    "tn": 1029,
    "fp": 315,
    "fn": 978,
    "tp": 1327,
    "sensitivity": 0.575704989154013,
    "specificity": 0.765625,
    "acc": 0.6456563442038915
}