{
    "fbeta-1.0": 0.46193622522263716,
    "neg_prec": 0.3543411194358748,
    "pos_prec": 0.7043478260869566,
    "neg_rec": 0.6633663366336634,
    "pos_rec": 0.39885104636848584,
    "neg_f": 0.46193622522263716,
    "pos_f": 0.5093004977731203,
    "tn": 804,
    "fp": 408,
    "fn": 1465,
    "tp": 972,
    "sensitivity": 0.39885104636848584,
    "specificity": 0.6633663366336634,
    "acc": 0.4867086873115922
}