{
    "fbeta-1.0": 0.5582264957264957,
    "neg_prec": 0.4343308395677473,
    "pos_prec": 0.7642799678197908,
    "neg_rec": 0.78101644245142,
    "pos_rec": 0.4110774556469061,
    "neg_f": 0.5582264957264957,
    "pos_f": 0.5346088913899831,
    "tn": 1045,
    "fp": 293,
    "fn": 1361,
    "tp": 950,
    "sensitivity": 0.4110774556469061,
    "specificity": 0.78101644245142,
    "acc": 0.54672513017265
}