{
    "fbeta-1.0": 0.5150442477876107,
    "neg_prec": 0.4467758444216991,
    "pos_prec": 0.6678466076696166,
    "neg_rec": 0.6079387186629527,
    "pos_rec": 0.5115228197017623,
    "neg_f": 0.5150442477876107,
    "pos_f": 0.5793244626407369,
    "tn": 873,
    "fp": 563,
    "fn": 1081,
    "tp": 1132,
    "sensitivity": 0.5115228197017623,
    "specificity": 0.6079387186629527,
    "acc": 0.5494656070156207
}