{
    "fbeta-1.0": 0.5305039787798409,
    "neg_prec": 0.423728813559322,
    "pos_prec": 0.6819239720713731,
    "neg_rec": 0.7092198581560284,
    "pos_rec": 0.3925859758820902,
    "neg_f": 0.5305039787798409,
    "pos_f": 0.4982993197278912,
    "tn": 1000,
    "fp": 410,
    "fn": 1360,
    "tp": 879,
    "sensitivity": 0.3925859758820902,
    "specificity": 0.7092198581560284,
    "acc": 0.5149355987941902
}