{
    "fbeta-1.0": 0.577376061353054,
    "neg_prec": 0.47584650112866816,
    "pos_prec": 0.7336122733612274,
    "neg_rec": 0.733983286908078,
    "pos_rec": 0.4753727971079982,
    "neg_f": 0.577376061353054,
    "pos_f": 0.5769125308472718,
    "tn": 1054,
    "fp": 382,
    "fn": 1161,
    "tp": 1052,
    "sensitivity": 0.4753727971079982,
    "specificity": 0.733983286908078,
    "acc": 0.5771444231296246
}