{
    "fbeta-1.0": 0.6414588361491017,
    "neg_prec": 0.5625587958607714,
    "pos_prec": 0.7327642810242941,
    "neg_rec": 0.7461010605115409,
    "pos_rec": 0.5454545454545454,
    "neg_f": 0.6414588361491017,
    "pos_f": 0.6253852619781451,
    "tn": 1196,
    "fp": 407,
    "fn": 930,
    "tp": 1116,
    "sensitivity": 0.5454545454545454,
    "specificity": 0.7461010605115409,
    "acc": 0.6335982460948205
}