{
    "fbeta-1.0": 0.5090361445783134,
    "neg_prec": 0.4346707818930041,
    "pos_prec": 0.6885630498533725,
    "neg_rec": 0.6140988372093024,
    "pos_rec": 0.5164980202375715,
    "neg_f": 0.5090361445783134,
    "pos_f": 0.5902463549522373,
    "tn": 845,
    "fp": 531,
    "fn": 1099,
    "tp": 1174,
    "sensitivity": 0.5164980202375715,
    "specificity": 0.6140988372093024,
    "acc": 0.5533022745957796
}