{
    "fbeta-1.0": 0.5538623226484499,
    "neg_prec": 0.45806171229900045,
    "pos_prec": 0.6654302670623146,
    "neg_rec": 0.7003322259136212,
    "pos_rec": 0.4183768656716418,
    "neg_f": 0.5538623226484499,
    "pos_f": 0.5137457044673539,
    "tn": 1054,
    "fp": 451,
    "fn": 1247,
    "tp": 897,
    "sensitivity": 0.4183768656716418,
    "specificity": 0.7003322259136212,
    "acc": 0.534667032063579
}