{
    "fbeta-1.0": 0.5888951205832866,
    "neg_prec": 0.478796169630643,
    "pos_prec": 0.7781593406593407,
    "neg_rec": 0.764748725418791,
    "pos_rec": 0.4978031634446397,
    "neg_f": 0.5888951205832866,
    "pos_f": 0.6071811361200429,
    "tn": 1050,
    "fp": 323,
    "fn": 1143,
    "tp": 1133,
    "sensitivity": 0.4978031634446397,
    "specificity": 0.764748725418791,
    "acc": 0.5982460948204987
}