{
    "fbeta-1.0": 0.5879332477535302,
    "neg_prec": 0.4812946616225305,
    "pos_prec": 0.7078740157480315,
    "neg_rec": 0.7552770448548812,
    "pos_rec": 0.4214721050164088,
    "neg_f": 0.5879332477535302,
    "pos_f": 0.5283573317660887,
    "tn": 1145,
    "fp": 371,
    "fn": 1234,
    "tp": 899,
    "sensitivity": 0.4214721050164088,
    "specificity": 0.7552770448548812,
    "acc": 0.5601534667032063
}