{
    "fbeta-1.0": 0.5022026431718061,
    "neg_prec": 0.41244573082489144,
    "pos_prec": 0.6973350253807107,
    "neg_rec": 0.6418918918918919,
    "pos_rec": 0.4743202416918429,
    "neg_f": 0.5022026431718061,
    "pos_f": 0.5646031338299512,
    "tn": 855,
    "fp": 477,
    "fn": 1218,
    "tp": 1099,
    "sensitivity": 0.4743202416918429,
    "specificity": 0.6418918918918919,
    "acc": 0.5354891751164703
}