{
    "fbeta-1.0": 0.6682705159048382,
    "neg_prec": 0.6027000964320154,
    "pos_prec": 0.7352380952380952,
    "neg_rec": 0.7498500299940012,
    "pos_rec": 0.5842583249243188,
    "neg_f": 0.6682705159048382,
    "pos_f": 0.6511104863649142,
    "tn": 1250,
    "fp": 417,
    "fn": 824,
    "tp": 1158,
    "sensitivity": 0.5842583249243188,
    "specificity": 0.7498500299940012,
    "acc": 0.659906823787339
}