{
    "fbeta-1.0": 0.6149840902516633,
    "neg_prec": 0.5192965315095261,
    "pos_prec": 0.7833957553058677,
    "neg_rec": 0.7539007092198582,
    "pos_rec": 0.5605180884323359,
    "neg_f": 0.6149840902516633,
    "pos_f": 0.6534756573808904,
    "tn": 1063,
    "fp": 347,
    "fn": 984,
    "tp": 1255,
    "sensitivity": 0.5605180884323359,
    "specificity": 0.7539007092198582,
    "acc": 0.6352425322006029
}