{
    "fbeta-1.0": 0.5768143261074459,
    "neg_prec": 0.4497795198432141,
    "pos_prec": 0.8606965174129353,
    "neg_rec": 0.8038528896672504,
    "pos_rec": 0.5520542481053051,
    "neg_f": 0.5768143261074459,
    "pos_f": 0.6726609963547996,
    "tn": 918,
    "fp": 224,
    "fn": 1123,
    "tp": 1384,
    "sensitivity": 0.5520542481053051,
    "specificity": 0.8038528896672504,
    "acc": 0.6308577692518498
}