{
    "fbeta-1.0": 0.6036011824778285,
    "neg_prec": 0.5106866757617099,
    "pos_prec": 0.7248275862068966,
    "neg_rec": 0.7378449408672799,
    "pos_rec": 0.49412317818523743,
    "neg_f": 0.6036011824778285,
    "pos_f": 0.5876432764886778,
    "tn": 1123,
    "fp": 399,
    "fn": 1076,
    "tp": 1051,
    "sensitivity": 0.49412317818523743,
    "specificity": 0.7378449408672799,
    "acc": 0.5957796656618252
}