{
    "fbeta-1.0": 0.5553490841518449,
    "neg_prec": 0.4980952380952381,
    "pos_prec": 0.5990961910910265,
    "neg_rec": 0.6274745050989802,
    "pos_rec": 0.4682139253279516,
    "neg_f": 0.5553490841518449,
    "pos_f": 0.5256301331067686,
    "tn": 1046,
    "fp": 621,
    "fn": 1054,
    "tp": 928,
    "sensitivity": 0.4682139253279516,
    "specificity": 0.6274745050989802,
    "acc": 0.5409701288024116
}