{
    "fbeta-1.0": 0.5624683864441071,
    "neg_prec": 0.45723684210526316,
    "pos_prec": 0.6631059983566147,
    "neg_rec": 0.7306176084099869,
    "pos_rec": 0.37940761636107195,
    "neg_f": 0.5624683864441071,
    "pos_f": 0.4826555023923446,
    "tn": 1112,
    "fp": 410,
    "fn": 1320,
    "tp": 807,
    "sensitivity": 0.37940761636107195,
    "specificity": 0.7306176084099869,
    "acc": 0.5258975061660729
}