{
    "fbeta-1.0": 0.5671397379912664,
    "neg_prec": 0.5041242115477923,
    "pos_prec": 0.6448362720403022,
    "neg_rec": 0.6481597005614473,
    "pos_rec": 0.5004887585532747,
    "neg_f": 0.5671397379912664,
    "pos_f": 0.5635663181067694,
    "tn": 1039,
    "fp": 564,
    "fn": 1022,
    "tp": 1024,
    "sensitivity": 0.5004887585532747,
    "specificity": 0.6481597005614473,
    "acc": 0.5653603727048506
}