{
    "fbeta-1.0": 0.6399814900509022,
    "neg_prec": 0.5090172984909827,
    "pos_prec": 0.7618025751072961,
    "neg_rec": 0.8616822429906542,
    "pos_rec": 0.3473581213307241,
    "neg_f": 0.6399814900509022,
    "pos_f": 0.4771505376344085,
    "tn": 1383,
    "fp": 222,
    "fn": 1334,
    "tp": 710,
    "sensitivity": 0.3473581213307241,
    "specificity": 0.8616822429906542,
    "acc": 0.5735818032337626
}