{
    "fbeta-1.0": 0.5557018698972872,
    "neg_prec": 0.509415741187832,
    "pos_prec": 0.5747782002534855,
    "neg_rec": 0.6112398609501738,
    "pos_rec": 0.4716588663546542,
    "neg_f": 0.5557018698972872,
    "pos_f": 0.5181376749500143,
    "tn": 1055,
    "fp": 671,
    "fn": 1016,
    "tp": 907,
    "sensitivity": 0.4716588663546542,
    "specificity": 0.6112398609501738,
    "acc": 0.5376815565908468
}