{
    "fbeta-1.0": 0.6208144796380091,
    "neg_prec": 0.5204855842185129,
    "pos_prec": 0.8151913875598086,
    "neg_rec": 0.7690582959641256,
    "pos_rec": 0.5897879705755085,
    "neg_f": 0.6208144796380091,
    "pos_f": 0.6844087371328145,
    "tn": 1029,
    "fp": 309,
    "fn": 948,
    "tp": 1363,
    "sensitivity": 0.5897879705755085,
    "specificity": 0.7690582959641256,
    "acc": 0.6555220608385859
}