{
    "fbeta-1.0": 0.5548387096774193,
    "neg_prec": 0.42965627498001596,
    "pos_prec": 0.7401918047079338,
    "neg_rec": 0.7829570284049526,
    "pos_rec": 0.37302284710017575,
    "neg_f": 0.5548387096774193,
    "pos_f": 0.4960560911481158,
    "tn": 1075,
    "fp": 298,
    "fn": 1427,
    "tp": 849,
    "sensitivity": 0.37302284710017575,
    "specificity": 0.7829570284049526,
    "acc": 0.5272677445875582
}