{
    "fbeta-1.0": 0.42389835090565015,
    "neg_prec": 0.32450331125827814,
    "pos_prec": 0.5952960259529603,
    "neg_rec": 0.6110678098207326,
    "pos_rec": 0.31022823330515636,
    "neg_f": 0.42389835090565015,
    "pos_f": 0.40789108085579323,
    "tn": 784,
    "fp": 499,
    "fn": 1632,
    "tp": 734,
    "sensitivity": 0.31022823330515636,
    "specificity": 0.6110678098207326,
    "acc": 0.41600438476294876
}