{
    "fbeta-1.0": 0.635846372688478,
    "neg_prec": 0.5364,
    "pos_prec": 0.6718885987815492,
    "neg_rec": 0.780558789289872,
    "pos_rec": 0.3997928534438115,
    "neg_f": 0.635846372688478,
    "pos_f": 0.5012987012987014,
    "tn": 1341,
    "fp": 377,
    "fn": 1159,
    "tp": 772,
    "sensitivity": 0.3997928534438115,
    "specificity": 0.780558789289872,
    "acc": 0.579062756919704
}