{
    "fbeta-1.0": 0.6882290562036055,
    "neg_prec": 0.6113989637305699,
    "pos_prec": 0.7699868938401049,
    "neg_rec": 0.7871437234687689,
    "pos_rec": 0.5875,
    "neg_f": 0.6882290562036055,
    "pos_f": 0.6664775950085083,
    "tn": 1298,
    "fp": 351,
    "fn": 825,
    "tp": 1175,
    "sensitivity": 0.5875,
    "specificity": 0.7871437234687689,
    "acc": 0.6777199232666484
}