{
    "fbeta-1.0": 0.5143011332973557,
    "neg_prec": 0.4084869267038148,
    "pos_prec": 0.6808510638297872,
    "neg_rec": 0.6941005098324836,
    "pos_rec": 0.3936731107205624,
    "neg_f": 0.5143011332973557,
    "pos_f": 0.49888641425389757,
    "tn": 953,
    "fp": 420,
    "fn": 1380,
    "tp": 896,
    "sensitivity": 0.3936731107205624,
    "specificity": 0.6941005098324836,
    "acc": 0.5067141682652782
}