{
    "fbeta-1.0": 0.5443820224719101,
    "neg_prec": 0.4081718618365628,
    "pos_prec": 0.8298039215686275,
    "neg_rec": 0.8170320404721754,
    "pos_rec": 0.4295574502639058,
    "neg_f": 0.5443820224719101,
    "pos_f": 0.5660781166399144,
    "tn": 969,
    "fp": 217,
    "fn": 1405,
    "tp": 1058,
    "sensitivity": 0.4295574502639058,
    "specificity": 0.8170320404721754,
    "acc": 0.5554946560701562
}