{
    "fbeta-1.0": 0.5434023112066648,
    "neg_prec": 0.43747295543054954,
    "pos_prec": 0.7017937219730942,
    "neg_rec": 0.7170212765957447,
    "pos_rec": 0.41938365341670386,
    "neg_f": 0.5434023112066648,
    "pos_f": 0.5250209672910261,
    "tn": 1011,
    "fp": 399,
    "fn": 1300,
    "tp": 939,
    "sensitivity": 0.41938365341670386,
    "specificity": 0.7170212765957447,
    "acc": 0.534392984379282
}