{
    "fbeta-1.0": 0.5569072722357394,
    "neg_prec": 0.4551480335837384,
    "pos_prec": 0.7070707070707071,
    "neg_rec": 0.7172701949860725,
    "pos_rec": 0.44283777677361047,
    "neg_f": 0.5569072722357394,
    "pos_f": 0.5445957210336204,
    "tn": 1030,
    "fp": 406,
    "fn": 1233,
    "tp": 980,
    "sensitivity": 0.44283777677361047,
    "specificity": 0.7172701949860725,
    "acc": 0.5508358454371061
}