{
    "fbeta-1.0": 0.5424164524421594,
    "neg_prec": 0.5593108018555335,
    "pos_prec": 0.6453271028037383,
    "neg_rec": 0.5265127885215222,
    "pos_rec": 0.6749755620723362,
    "neg_f": 0.5424164524421594,
    "pos_f": 0.659818442427138,
    "tn": 844,
    "fp": 759,
    "fn": 665,
    "tp": 1381,
    "sensitivity": 0.6749755620723362,
    "specificity": 0.5265127885215222,
    "acc": 0.6097560975609756
}