{
    "fbeta-1.0": 0.5683612251341964,
    "neg_prec": 0.5415162454873647,
    "pos_prec": 0.6955208857574232,
    "neg_rec": 0.5980066445182725,
    "pos_rec": 0.644589552238806,
    "neg_f": 0.5683612251341964,
    "pos_f": 0.6690873880416364,
    "tn": 900,
    "fp": 605,
    "fn": 762,
    "tp": 1382,
    "sensitivity": 0.644589552238806,
    "specificity": 0.5980066445182725,
    "acc": 0.6253768155659085
}