{
    "fbeta-1.0": 0.5100882723833544,
    "neg_prec": 0.4885265700483092,
    "pos_prec": 0.6452584044154541,
    "neg_rec": 0.533641160949868,
    "pos_rec": 0.602906704172527,
    "neg_f": 0.5100882723833544,
    "pos_f": 0.6233640329617064,
    "tn": 809,
    "fp": 707,
    "fn": 847,
    "tp": 1286,
    "sensitivity": 0.602906704172527,
    "specificity": 0.533641160949868,
    "acc": 0.5741298986023569
}