{
    "fbeta-1.0": 0.46018298881735,
    "neg_prec": 0.3827508455467869,
    "pos_prec": 0.7344,
    "neg_rec": 0.5768903993203058,
    "pos_rec": 0.5570388349514563,
    "neg_f": 0.46018298881735,
    "pos_f": 0.6335403726708075,
    "tn": 679,
    "fp": 498,
    "fn": 1095,
    "tp": 1377,
    "sensitivity": 0.5570388349514563,
    "specificity": 0.5768903993203058,
    "acc": 0.5634420389147712
}