{
    "fbeta-1.0": 0.6670612607280261,
    "neg_prec": 0.6068928379106086,
    "pos_prec": 0.7795758928571429,
    "neg_rec": 0.740473061760841,
    "pos_rec": 0.6567936060178655,
    "neg_f": 0.6670612607280261,
    "pos_f": 0.7129369737177852,
    "tn": 1127,
    "fp": 395,
    "fn": 730,
    "tp": 1397,
    "sensitivity": 0.6567936060178655,
    "specificity": 0.740473061760841,
    "acc": 0.6916963551657989
}