{
    "fbeta-1.0": 0.6293880086983534,
    "neg_prec": 0.5487540628385699,
    "pos_prec": 0.800332778702163,
    "neg_rec": 0.7378004369992717,
    "pos_rec": 0.6340070298769771,
    "neg_f": 0.6293880086983534,
    "pos_f": 0.7075263544986515,
    "tn": 1013,
    "fp": 360,
    "fn": 833,
    "tp": 1443,
    "sensitivity": 0.6340070298769771,
    "specificity": 0.7378004369992717,
    "acc": 0.6730611126335982
}