{
    "fbeta-1.0": 0.5573549257759783,
    "neg_prec": 0.44989106753812635,
    "pos_prec": 0.8334252619966905,
    "neg_rec": 0.7322695035460993,
    "pos_rec": 0.5993653312177707,
    "neg_f": 0.5573549257759783,
    "pos_f": 0.6972773419473927,
    "tn": 826,
    "fp": 302,
    "fn": 1010,
    "tp": 1511,
    "sensitivity": 0.5993653312177707,
    "specificity": 0.7322695035460993,
    "acc": 0.6404494382022472
}