{
    "fbeta-1.0": 0.5169129720853858,
    "neg_prec": 0.4813455657492355,
    "pos_prec": 0.6906653426017875,
    "neg_rec": 0.5581560283687943,
    "pos_rec": 0.6212594908441268,
    "neg_f": 0.5169129720853858,
    "pos_f": 0.6541264989419233,
    "tn": 787,
    "fp": 623,
    "fn": 848,
    "tp": 1391,
    "sensitivity": 0.6212594908441268,
    "specificity": 0.5581560283687943,
    "acc": 0.5968758563990134
}