{
    "fbeta-1.0": 0.6012309685779074,
    "neg_prec": 0.48816412414518673,
    "pos_prec": 0.8524027459954233,
    "neg_rec": 0.7824620573355818,
    "pos_rec": 0.6049533089727974,
    "neg_f": 0.6012309685779074,
    "pos_f": 0.7076703870814534,
    "tn": 928,
    "fp": 258,
    "fn": 973,
    "tp": 1490,
    "sensitivity": 0.6049533089727974,
    "specificity": 0.7824620573355818,
    "acc": 0.6626473006303096
}