{
    "fbeta-1.0": 0.57125,
    "neg_prec": 0.45180425111220957,
    "pos_prec": 0.8382533825338253,
    "neg_rec": 0.7765505522514868,
    "pos_rec": 0.5513754045307443,
    "neg_f": 0.57125,
    "pos_f": 0.6652025378233284,
    "tn": 914,
    "fp": 263,
    "fn": 1109,
    "tp": 1363,
    "sensitivity": 0.5513754045307443,
    "specificity": 0.7765505522514868,
    "acc": 0.6240065771444231
}