{
    "fbeta-1.0": 0.5893561103810776,
    "neg_prec": 0.471608832807571,
    "pos_prec": 0.8597595878649112,
    "neg_rec": 0.7854640980735552,
    "pos_rec": 0.5991224571200638,
    "neg_f": 0.5893561103810776,
    "pos_f": 0.7061589092618712,
    "tn": 897,
    "fp": 245,
    "fn": 1005,
    "tp": 1502,
    "sensitivity": 0.5991224571200638,
    "specificity": 0.7854640980735552,
    "acc": 0.6574403946286654
}