{
    "fbeta-1.0": 0.5851500789889414,
    "neg_prec": 0.49704777241009124,
    "pos_prec": 0.7894736842105263,
    "neg_rec": 0.7112135176651305,
    "pos_rec": 0.6007669365146996,
    "neg_f": 0.5851500789889414,
    "pos_f": 0.6823130897653037,
    "tn": 926,
    "fp": 376,
    "fn": 937,
    "tp": 1410,
    "sensitivity": 0.6007669365146996,
    "specificity": 0.7112135176651305,
    "acc": 0.6401753905179501
}