{
    "fbeta-1.0": 0.5394824153948241,
    "neg_prec": 0.47488317757009346,
    "pos_prec": 0.7475477542591636,
    "neg_rec": 0.6244239631336406,
    "pos_rec": 0.6169578184916915,
    "neg_f": 0.5394824153948241,
    "pos_f": 0.6760037348272643,
    "tn": 813,
    "fp": 489,
    "fn": 899,
    "tp": 1448,
    "sensitivity": 0.6169578184916915,
    "specificity": 0.6244239631336406,
    "acc": 0.6196218141956701
}