{
    "fbeta-1.0": 0.6192192192192193,
    "neg_prec": 0.6305810397553517,
    "pos_prec": 0.6703078450844091,
    "neg_rec": 0.608259587020649,
    "pos_rec": 0.6908904810644831,
    "neg_f": 0.6192192192192193,
    "pos_f": 0.6804435483870968,
    "tn": 1031,
    "fp": 664,
    "fn": 604,
    "tp": 1350,
    "sensitivity": 0.6908904810644831,
    "specificity": 0.608259587020649,
    "acc": 0.6525075363113182
}