{
    "fbeta-1.0": 0.6040471156750227,
    "neg_prec": 0.5159958720330238,
    "pos_prec": 0.7819988310929281,
    "neg_rec": 0.7283321194464676,
    "pos_rec": 0.5878734622144113,
    "neg_f": 0.6040471156750227,
    "pos_f": 0.671181339352897,
    "tn": 1000,
    "fp": 373,
    "fn": 938,
    "tp": 1338,
    "sensitivity": 0.5878734622144113,
    "specificity": 0.7283321194464676,
    "acc": 0.6407234858865443
}