{
    "fbeta-1.0": 0.5240538806927518,
    "neg_prec": 0.5630599586492074,
    "pos_prec": 0.6132848043676069,
    "neg_rec": 0.4901019796040792,
    "pos_rec": 0.6801210898082745,
    "neg_f": 0.5240538806927518,
    "pos_f": 0.644976076555024,
    "tn": 817,
    "fp": 850,
    "fn": 634,
    "tp": 1348,
    "sensitivity": 0.6801210898082745,
    "specificity": 0.4901019796040792,
    "acc": 0.5933132365031516
}