{
    "fbeta-1.0": 0.49050316561146284,
    "neg_prec": 0.4415116976604679,
    "pos_prec": 0.698284561049445,
    "neg_rec": 0.5517241379310345,
    "pos_rec": 0.5978401727861771,
    "neg_f": 0.49050316561146284,
    "pos_f": 0.6441703514079591,
    "tn": 736,
    "fp": 598,
    "fn": 931,
    "tp": 1384,
    "sensitivity": 0.5978401727861771,
    "specificity": 0.5517241379310345,
    "acc": 0.5809810907097835
}