{
    "fbeta-1.0": 0.6151983045716016,
    "neg_prec": 0.570466030320045,
    "pos_prec": 0.7291220556745182,
    "neg_rec": 0.6675427069645203,
    "pos_rec": 0.6403385049365303,
    "neg_f": 0.6151983045716016,
    "pos_f": 0.6818523153942428,
    "tn": 1016,
    "fp": 506,
    "fn": 765,
    "tp": 1362,
    "sensitivity": 0.6403385049365303,
    "specificity": 0.6675427069645203,
    "acc": 0.651685393258427
}