{
    "fbeta-1.0": 0.5093289689034369,
    "neg_prec": 0.5055230669265757,
    "pos_prec": 0.6502369668246446,
    "neg_rec": 0.5131926121372031,
    "pos_rec": 0.6432255039849977,
    "neg_f": 0.5093289689034369,
    "pos_f": 0.6467122319113835,
    "tn": 778,
    "fp": 738,
    "fn": 761,
    "tp": 1372,
    "sensitivity": 0.6432255039849977,
    "specificity": 0.5131926121372031,
    "acc": 0.5892025212386955
}