{
    "fbeta-1.0": 0.5017543859649123,
    "neg_prec": 0.4296875,
    "pos_prec": 0.7627204030226701,
    "neg_rec": 0.602866779089376,
    "pos_rec": 0.6146975233455136,
    "neg_f": 0.5017543859649123,
    "pos_f": 0.6807553956834532,
    "tn": 715,
    "fp": 471,
    "fn": 949,
    "tp": 1514,
    "sensitivity": 0.6146975233455136,
    "specificity": 0.602866779089376,
    "acc": 0.6108522882981638
}