{
    "fbeta-1.0": 0.5978152929493545,
    "neg_prec": 0.5352697095435685,
    "pos_prec": 0.7803261977573904,
    "neg_rec": 0.676911544227886,
    "pos_rec": 0.6613390928725702,
    "neg_f": 0.5978152929493545,
    "pos_f": 0.7159223754968436,
    "tn": 903,
    "fp": 431,
    "fn": 784,
    "tp": 1531,
    "sensitivity": 0.6613390928725702,
    "specificity": 0.676911544227886,
    "acc": 0.6670320635790628
}