{
    "fbeta-1.0": 0.47050893158072127,
    "neg_prec": 0.41921921921921923,
    "pos_prec": 0.6955645161290323,
    "neg_rec": 0.5360983102918587,
    "pos_rec": 0.587984661269706,
    "neg_f": 0.47050893158072127,
    "pos_f": 0.6372662202724545,
    "tn": 698,
    "fp": 604,
    "fn": 967,
    "tp": 1380,
    "sensitivity": 0.587984661269706,
    "specificity": 0.5360983102918587,
    "acc": 0.5694710879693067
}