{
    "fbeta-1.0": 0.5305574210879784,
    "neg_prec": 0.5123216601815823,
    "pos_prec": 0.6934029425723778,
    "neg_rec": 0.5501392757660167,
    "pos_rec": 0.6601897876186172,
    "neg_f": 0.5305574210879784,
    "pos_f": 0.6763888888888888,
    "tn": 790,
    "fp": 646,
    "fn": 752,
    "tp": 1461,
    "sensitivity": 0.6601897876186172,
    "specificity": 0.5501392757660167,
    "acc": 0.6168813373526993
}