{
    "fbeta-1.0": 0.5902578796561605,
    "neg_prec": 0.5252124645892351,
    "pos_prec": 0.7616772823779193,
    "neg_rec": 0.6736918604651163,
    "pos_rec": 0.6313242410910691,
    "neg_f": 0.5902578796561605,
    "pos_f": 0.6904017320182824,
    "tn": 927,
    "fp": 449,
    "fn": 838,
    "tp": 1435,
    "sensitivity": 0.6313242410910691,
    "specificity": 0.6736918604651163,
    "acc": 0.6473006303096739
}