{
    "fbeta-1.0": 0.5059523809523809,
    "neg_prec": 0.5105105105105106,
    "pos_prec": 0.5740927419354839,
    "neg_rec": 0.5014749262536873,
    "pos_rec": 0.582906857727738,
    "neg_f": 0.5059523809523809,
    "pos_f": 0.5784662265109193,
    "tn": 850,
    "fp": 845,
    "fn": 815,
    "tp": 1139,
    "sensitivity": 0.582906857727738,
    "specificity": 0.5014749262536873,
    "acc": 0.5450808440668676
}