{
    "fbeta-1.0": 0.47836141394119586,
    "neg_prec": 0.43719806763285024,
    "pos_prec": 0.6753637732062218,
    "neg_rec": 0.5280816921954777,
    "pos_rec": 0.5908691834942933,
    "neg_f": 0.47836141394119586,
    "pos_f": 0.6302973542495902,
    "tn": 724,
    "fp": 647,
    "fn": 932,
    "tp": 1346,
    "sensitivity": 0.5908691834942933,
    "specificity": 0.5280816921954777,
    "acc": 0.5672787064949301
}