{
    "fbeta-1.0": 0.6443224501589135,
    "neg_prec": 0.6313703284258211,
    "pos_prec": 0.6919808815719597,
    "neg_rec": 0.6578171091445427,
    "pos_rec": 0.6668372569089048,
    "neg_f": 0.6443224501589135,
    "pos_f": 0.6791764399270265,
    "tn": 1115,
    "fp": 580,
    "fn": 651,
    "tp": 1303,
    "sensitivity": 0.6668372569089048,
    "specificity": 0.6578171091445427,
    "acc": 0.6626473006303096
}