{
    "fbeta-1.0": 0.6134085213032582,
    "neg_prec": 0.5591090805254141,
    "pos_prec": 0.7565858798735511,
    "neg_rec": 0.6793893129770993,
    "pos_rec": 0.6503623188405797,
    "neg_f": 0.6134085213032582,
    "pos_f": 0.6994641987335607,
    "tn": 979,
    "fp": 462,
    "fn": 772,
    "tp": 1436,
    "sensitivity": 0.6503623188405797,
    "specificity": 0.6793893129770993,
    "acc": 0.6618251575774184
}