{
    "fbeta-1.0": 0.5265717262938521,
    "neg_prec": 0.4906148867313916,
    "pos_prec": 0.7262357414448669,
    "neg_rec": 0.568215892053973,
    "pos_rec": 0.6600431965442765,
    "neg_f": 0.5265717262938521,
    "pos_f": 0.6915591762842273,
    "tn": 758,
    "fp": 576,
    "fn": 787,
    "tp": 1528,
    "sensitivity": 0.6600431965442765,
    "specificity": 0.568215892053973,
    "acc": 0.6264730063030968
}