{
    "fbeta-1.0": 0.5622752533507683,
    "neg_prec": 0.5272838749233599,
    "pos_prec": 0.7185332011892963,
    "neg_rec": 0.6022408963585434,
    "pos_rec": 0.6528590724898694,
    "neg_f": 0.5622752533507683,
    "pos_f": 0.6841236140599198,
    "tn": 860,
    "fp": 568,
    "fn": 771,
    "tp": 1450,
    "sensitivity": 0.6528590724898694,
    "specificity": 0.6022408963585434,
    "acc": 0.6330501507262264
}