{
    "fbeta-1.0": 0.6181818181818183,
    "neg_prec": 0.5222457627118644,
    "pos_prec": 0.8205565019875071,
    "neg_rec": 0.7572964669738863,
    "pos_rec": 0.6156795909671922,
    "neg_f": 0.6181818181818183,
    "pos_f": 0.7035053554040896,
    "tn": 986,
    "fp": 316,
    "fn": 902,
    "tp": 1445,
    "sensitivity": 0.6156795909671922,
    "specificity": 0.7572964669738863,
    "acc": 0.6662099205261716
}