{
    "fbeta-1.0": 0.4708377518557795,
    "neg_prec": 0.4307891332470893,
    "pos_prec": 0.7066096053257251,
    "neg_rec": 0.5190958690568979,
    "pos_rec": 0.6280642434488588,
    "neg_f": 0.4708377518557795,
    "pos_f": 0.6650257328261355,
    "tn": 666,
    "fp": 617,
    "fn": 880,
    "tp": 1486,
    "sensitivity": 0.6280642434488588,
    "specificity": 0.5190958690568979,
    "acc": 0.5897506166072897
}