{
    "fbeta-1.0": 0.4968821791926485,
    "neg_prec": 0.45221027479091996,
    "pos_prec": 0.6881012658227849,
    "neg_rec": 0.551347414420976,
    "pos_rec": 0.5971001757469244,
    "neg_f": 0.4968821791926485,
    "pos_f": 0.639378969654199,
    "tn": 757,
    "fp": 616,
    "fn": 917,
    "tp": 1359,
    "sensitivity": 0.5971001757469244,
    "specificity": 0.551347414420976,
    "acc": 0.5798848999725952
}