{
    "fbeta-1.0": 0.5284909204758923,
    "neg_prec": 0.5311516677155443,
    "pos_prec": 0.6305825242718447,
    "neg_rec": 0.5258566978193147,
    "pos_rec": 0.6355185909980431,
    "neg_f": 0.5284909204758923,
    "pos_f": 0.6330409356725146,
    "tn": 844,
    "fp": 761,
    "fn": 745,
    "tp": 1299,
    "sensitivity": 0.6355185909980431,
    "specificity": 0.5258566978193147,
    "acc": 0.5872841874486161
}