{
    "fbeta-1.0": 0.6461630337414154,
    "neg_prec": 0.6204128440366973,
    "pos_prec": 0.7254593175853018,
    "neg_rec": 0.6741433021806854,
    "pos_rec": 0.6761252446183953,
    "neg_f": 0.6461630337414154,
    "pos_f": 0.6999240314003545,
    "tn": 1082,
    "fp": 523,
    "fn": 662,
    "tp": 1382,
    "sensitivity": 0.6761252446183953,
    "specificity": 0.6741433021806854,
    "acc": 0.6752534941079747
}