{
    "fbeta-1.0": 0.5746907706945766,
    "neg_prec": 0.5197934595524957,
    "pos_prec": 0.7355718782791185,
    "neg_rec": 0.6425531914893617,
    "pos_rec": 0.6261723983921393,
    "neg_f": 0.5746907706945766,
    "pos_f": 0.6764776839565743,
    "tn": 906,
    "fp": 504,
    "fn": 837,
    "tp": 1402,
    "sensitivity": 0.6261723983921393,
    "specificity": 0.6425531914893617,
    "acc": 0.6325020553576323
}