{
    "fbeta-1.0": 0.5308997758565481,
    "neg_prec": 0.46442577030812326,
    "pos_prec": 0.726931330472103,
    "neg_rec": 0.6195814648729447,
    "pos_rec": 0.5863262656858503,
    "neg_f": 0.5308997758565481,
    "pos_f": 0.6491017964071857,
    "tn": 829,
    "fp": 509,
    "fn": 956,
    "tp": 1355,
    "sensitivity": 0.5863262656858503,
    "specificity": 0.6195814648729447,
    "acc": 0.5985201425047958
}