{
    "fbeta-1.0": 0.5355700528114321,
    "neg_prec": 0.5554123711340206,
    "pos_prec": 0.6161182641869337,
    "neg_rec": 0.5170965806838632,
    "pos_rec": 0.6518668012108981,
    "neg_f": 0.5355700528114321,
    "pos_f": 0.6334886001470948,
    "tn": 862,
    "fp": 805,
    "fn": 690,
    "tp": 1292,
    "sensitivity": 0.6518668012108981,
    "specificity": 0.5170965806838632,
    "acc": 0.5902987119758838
}