{
    "fbeta-1.0": 0.5561323815704089,
    "neg_prec": 0.4897142857142857,
    "pos_prec": 0.7498683517640864,
    "neg_rec": 0.6433933933933934,
    "pos_rec": 0.6145878290893396,
    "neg_f": 0.5561323815704089,
    "pos_f": 0.6755218216318785,
    "tn": 857,
    "fp": 475,
    "fn": 893,
    "tp": 1424,
    "sensitivity": 0.6145878290893396,
    "specificity": 0.6433933933933934,
    "acc": 0.6251027678816115
}