{
    "fbeta-1.0": 0.6760080068630254,
    "neg_prec": 0.6396103896103896,
    "pos_prec": 0.7406996113270405,
    "neg_rec": 0.7167980594299576,
    "pos_rec": 0.667,
    "neg_f": 0.6760080068630254,
    "pos_f": 0.7019205472244147,
    "tn": 1182,
    "fp": 467,
    "fn": 666,
    "tp": 1334,
    "sensitivity": 0.667,
    "specificity": 0.7167980594299576,
    "acc": 0.6895039736914224
}