{
    "fbeta-1.0": 0.5257364842991259,
    "neg_prec": 0.4731934731934732,
    "pos_prec": 0.7097775478530781,
    "neg_rec": 0.5914056809905317,
    "pos_rec": 0.6028119507908611,
    "neg_f": 0.5257364842991259,
    "pos_f": 0.6519363269185079,
    "tn": 812,
    "fp": 561,
    "fn": 904,
    "tp": 1372,
    "sensitivity": 0.6028119507908611,
    "specificity": 0.5914056809905317,
    "acc": 0.5985201425047958
}