{
    "fbeta-1.0": 0.6074444791992493,
    "neg_prec": 0.6099246231155779,
    "pos_prec": 0.6917841516771998,
    "neg_rec": 0.6049844236760125,
    "pos_rec": 0.6961839530332681,
    "neg_f": 0.6074444791992493,
    "pos_f": 0.6939770787612778,
    "tn": 971,
    "fp": 634,
    "fn": 621,
    "tp": 1423,
    "sensitivity": 0.6961839530332681,
    "specificity": 0.6049844236760125,
    "acc": 0.65607015620718
}