{
    "fbeta-1.0": 0.6155245603395998,
    "neg_prec": 0.5853517877739332,
    "pos_prec": 0.7133159268929504,
    "neg_rec": 0.6489769820971867,
    "pos_rec": 0.6551558752997602,
    "neg_f": 0.6155245603395998,
    "pos_f": 0.683,
    "tn": 1015,
    "fp": 549,
    "fn": 719,
    "tp": 1366,
    "sensitivity": 0.6551558752997602,
    "specificity": 0.6489769820971867,
    "acc": 0.6525075363113182
}