{
    "fbeta-1.0": 0.5952,
    "neg_prec": 0.4656985478217326,
    "pos_prec": 0.8801452784503632,
    "neg_rec": 0.824468085106383,
    "pos_rec": 0.5767552558508529,
    "neg_f": 0.5952,
    "pos_f": 0.6968607716271267,
    "tn": 930,
    "fp": 198,
    "fn": 1067,
    "tp": 1454,
    "sensitivity": 0.5767552558508529,
    "specificity": 0.824468085106383,
    "acc": 0.6533296793642094
}