{
    "fbeta-1.0": 0.6596512327119662,
    "neg_prec": 0.5819628647214854,
    "pos_prec": 0.8049886621315193,
    "neg_rec": 0.7612768910478834,
    "pos_rec": 0.6431159420289855,
    "neg_f": 0.6596512327119662,
    "pos_f": 0.715005035246727,
    "tn": 1097,
    "fp": 344,
    "fn": 788,
    "tp": 1420,
    "sensitivity": 0.6431159420289855,
    "specificity": 0.7612768910478834,
    "acc": 0.6897780213757194
}