{
    "fbeta-1.0": 0.4972375690607735,
    "neg_prec": 0.4639175257731959,
    "pos_prec": 0.6685,
    "neg_rec": 0.5357142857142857,
    "pos_rec": 0.6019810895992797,
    "neg_f": 0.4972375690607735,
    "pos_f": 0.6334991708126037,
    "tn": 765,
    "fp": 663,
    "fn": 884,
    "tp": 1337,
    "sensitivity": 0.6019810895992797,
    "specificity": 0.5357142857142857,
    "acc": 0.5760482323924363
}