{
    "fbeta-1.0": 0.49207443142660234,
    "neg_prec": 0.4410129709697344,
    "pos_prec": 0.719704433497537,
    "neg_rec": 0.5565081839438816,
    "pos_rec": 0.6174978867286559,
    "neg_f": 0.49207443142660234,
    "pos_f": 0.664695177434031,
    "tn": 714,
    "fp": 569,
    "fn": 905,
    "tp": 1461,
    "sensitivity": 0.6174978867286559,
    "specificity": 0.5565081839438816,
    "acc": 0.5960537133461222
}