{
    "fbeta-1.0": 0.534898085237801,
    "neg_prec": 0.5612443292287751,
    "pos_prec": 0.6063627730294397,
    "neg_rec": 0.5109144542772861,
    "pos_rec": 0.6535312180143296,
    "neg_f": 0.534898085237801,
    "pos_f": 0.629064039408867,
    "tn": 866,
    "fp": 829,
    "fn": 677,
    "tp": 1277,
    "sensitivity": 0.6535312180143296,
    "specificity": 0.5109144542772861,
    "acc": 0.5872841874486161
}