{
    "fbeta-1.0": 0.6361940298507462,
    "neg_prec": 0.5429936305732485,
    "pos_prec": 0.8249291784702549,
    "neg_rec": 0.7680180180180181,
    "pos_rec": 0.6283987915407855,
    "neg_f": 0.6361940298507462,
    "pos_f": 0.713375796178344,
    "tn": 1023,
    "fp": 309,
    "fn": 861,
    "tp": 1456,
    "sensitivity": 0.6283987915407855,
    "specificity": 0.7680180180180181,
    "acc": 0.6793642093724308
}