{
    "fbeta-1.0": 0.5182291666666666,
    "neg_prec": 0.46064814814814814,
    "pos_prec": 0.7147319104633003,
    "neg_rec": 0.5922619047619048,
    "pos_rec": 0.5956616052060738,
    "neg_f": 0.5182291666666666,
    "pos_f": 0.6497870326549928,
    "tn": 796,
    "fp": 548,
    "fn": 932,
    "tp": 1373,
    "sensitivity": 0.5956616052060738,
    "specificity": 0.5922619047619048,
    "acc": 0.5944094272403398
}