{
    "fbeta-1.0": 0.5792811839323466,
    "neg_prec": 0.6020087884494664,
    "pos_prec": 0.6308365758754864,
    "neg_rec": 0.5582072176949942,
    "pos_rec": 0.6716727084412222,
    "neg_f": 0.5792811839323466,
    "pos_f": 0.6506144971156258,
    "tn": 959,
    "fp": 759,
    "fn": 634,
    "tp": 1297,
    "sensitivity": 0.6716727084412222,
    "specificity": 0.5582072176949942,
    "acc": 0.6182515757741847
}