{
    "fbeta-1.0": 0.5346792575708239,
    "neg_prec": 0.48294117647058826,
    "pos_prec": 0.7178040020523345,
    "neg_rec": 0.5988329686360321,
    "pos_rec": 0.6141352063213346,
    "neg_f": 0.5346792575708239,
    "pos_f": 0.661935178613674,
    "tn": 821,
    "fp": 550,
    "fn": 879,
    "tp": 1399,
    "sensitivity": 0.6141352063213346,
    "specificity": 0.5988329686360321,
    "acc": 0.6083858591394903
}