{
    "fbeta-1.0": 0.5511140235910879,
    "neg_prec": 0.44031413612565445,
    "pos_prec": 0.8269120184013801,
    "neg_rec": 0.7364273204903677,
    "pos_rec": 0.5735939369764659,
    "neg_f": 0.5511140235910879,
    "pos_f": 0.6773433820065944,
    "tn": 841,
    "fp": 301,
    "fn": 1069,
    "tp": 1438,
    "sensitivity": 0.5735939369764659,
    "specificity": 0.7364273204903677,
    "acc": 0.6245546725130172
}