{
    "fbeta-1.0": 0.5096153846153846,
    "neg_prec": 0.4974968710888611,
    "pos_prec": 0.6455387615797172,
    "neg_rec": 0.5223390275952694,
    "pos_rec": 0.6224729666196521,
    "neg_f": 0.5096153846153846,
    "pos_f": 0.6337960746768789,
    "tn": 795,
    "fp": 727,
    "fn": 803,
    "tp": 1324,
    "sensitivity": 0.6224729666196521,
    "specificity": 0.5223390275952694,
    "acc": 0.5807070430254865
}