{
    "fbeta-1.0": 0.5316539608882996,
    "neg_prec": 0.4380120152921901,
    "pos_prec": 0.7887788778877888,
    "neg_rec": 0.6762225969645869,
    "pos_rec": 0.582216808769793,
    "neg_f": 0.5316539608882996,
    "pos_f": 0.6699369306236861,
    "tn": 802,
    "fp": 384,
    "fn": 1029,
    "tp": 1434,
    "sensitivity": 0.582216808769793,
    "specificity": 0.6762225969645869,
    "acc": 0.6127706220882434
}