{
    "fbeta-1.0": 0.5665935443434661,
    "neg_prec": 0.5397014925373135,
    "pos_prec": 0.6899696048632219,
    "neg_rec": 0.5963060686015831,
    "pos_rec": 0.6385372714486639,
    "neg_f": 0.5665935443434661,
    "pos_f": 0.6632578524470417,
    "tn": 904,
    "fp": 612,
    "fn": 771,
    "tp": 1362,
    "sensitivity": 0.6385372714486639,
    "specificity": 0.5963060686015831,
    "acc": 0.6209920526171554
}