{
    "fbeta-1.0": 0.498719590268886,
    "neg_prec": 0.528135593220339,
    "pos_prec": 0.5998160073597056,
    "neg_rec": 0.4724075197089145,
    "pos_rec": 0.652,
    "neg_f": 0.498719590268886,
    "pos_f": 0.6248203162434117,
    "tn": 779,
    "fp": 870,
    "fn": 696,
    "tp": 1304,
    "sensitivity": 0.652,
    "specificity": 0.4724075197089145,
    "acc": 0.570841326390792
}