{
    "fbeta-1.0": 0.5663198959687905,
    "neg_prec": 0.46084656084656084,
    "pos_prec": 0.8209209778283115,
    "neg_rec": 0.7344013490725126,
    "pos_rec": 0.586276898091758,
    "neg_f": 0.5663198959687905,
    "pos_f": 0.6840360018948366,
    "tn": 871,
    "fp": 315,
    "fn": 1019,
    "tp": 1444,
    "sensitivity": 0.586276898091758,
    "specificity": 0.7344013490725126,
    "acc": 0.6344203891477117
}