{
    "fbeta-1.0": 0.6172016959418535,
    "neg_prec": 0.5705487122060471,
    "pos_prec": 0.7332259796027912,
    "neg_rec": 0.6721635883905013,
    "pos_rec": 0.6404125644631974,
    "neg_f": 0.6172016959418535,
    "pos_f": 0.6836836836836837,
    "tn": 1019,
    "fp": 497,
    "fn": 767,
    "tp": 1366,
    "sensitivity": 0.6404125644631974,
    "specificity": 0.6721635883905013,
    "acc": 0.6536037270485064
}