{
    "fbeta-1.0": 0.6219059405940593,
    "neg_prec": 0.5595768374164811,
    "pos_prec": 0.7674042093901781,
    "neg_rec": 0.6998607242339833,
    "pos_rec": 0.6425666516041573,
    "neg_f": 0.6219059405940593,
    "pos_f": 0.6994589276930644,
    "tn": 1005,
    "fp": 431,
    "fn": 791,
    "tp": 1422,
    "sensitivity": 0.6425666516041573,
    "specificity": 0.6998607242339833,
    "acc": 0.6651137297889833
}