{
    "fbeta-1.0": 0.672566371681416,
    "neg_prec": 0.6218961625282167,
    "pos_prec": 0.7852956846030901,
    "neg_rec": 0.7322259136212624,
    "pos_rec": 0.6875,
    "neg_f": 0.672566371681416,
    "pos_f": 0.7331509574732654,
    "tn": 1102,
    "fp": 403,
    "fn": 670,
    "tp": 1474,
    "sensitivity": 0.6875,
    "specificity": 0.7322259136212624,
    "acc": 0.7059468347492464
}