{
    "fbeta-1.0": 0.479002624671916,
    "neg_prec": 0.4284037558685446,
    "pos_prec": 0.6843187660668381,
    "neg_rec": 0.5431547619047619,
    "pos_rec": 0.5774403470715835,
    "neg_f": 0.479002624671916,
    "pos_f": 0.6263529411764706,
    "tn": 730,
    "fp": 614,
    "fn": 974,
    "tp": 1331,
    "sensitivity": 0.5774403470715835,
    "specificity": 0.5431547619047619,
    "acc": 0.5648122773362565
}