{
    "fbeta-1.0": 0.5104825291181364,
    "neg_prec": 0.4086307938199254,
    "pos_prec": 0.79627539503386,
    "neg_rec": 0.6799645390070922,
    "pos_rec": 0.5596985323284411,
    "neg_f": 0.5104825291181364,
    "pos_f": 0.6573491730724436,
    "tn": 767,
    "fp": 361,
    "fn": 1110,
    "tp": 1411,
    "sensitivity": 0.5596985323284411,
    "specificity": 0.6799645390070922,
    "acc": 0.5968758563990134
}