{
    "fbeta-1.0": 0.6197775773970544,
    "neg_prec": 0.5270961145194274,
    "pos_prec": 0.7991730655640874,
    "neg_rec": 0.7520058351568198,
    "pos_rec": 0.5939420544337137,
    "neg_f": 0.6197775773970544,
    "pos_f": 0.6814404432132963,
    "tn": 1031,
    "fp": 340,
    "fn": 925,
    "tp": 1353,
    "sensitivity": 0.5939420544337137,
    "specificity": 0.7520058351568198,
    "acc": 0.6533296793642094
}