{
    "fbeta-1.0": 0.5570776255707762,
    "neg_prec": 0.5754716981132075,
    "pos_prec": 0.6211753278290433,
    "neg_rec": 0.5398230088495575,
    "pos_rec": 0.6545547594677584,
    "neg_f": 0.5570776255707762,
    "pos_f": 0.6374283578370297,
    "tn": 915,
    "fp": 780,
    "fn": 675,
    "tp": 1279,
    "sensitivity": 0.6545547594677584,
    "specificity": 0.5398230088495575,
    "acc": 0.6012606193477665
}