{
    "fbeta-1.0": 0.4768971332209106,
    "neg_prec": 0.45466237942122184,
    "pos_prec": 0.6642788920725884,
    "neg_rec": 0.5014184397163121,
    "pos_rec": 0.6212594908441268,
    "neg_f": 0.4768971332209106,
    "pos_f": 0.6420493884144934,
    "tn": 707,
    "fp": 703,
    "fn": 848,
    "tp": 1391,
    "sensitivity": 0.6212594908441268,
    "specificity": 0.5014184397163121,
    "acc": 0.574952041655248
}