{
    "fbeta-1.0": 0.5406859448554134,
    "neg_prec": 0.47545830869308103,
    "pos_prec": 0.7553626149131767,
    "neg_rec": 0.6266562743569758,
    "pos_rec": 0.625105663567202,
    "neg_f": 0.5406859448554134,
    "pos_f": 0.6840888066604994,
    "tn": 804,
    "fp": 479,
    "fn": 887,
    "tp": 1479,
    "sensitivity": 0.625105663567202,
    "specificity": 0.6266562743569758,
    "acc": 0.6256508632502056
}