{
    "fbeta-1.0": 0.4941900205058099,
    "neg_prec": 0.4052690582959641,
    "pos_prec": 0.7753351206434317,
    "neg_rec": 0.6330998248686515,
    "pos_rec": 0.5767850019944156,
    "neg_f": 0.4941900205058099,
    "pos_f": 0.6614821591948765,
    "tn": 723,
    "fp": 419,
    "fn": 1061,
    "tp": 1446,
    "sensitivity": 0.5767850019944156,
    "specificity": 0.6330998248686515,
    "acc": 0.5944094272403398
}