{
    "fbeta-1.0": 0.44374120956399443,
    "neg_prec": 0.3866421568627451,
    "pos_prec": 0.7119484382746654,
    "neg_rec": 0.5206270627062707,
    "pos_rec": 0.589249076733689,
    "neg_f": 0.44374120956399443,
    "pos_f": 0.6448136506511002,
    "tn": 631,
    "fp": 581,
    "fn": 1001,
    "tp": 1436,
    "sensitivity": 0.589249076733689,
    "specificity": 0.5206270627062707,
    "acc": 0.5664565634420389
}