{
    "fbeta-1.0": 0.494740413980319,
    "neg_prec": 0.464035646085296,
    "pos_prec": 0.6886429258902791,
    "neg_rec": 0.529796511627907,
    "pos_rec": 0.6295644522657281,
    "neg_f": 0.494740413980319,
    "pos_f": 0.6577798207308665,
    "tn": 729,
    "fp": 647,
    "fn": 842,
    "tp": 1431,
    "sensitivity": 0.6295644522657281,
    "specificity": 0.529796511627907,
    "acc": 0.5919429980816662
}