{
    "fbeta-1.0": 0.4657039711191336,
    "neg_prec": 0.3928136419001218,
    "pos_prec": 0.7593423019431988,
    "neg_rec": 0.5718085106382979,
    "pos_rec": 0.6045220150733835,
    "neg_f": 0.4657039711191336,
    "pos_f": 0.6731448763250885,
    "tn": 645,
    "fp": 483,
    "fn": 997,
    "tp": 1524,
    "sensitivity": 0.6045220150733835,
    "specificity": 0.5718085106382979,
    "acc": 0.5944094272403398
}