{
    "fbeta-1.0": 0.569558101472995,
    "neg_prec": 0.5084745762711864,
    "pos_prec": 0.7554179566563467,
    "neg_rec": 0.6473214285714286,
    "pos_rec": 0.6351409978308026,
    "neg_f": 0.569558101472995,
    "pos_f": 0.6900777751590855,
    "tn": 870,
    "fp": 474,
    "fn": 841,
    "tp": 1464,
    "sensitivity": 0.6351409978308026,
    "specificity": 0.6473214285714286,
    "acc": 0.639627295149356
}