{
    "fbeta-1.0": 0.5392795883361922,
    "neg_prec": 0.4965255843335439,
    "pos_prec": 0.7357212003872217,
    "neg_rec": 0.5900900900900901,
    "pos_rec": 0.6560207164436772,
    "neg_f": 0.5392795883361922,
    "pos_f": 0.6935888660734657,
    "tn": 786,
    "fp": 546,
    "fn": 797,
    "tp": 1520,
    "sensitivity": 0.6560207164436772,
    "specificity": 0.5900900900900901,
    "acc": 0.6319539599890381
}