{
    "fbeta-1.0": 0.6411800120409391,
    "neg_prec": 0.6051136363636364,
    "pos_prec": 0.7368978295394388,
    "neg_rec": 0.6818181818181818,
    "pos_rec": 0.6669861044561571,
    "neg_f": 0.6411800120409391,
    "pos_f": 0.7002012072434608,
    "tn": 1065,
    "fp": 497,
    "fn": 695,
    "tp": 1392,
    "sensitivity": 0.6669861044561571,
    "specificity": 0.6818181818181818,
    "acc": 0.6733351603178953
}