{
    "fbeta-1.0": 0.5367268041237114,
    "neg_prec": 0.4970167064439141,
    "pos_prec": 0.6984287886467309,
    "neg_rec": 0.5833333333333334,
    "pos_rec": 0.6204412426834759,
    "neg_f": 0.5367268041237114,
    "pos_f": 0.6571292322365283,
    "tn": 833,
    "fp": 595,
    "fn": 843,
    "tp": 1378,
    "sensitivity": 0.6204412426834759,
    "specificity": 0.5833333333333334,
    "acc": 0.6059194299808167
}