{
    "fbeta-1.0": 0.6367816091954023,
    "neg_prec": 0.6316989737742303,
    "pos_prec": 0.6738786279683378,
    "neg_rec": 0.641946697566628,
    "pos_rec": 0.6640665626625065,
    "neg_f": 0.6367816091954023,
    "pos_f": 0.6689366160293347,
    "tn": 1108,
    "fp": 618,
    "fn": 646,
    "tp": 1277,
    "sensitivity": 0.6640665626625065,
    "specificity": 0.641946697566628,
    "acc": 0.6536037270485064
}