{
    "fbeta-1.0": 0.6019648704971718,
    "neg_prec": 0.500247402276101,
    "pos_prec": 0.7991400491400491,
    "neg_rec": 0.7556053811659192,
    "pos_rec": 0.5629597576806578,
    "neg_f": 0.6019648704971718,
    "pos_f": 0.6605737496826606,
    "tn": 1011,
    "fp": 327,
    "fn": 1010,
    "tp": 1301,
    "sensitivity": 0.5629597576806578,
    "specificity": 0.7556053811659192,
    "acc": 0.6335982460948205
}