{
    "fbeta-1.0": 0.49726951493735944,
    "neg_prec": 0.48134328358208955,
    "pos_prec": 0.6418422341989221,
    "neg_rec": 0.5142857142857142,
    "pos_rec": 0.6110074626865671,
    "neg_f": 0.49726951493735944,
    "pos_f": 0.6260454002389486,
    "tn": 774,
    "fp": 731,
    "fn": 834,
    "tp": 1310,
    "sensitivity": 0.6110074626865671,
    "specificity": 0.5142857142857142,
    "acc": 0.571115374075089
}