{
    "fbeta-1.0": 0.6576332429990966,
    "neg_prec": 0.6049861495844875,
    "pos_prec": 0.7700650759219089,
    "neg_rec": 0.7203166226912929,
    "pos_rec": 0.6657290201593999,
    "neg_f": 0.6576332429990966,
    "pos_f": 0.7141061101332663,
    "tn": 1092,
    "fp": 424,
    "fn": 713,
    "tp": 1420,
    "sensitivity": 0.6657290201593999,
    "specificity": 0.7203166226912929,
    "acc": 0.688407782954234
}