{
    "fbeta-1.0": 0.5383116883116883,
    "neg_prec": 0.5057962172056132,
    "pos_prec": 0.6955223880597015,
    "neg_rec": 0.57529493407356,
    "pos_rec": 0.6331521739130435,
    "neg_f": 0.5383116883116883,
    "pos_f": 0.662873399715505,
    "tn": 829,
    "fp": 612,
    "fn": 810,
    "tp": 1398,
    "sensitivity": 0.6331521739130435,
    "specificity": 0.57529493407356,
    "acc": 0.6103041929295697
}