{
    "fbeta-1.0": 0.6429471032745592,
    "neg_prec": 0.5542888165038002,
    "pos_prec": 0.8267847260653016,
    "neg_rec": 0.7653673163418291,
    "pos_rec": 0.6453563714902808,
    "neg_f": 0.6429471032745592,
    "pos_f": 0.7248908296943231,
    "tn": 1021,
    "fp": 313,
    "fn": 821,
    "tp": 1494,
    "sensitivity": 0.6453563714902808,
    "specificity": 0.7653673163418291,
    "acc": 0.6892299260071253
}