{
    "fbeta-1.0": 0.4887659868648462,
    "neg_prec": 0.4005665722379603,
    "pos_prec": 0.7765392781316348,
    "neg_rec": 0.62677304964539,
    "pos_rec": 0.5803252677508925,
    "neg_f": 0.4887659868648462,
    "pos_f": 0.6642451759364358,
    "tn": 707,
    "fp": 421,
    "fn": 1058,
    "tp": 1463,
    "sensitivity": 0.5803252677508925,
    "specificity": 0.62677304964539,
    "acc": 0.5946834749246369
}