{
    "fbeta-1.0": 0.5073876139578749,
    "neg_prec": 0.49845583693638046,
    "pos_prec": 0.6280788177339901,
    "neg_rec": 0.5166453265044815,
    "pos_rec": 0.610924772400575,
    "neg_f": 0.5073876139578749,
    "pos_f": 0.6193830459072139,
    "tn": 807,
    "fp": 755,
    "fn": 812,
    "tp": 1275,
    "sensitivity": 0.610924772400575,
    "specificity": 0.5166453265044815,
    "acc": 0.5705672787064949
}