{
    "fbeta-1.0": 0.616963477210987,
    "neg_prec": 0.5276200309757356,
    "pos_prec": 0.7932242990654206,
    "neg_rec": 0.7427325581395349,
    "pos_rec": 0.5974483062032556,
    "neg_f": 0.616963477210987,
    "pos_f": 0.681555834378921,
    "tn": 1022,
    "fp": 354,
    "fn": 915,
    "tp": 1358,
    "sensitivity": 0.5974483062032556,
    "specificity": 0.7427325581395349,
    "acc": 0.6522334886270211
}