{
    "fbeta-1.0": 0.5283842794759825,
    "neg_prec": 0.5283842794759825,
    "pos_prec": 0.6304985337243402,
    "neg_rec": 0.5283842794759825,
    "pos_rec": 0.6304985337243402,
    "neg_f": 0.5283842794759825,
    "pos_f": 0.6304985337243402,
    "tn": 847,
    "fp": 756,
    "fn": 756,
    "tp": 1290,
    "sensitivity": 0.6304985337243402,
    "specificity": 0.5283842794759825,
    "acc": 0.5856399013428336
}