{
    "fbeta-1.0": 0.520694259012016,
    "neg_prec": 0.437219730941704,
    "pos_prec": 0.7683646112600536,
    "neg_rec": 0.6435643564356436,
    "pos_rec": 0.5880180549856381,
    "neg_f": 0.520694259012016,
    "pos_f": 0.6662017666201766,
    "tn": 780,
    "fp": 432,
    "fn": 1004,
    "tp": 1433,
    "sensitivity": 0.5880180549856381,
    "specificity": 0.6435643564356436,
    "acc": 0.6064675253494108
}