{
    "fbeta-1.0": 0.6254014598540146,
    "neg_prec": 0.6274165202108963,
    "pos_prec": 0.6668383110195675,
    "neg_rec": 0.6233993015133876,
    "pos_rec": 0.6706369756602797,
    "neg_f": 0.6254014598540146,
    "pos_f": 0.6687322489026595,
    "tn": 1071,
    "fp": 647,
    "fn": 636,
    "tp": 1295,
    "sensitivity": 0.6706369756602797,
    "specificity": 0.6233993015133876,
    "acc": 0.6483968210468621
}