{
    "fbeta-1.0": 0.51513200257566,
    "neg_prec": 0.5188067444876784,
    "pos_prec": 0.6373991457047935,
    "neg_rec": 0.5115089514066496,
    "pos_rec": 0.6441247002398082,
    "neg_f": 0.51513200257566,
    "pos_f": 0.6407442748091603,
    "tn": 800,
    "fp": 764,
    "fn": 742,
    "tp": 1343,
    "sensitivity": 0.6441247002398082,
    "specificity": 0.5115089514066496,
    "acc": 0.5872841874486161
}