{
    "fbeta-1.0": 0.44499645138396027,
    "neg_prec": 0.3904109589041096,
    "pos_prec": 0.7136563876651982,
    "neg_rec": 0.5173267326732673,
    "pos_rec": 0.5982765695527288,
    "neg_f": 0.44499645138396027,
    "pos_f": 0.6508928571428572,
    "tn": 627,
    "fp": 585,
    "fn": 979,
    "tp": 1458,
    "sensitivity": 0.5982765695527288,
    "specificity": 0.5173267326732673,
    "acc": 0.5713894217593861
}