{
    "fbeta-1.0": 0.5023505708529216,
    "neg_prec": 0.4560975609756098,
    "pos_prec": 0.7063215530114485,
    "neg_rec": 0.5590433482810164,
    "pos_rec": 0.6140199048031155,
    "neg_f": 0.5023505708529216,
    "pos_f": 0.6569444444444444,
    "tn": 748,
    "fp": 590,
    "fn": 892,
    "tp": 1419,
    "sensitivity": 0.6140199048031155,
    "specificity": 0.5590433482810164,
    "acc": 0.5938613318717457
}