{
    "fbeta-1.0": 0.5922215674720095,
    "neg_prec": 0.6025179856115108,
    "pos_prec": 0.6360424028268551,
    "neg_rec": 0.5822711471610661,
    "pos_rec": 0.6552262090483619,
    "neg_f": 0.5922215674720095,
    "pos_f": 0.6454918032786885,
    "tn": 1005,
    "fp": 721,
    "fn": 663,
    "tp": 1260,
    "sensitivity": 0.6552262090483619,
    "specificity": 0.5822711471610661,
    "acc": 0.6207180049328583
}