{
    "fbeta-1.0": 0.6812873825121049,
    "neg_prec": 0.6268343815513627,
    "pos_prec": 0.7662263067202757,
    "neg_rec": 0.7461010605115409,
    "pos_rec": 0.6520039100684262,
    "neg_f": 0.6812873825121049,
    "pos_f": 0.7045154475838393,
    "tn": 1196,
    "fp": 407,
    "fn": 712,
    "tp": 1334,
    "sensitivity": 0.6520039100684262,
    "specificity": 0.7461010605115409,
    "acc": 0.6933406412715812
}