{
    "fbeta-1.0": 0.6107153917621555,
    "neg_prec": 0.5197680548234054,
    "pos_prec": 0.8025114155251142,
    "neg_rec": 0.7402402402402403,
    "pos_rec": 0.6068191627104014,
    "neg_f": 0.6107153917621555,
    "pos_f": 0.6910788891619563,
    "tn": 986,
    "fp": 346,
    "fn": 911,
    "tp": 1406,
    "sensitivity": 0.6068191627104014,
    "specificity": 0.7402402402402403,
    "acc": 0.6555220608385859
}