{
    "fbeta-1.0": 0.5780710021991832,
    "neg_prec": 0.5538832028898254,
    "pos_prec": 0.6971830985915493,
    "neg_rec": 0.6044678055190539,
    "pos_rec": 0.6516220028208745,
    "neg_f": 0.5780710021991832,
    "pos_f": 0.6736330498177399,
    "tn": 920,
    "fp": 602,
    "fn": 741,
    "tp": 1386,
    "sensitivity": 0.6516220028208745,
    "specificity": 0.6044678055190539,
    "acc": 0.6319539599890381
}