{
    "fbeta-1.0": 0.5621655649984262,
    "neg_prec": 0.5529411764705883,
    "pos_prec": 0.6710914454277286,
    "neg_rec": 0.5717029449423816,
    "pos_rec": 0.654048873981792,
    "neg_f": 0.5621655649984262,
    "pos_f": 0.6624605678233438,
    "tn": 893,
    "fp": 669,
    "fn": 722,
    "tp": 1365,
    "sensitivity": 0.654048873981792,
    "specificity": 0.5717029449423816,
    "acc": 0.6187996711427789
}