{
    "fbeta-1.0": 0.5057614450327002,
    "neg_prec": 0.5056039850560399,
    "pos_prec": 0.6118453255017132,
    "neg_rec": 0.5059190031152648,
    "pos_rec": 0.6115459882583171,
    "neg_f": 0.5057614450327002,
    "pos_f": 0.611695620259359,
    "tn": 812,
    "fp": 793,
    "fn": 794,
    "tp": 1250,
    "sensitivity": 0.6115459882583171,
    "specificity": 0.5059190031152648,
    "acc": 0.5650863250205536
}