{
    "fbeta-1.0": 0.49182608695652175,
    "neg_prec": 0.47007978723404253,
    "pos_prec": 0.6904428904428904,
    "neg_rec": 0.5156819839533188,
    "pos_rec": 0.6501316944688323,
    "neg_f": 0.49182608695652175,
    "pos_f": 0.6696812118471626,
    "tn": 707,
    "fp": 664,
    "fn": 797,
    "tp": 1481,
    "sensitivity": 0.6501316944688323,
    "specificity": 0.5156819839533188,
    "acc": 0.5996163332419842
}