{
    "fbeta-1.0": 0.5503640776699029,
    "neg_prec": 0.5747782002534855,
    "pos_prec": 0.6084017382906808,
    "neg_rec": 0.5279394644935972,
    "pos_rec": 0.6525116519937856,
    "neg_f": 0.5503640776699029,
    "pos_f": 0.6296851574212893,
    "tn": 907,
    "fp": 811,
    "fn": 671,
    "tp": 1260,
    "sensitivity": 0.6525116519937856,
    "specificity": 0.5279394644935972,
    "acc": 0.5938613318717457
}