{
    "fbeta-1.0": 0.6031937330521241,
    "neg_prec": 0.5138603696098563,
    "pos_prec": 0.7824808935920047,
    "neg_rec": 0.7301239970824216,
    "pos_rec": 0.5842844600526778,
    "neg_f": 0.6031937330521241,
    "pos_f": 0.6690123146519226,
    "tn": 1001,
    "fp": 370,
    "fn": 947,
    "tp": 1331,
    "sensitivity": 0.5842844600526778,
    "specificity": 0.7301239970824216,
    "acc": 0.6390791997807619
}