{
    "fbeta-1.0": 0.4425267518122195,
    "neg_prec": 0.37267441860465117,
    "pos_prec": 0.7221358216692587,
    "neg_rec": 0.5446049277824979,
    "pos_rec": 0.5635113268608414,
    "neg_f": 0.4425267518122195,
    "pos_f": 0.6330379459213814,
    "tn": 641,
    "fp": 536,
    "fn": 1079,
    "tp": 1393,
    "sensitivity": 0.5635113268608414,
    "specificity": 0.5446049277824979,
    "acc": 0.5574129898602357
}