{
    "fbeta-1.0": 0.5289832119100412,
    "neg_prec": 0.5241682360326428,
    "pos_prec": 0.6454280155642024,
    "neg_rec": 0.5338874680306905,
    "pos_rec": 0.6364508393285372,
    "neg_f": 0.5289832119100412,
    "pos_f": 0.6409079932383482,
    "tn": 835,
    "fp": 729,
    "fn": 758,
    "tp": 1327,
    "sensitivity": 0.6364508393285372,
    "specificity": 0.5338874680306905,
    "acc": 0.5924910934502603
}