{
    "fbeta-1.0": 0.518607442977191,
    "neg_prec": 0.5353159851301115,
    "pos_prec": 0.5803439803439804,
    "neg_rec": 0.5029103608847497,
    "pos_rec": 0.6116002071465562,
    "neg_f": 0.518607442977191,
    "pos_f": 0.5955622793746849,
    "tn": 864,
    "fp": 854,
    "fn": 750,
    "tp": 1181,
    "sensitivity": 0.6116002071465562,
    "specificity": 0.5029103608847497,
    "acc": 0.5604275143875034
}