{
    "fbeta-1.0": 0.5663659793814434,
    "neg_prec": 0.5077989601386482,
    "pos_prec": 0.7424400417101147,
    "neg_rec": 0.640203932993445,
    "pos_rec": 0.6256590509666081,
    "neg_f": 0.5663659793814434,
    "pos_f": 0.6790653314258466,
    "tn": 879,
    "fp": 494,
    "fn": 852,
    "tp": 1424,
    "sensitivity": 0.6256590509666081,
    "specificity": 0.640203932993445,
    "acc": 0.6311318169361468
}