{
    "fbeta-1.0": 0.5121241513094082,
    "neg_prec": 0.5173089483997387,
    "pos_prec": 0.6364494806421152,
    "neg_rec": 0.5070422535211268,
    "pos_rec": 0.6459032103497844,
    "neg_f": 0.5121241513094082,
    "pos_f": 0.641141498216409,
    "tn": 792,
    "fp": 770,
    "fn": 739,
    "tp": 1348,
    "sensitivity": 0.6459032103497844,
    "specificity": 0.5070422535211268,
    "acc": 0.5864620443957248
}