{
    "fbeta-1.0": 0.4739764052741152,
    "neg_prec": 0.4089820359281437,
    "pos_prec": 0.7326932794340576,
    "neg_rec": 0.5635313531353136,
    "pos_rec": 0.5949938448912597,
    "neg_f": 0.4739764052741152,
    "pos_f": 0.6567028985507246,
    "tn": 683,
    "fp": 529,
    "fn": 987,
    "tp": 1450,
    "sensitivity": 0.5949938448912597,
    "specificity": 0.5635313531353136,
    "acc": 0.5845437106056454
}