{
    "fbeta-1.0": 0.6322468993366022,
    "neg_prec": 0.5879828326180258,
    "pos_prec": 0.7159663865546219,
    "neg_rec": 0.6837180286961946,
    "pos_rec": 0.624633431085044,
    "neg_f": 0.6322468993366022,
    "pos_f": 0.6671887235708692,
    "tn": 1096,
    "fp": 507,
    "fn": 768,
    "tp": 1278,
    "sensitivity": 0.624633431085044,
    "specificity": 0.6837180286961946,
    "acc": 0.6505892025212386
}