{
    "fbeta-1.0": 0.6028858218318695,
    "neg_prec": 0.5910209102091021,
    "pos_prec": 0.7029164607019278,
    "neg_rec": 0.6152368758002561,
    "pos_rec": 0.6813608049832295,
    "neg_f": 0.6028858218318695,
    "pos_f": 0.6919708029197079,
    "tn": 961,
    "fp": 601,
    "fn": 665,
    "tp": 1422,
    "sensitivity": 0.6813608049832295,
    "specificity": 0.6152368758002561,
    "acc": 0.6530556316799123
}