{
    "fbeta-1.0": 0.5584133870467927,
    "neg_prec": 0.5554870530209618,
    "pos_prec": 0.6526887025160335,
    "neg_rec": 0.5613707165109034,
    "pos_rec": 0.6472602739726028,
    "neg_f": 0.5584133870467927,
    "pos_f": 0.6499631540162122,
    "tn": 901,
    "fp": 704,
    "fn": 721,
    "tp": 1323,
    "sensitivity": 0.6472602739726028,
    "specificity": 0.5613707165109034,
    "acc": 0.6094820498766785
}