{
    "fbeta-1.0": 0.6237828267925642,
    "neg_prec": 0.6074712643678161,
    "pos_prec": 0.6898899947616554,
    "neg_rec": 0.6409945421467557,
    "pos_rec": 0.6585,
    "neg_f": 0.6237828267925642,
    "pos_f": 0.6738296239447429,
    "tn": 1057,
    "fp": 592,
    "fn": 683,
    "tp": 1317,
    "sensitivity": 0.6585,
    "specificity": 0.6409945421467557,
    "acc": 0.6505892025212386
}