{
    "fbeta-1.0": 0.6086430945905107,
    "neg_prec": 0.4970384995064166,
    "pos_prec": 0.8299445471349353,
    "neg_rec": 0.7848791893998441,
    "pos_rec": 0.5693153000845309,
    "neg_f": 0.6086430945905107,
    "pos_f": 0.67535723238907,
    "tn": 1007,
    "fp": 276,
    "fn": 1019,
    "tp": 1347,
    "sensitivity": 0.5693153000845309,
    "specificity": 0.7848791893998441,
    "acc": 0.6451082488352974
}