{
    "fbeta-1.0": 0.5935845530987232,
    "neg_prec": 0.5104445634708088,
    "pos_prec": 0.7805836139169473,
    "neg_rec": 0.7090773809523809,
    "pos_rec": 0.603470715835141,
    "neg_f": 0.5935845530987232,
    "pos_f": 0.6806948862246147,
    "tn": 953,
    "fp": 391,
    "fn": 914,
    "tp": 1391,
    "sensitivity": 0.603470715835141,
    "specificity": 0.7090773809523809,
    "acc": 0.6423677719923266
}