{
    "fbeta-1.0": 0.502767828069033,
    "neg_prec": 0.4736196319018405,
    "pos_prec": 0.6686478454680534,
    "neg_rec": 0.5357390700902152,
    "pos_rec": 0.6114130434782609,
    "neg_f": 0.502767828069033,
    "pos_f": 0.6387508871540098,
    "tn": 772,
    "fp": 669,
    "fn": 858,
    "tp": 1350,
    "sensitivity": 0.6114130434782609,
    "specificity": 0.5357390700902152,
    "acc": 0.5815291860783777
}