{
    "fbeta-1.0": 0.6280314960629921,
    "neg_prec": 0.5706926159129937,
    "pos_prec": 0.7733964248159831,
    "neg_rec": 0.6981792717086834,
    "pos_rec": 0.6623142728500675,
    "neg_f": 0.6280314960629921,
    "pos_f": 0.713558088770313,
    "tn": 997,
    "fp": 431,
    "fn": 750,
    "tp": 1471,
    "sensitivity": 0.6623142728500675,
    "specificity": 0.6981792717086834,
    "acc": 0.6763496848451631
}