{
    "fbeta-1.0": 0.45958348040945995,
    "neg_prec": 0.38497930218805443,
    "pos_prec": 0.7492339121552605,
    "neg_rec": 0.5700525394045534,
    "pos_rec": 0.5851615476665337,
    "neg_f": 0.45958348040945995,
    "pos_f": 0.6571108622620381,
    "tn": 651,
    "fp": 491,
    "fn": 1040,
    "tp": 1467,
    "sensitivity": 0.5851615476665337,
    "specificity": 0.5700525394045534,
    "acc": 0.5804329953411894
}