{
    "fbeta-1.0": 0.5937594668282339,
    "neg_prec": 0.5997552019583844,
    "pos_prec": 0.6590570719602977,
    "neg_rec": 0.587882423515297,
    "pos_rec": 0.6700302724520686,
    "neg_f": 0.5937594668282339,
    "pos_f": 0.6644983737803352,
    "tn": 980,
    "fp": 687,
    "fn": 654,
    "tp": 1328,
    "sensitivity": 0.6700302724520686,
    "specificity": 0.587882423515297,
    "acc": 0.6325020553576323
}