{
    "fbeta-1.0": 0.49127261186924787,
    "neg_prec": 0.42833425567238514,
    "pos_prec": 0.6905537459283387,
    "neg_rec": 0.5758928571428571,
    "pos_rec": 0.5518438177874186,
    "neg_f": 0.49127261186924787,
    "pos_f": 0.6134555100072342,
    "tn": 774,
    "fp": 570,
    "fn": 1033,
    "tp": 1272,
    "sensitivity": 0.5518438177874186,
    "specificity": 0.5758928571428571,
    "acc": 0.5607015620718004
}