{
    "fbeta-1.0": 0.5164008426120976,
    "neg_prec": 0.5372573575453976,
    "pos_prec": 0.5769980506822612,
    "neg_rec": 0.49710312862108924,
    "pos_rec": 0.6157046281851274,
    "neg_f": 0.5164008426120976,
    "pos_f": 0.5957232704402515,
    "tn": 858,
    "fp": 868,
    "fn": 739,
    "tp": 1184,
    "sensitivity": 0.6157046281851274,
    "specificity": 0.49710312862108924,
    "acc": 0.5596053713346122
}