{
    "fbeta-1.0": 0.686350974930362,
    "neg_prec": 0.6581196581196581,
    "pos_prec": 0.7265053460889139,
    "neg_rec": 0.7171129220023282,
    "pos_rec": 0.6685655100983946,
    "neg_f": 0.686350974930362,
    "pos_f": 0.6963322545846817,
    "tn": 1232,
    "fp": 486,
    "fn": 640,
    "tp": 1291,
    "sensitivity": 0.6685655100983946,
    "specificity": 0.7171129220023282,
    "acc": 0.6914223074815018
}