{
    "fbeta-1.0": 0.4689935615045747,
    "neg_prec": 0.39206798866855525,
    "pos_prec": 0.7377919320594479,
    "neg_rec": 0.5834738617200674,
    "pos_rec": 0.5643524157531465,
    "neg_f": 0.4689935615045747,
    "pos_f": 0.6395215090867264,
    "tn": 692,
    "fp": 494,
    "fn": 1073,
    "tp": 1390,
    "sensitivity": 0.5643524157531465,
    "specificity": 0.5834738617200674,
    "acc": 0.5705672787064949
}