{
    "fbeta-1.0": 0.5050637046716759,
    "neg_prec": 0.41029723991507433,
    "pos_prec": 0.7711048158640227,
    "neg_rec": 0.6567544604927783,
    "pos_rec": 0.5505663430420712,
    "neg_f": 0.5050637046716759,
    "pos_f": 0.6424356856266226,
    "tn": 773,
    "fp": 404,
    "fn": 1111,
    "tp": 1361,
    "sensitivity": 0.5505663430420712,
    "specificity": 0.6567544604927783,
    "acc": 0.5848177582899424
}