{
    "fbeta-1.0": 0.5042168674698796,
    "neg_prec": 0.5250941028858218,
    "pos_prec": 0.5673965936739659,
    "neg_rec": 0.48493626882966395,
    "pos_rec": 0.6063442537701508,
    "neg_f": 0.5042168674698796,
    "pos_f": 0.5862242332830567,
    "tn": 837,
    "fp": 889,
    "fn": 757,
    "tp": 1166,
    "sensitivity": 0.6063442537701508,
    "specificity": 0.48493626882966395,
    "acc": 0.5489175116470266
}