{
    "fbeta-1.0": 0.6699737379632332,
    "neg_prec": 0.5742871435717859,
    "pos_prec": 0.8303030303030303,
    "neg_rec": 0.803921568627451,
    "pos_rec": 0.6168392615938766,
    "neg_f": 0.6699737379632332,
    "pos_f": 0.7078274347713768,
    "tn": 1148,
    "fp": 280,
    "fn": 851,
    "tp": 1370,
    "sensitivity": 0.6168392615938766,
    "specificity": 0.803921568627451,
    "acc": 0.6900520690600165
}