{
    "fbeta-1.0": 0.4731756081306231,
    "neg_prec": 0.4259148170365927,
    "pos_prec": 0.6851664984863775,
    "neg_rec": 0.5322338830584707,
    "pos_rec": 0.5866090712742981,
    "neg_f": 0.4731756081306231,
    "pos_f": 0.6320688852687922,
    "tn": 710,
    "fp": 624,
    "fn": 957,
    "tp": 1358,
    "sensitivity": 0.5866090712742981,
    "specificity": 0.5322338830584707,
    "acc": 0.5667306111263359
}