{
    "fbeta-1.0": 0.5323096609085092,
    "neg_prec": 0.51326341764343,
    "pos_prec": 0.6681459566074951,
    "neg_rec": 0.5528239202657808,
    "pos_rec": 0.6319962686567164,
    "neg_f": 0.5323096609085092,
    "pos_f": 0.649568552253116,
    "tn": 832,
    "fp": 673,
    "fn": 789,
    "tp": 1355,
    "sensitivity": 0.6319962686567164,
    "specificity": 0.5528239202657808,
    "acc": 0.599342285557687
}