{
    "fbeta-1.0": 0.5050178051149239,
    "neg_prec": 0.47186932849364793,
    "pos_prec": 0.6713426853707415,
    "neg_rec": 0.5431754874651811,
    "pos_rec": 0.605512878445549,
    "neg_f": 0.5050178051149239,
    "pos_f": 0.6367308149204087,
    "tn": 780,
    "fp": 656,
    "fn": 873,
    "tp": 1340,
    "sensitivity": 0.605512878445549,
    "specificity": 0.5431754874651811,
    "acc": 0.5809810907097835
}