{
    "fbeta-1.0": 0.5419896640826873,
    "neg_prec": 0.4372068785825951,
    "pos_prec": 0.8046242774566474,
    "neg_rec": 0.7128292268479184,
    "pos_rec": 0.5631067961165048,
    "neg_f": 0.5419896640826873,
    "pos_f": 0.6625416468348406,
    "tn": 839,
    "fp": 338,
    "fn": 1080,
    "tp": 1392,
    "sensitivity": 0.5631067961165048,
    "specificity": 0.7128292268479184,
    "acc": 0.611400383666758
}