{
    "fbeta-1.0": 0.6641596760196704,
    "neg_prec": 0.5680356259277586,
    "pos_prec": 0.8230958230958231,
    "neg_rec": 0.7994428969359332,
    "pos_rec": 0.605512878445549,
    "neg_f": 0.6641596760196704,
    "pos_f": 0.6977349648529029,
    "tn": 1148,
    "fp": 288,
    "fn": 873,
    "tp": 1340,
    "sensitivity": 0.605512878445549,
    "specificity": 0.7994428969359332,
    "acc": 0.6818306385311044
}