{
    "fbeta-1.0": 0.6018181818181818,
    "neg_prec": 0.5253968253968254,
    "pos_prec": 0.762933484934622,
    "neg_rec": 0.7042553191489361,
    "pos_rec": 0.5993747208575256,
    "neg_f": 0.6018181818181818,
    "pos_f": 0.671335667833917,
    "tn": 993,
    "fp": 417,
    "fn": 897,
    "tp": 1342,
    "sensitivity": 0.5993747208575256,
    "specificity": 0.7042553191489361,
    "acc": 0.6399013428336531
}