{
    "fbeta-1.0": 0.47377809489832323,
    "neg_prec": 0.39975918121613485,
    "pos_prec": 0.7595573440643864,
    "neg_rec": 0.5814360770577933,
    "pos_rec": 0.6023135221380136,
    "neg_f": 0.47377809489832323,
    "pos_f": 0.6718576195773082,
    "tn": 664,
    "fp": 478,
    "fn": 997,
    "tp": 1510,
    "sensitivity": 0.6023135221380136,
    "specificity": 0.5814360770577933,
    "acc": 0.5957796656618252
}