{
    "fbeta-1.0": 0.6252390057361377,
    "neg_prec": 0.6007348438456828,
    "pos_prec": 0.7400793650793651,
    "neg_rec": 0.651827242524917,
    "pos_rec": 0.6958955223880597,
    "neg_f": 0.6252390057361377,
    "pos_f": 0.7173076923076924,
    "tn": 981,
    "fp": 524,
    "fn": 652,
    "tp": 1492,
    "sensitivity": 0.6958955223880597,
    "specificity": 0.651827242524917,
    "acc": 0.6777199232666484
}