{
    "fbeta-1.0": 0.62867112532713,
    "neg_prec": 0.6100451467268623,
    "pos_prec": 0.6877996803409696,
    "neg_rec": 0.6484703059388123,
    "pos_rec": 0.6513622603430878,
    "neg_f": 0.62867112532713,
    "pos_f": 0.6690852552474734,
    "tn": 1081,
    "fp": 586,
    "fn": 691,
    "tp": 1291,
    "sensitivity": 0.6513622603430878,
    "specificity": 0.6484703059388123,
    "acc": 0.6500411071526445
}