{
    "fbeta-1.0": 0.5719602977667494,
    "neg_prec": 0.5853968253968254,
    "pos_prec": 0.6494696239151398,
    "neg_rec": 0.5591267434808975,
    "pos_rec": 0.6735,
    "neg_f": 0.5719602977667494,
    "pos_f": 0.6612665684830633,
    "tn": 922,
    "fp": 727,
    "fn": 653,
    "tp": 1347,
    "sensitivity": 0.6735,
    "specificity": 0.5591267434808975,
    "acc": 0.6218141956700466
}