{
    "fbeta-1.0": 0.47428189712758856,
    "neg_prec": 0.428743961352657,
    "pos_prec": 0.6848971399899649,
    "neg_rec": 0.5306427503736921,
    "pos_rec": 0.590653396797923,
    "neg_f": 0.47428189712758856,
    "pos_f": 0.6342936802973977,
    "tn": 710,
    "fp": 628,
    "fn": 946,
    "tp": 1365,
    "sensitivity": 0.590653396797923,
    "specificity": 0.5306427503736921,
    "acc": 0.5686489449164155
}