{
    "fbeta-1.0": 0.5173521850899743,
    "neg_prec": 0.4637096774193548,
    "pos_prec": 0.7015159435441715,
    "neg_rec": 0.5850290697674418,
    "pos_rec": 0.5904091509018917,
    "neg_f": 0.5173521850899743,
    "pos_f": 0.6411849020544673,
    "tn": 805,
    "fp": 571,
    "fn": 931,
    "tp": 1342,
    "sensitivity": 0.5904091509018917,
    "specificity": 0.5850290697674418,
    "acc": 0.5883803781858044
}