{
    "fbeta-1.0": 0.6534025374855824,
    "neg_prec": 0.595063025210084,
    "pos_prec": 0.7530085959885386,
    "neg_rec": 0.7244245524296675,
    "pos_rec": 0.6302158273381295,
    "neg_f": 0.6534025374855824,
    "pos_f": 0.6861618798955613,
    "tn": 1133,
    "fp": 431,
    "fn": 771,
    "tp": 1314,
    "sensitivity": 0.6302158273381295,
    "specificity": 0.7244245524296675,
    "acc": 0.6705946834749247
}