{
    "fbeta-1.0": 0.5395408163265306,
    "neg_prec": 0.5241635687732342,
    "pos_prec": 0.6678132678132678,
    "neg_rec": 0.5558475689881734,
    "pos_rec": 0.6389280677009873,
    "neg_f": 0.5395408163265306,
    "pos_f": 0.6530514175876981,
    "tn": 846,
    "fp": 676,
    "fn": 768,
    "tp": 1359,
    "sensitivity": 0.6389280677009873,
    "specificity": 0.5558475689881734,
    "acc": 0.6042751438750342
}