{
    "fbeta-1.0": 0.5193548387096774,
    "neg_prec": 0.554789800137836,
    "pos_prec": 0.6160145586897179,
    "neg_rec": 0.4881746513038205,
    "pos_rec": 0.677,
    "neg_f": 0.5193548387096774,
    "pos_f": 0.6450690805145307,
    "tn": 805,
    "fp": 844,
    "fn": 646,
    "tp": 1354,
    "sensitivity": 0.677,
    "specificity": 0.4881746513038205,
    "acc": 0.5916689503973691
}