{
    "fbeta-1.0": 0.5768177669607546,
    "neg_prec": 0.5629453681710214,
    "pos_prec": 0.6666666666666666,
    "neg_rec": 0.5913911416094823,
    "pos_rec": 0.6402737047898338,
    "neg_f": 0.5768177669607546,
    "pos_f": 0.6532036898529046,
    "tn": 948,
    "fp": 655,
    "fn": 736,
    "tp": 1310,
    "sensitivity": 0.6402737047898338,
    "specificity": 0.5913911416094823,
    "acc": 0.6187996711427789
}