{
    "fbeta-1.0": 0.5623800383877159,
    "neg_prec": 0.5627400768245838,
    "pos_prec": 0.6717776712985146,
    "neg_rec": 0.5620204603580563,
    "pos_rec": 0.6724220623501199,
    "neg_f": 0.5623800383877159,
    "pos_f": 0.6720997123681688,
    "tn": 879,
    "fp": 685,
    "fn": 683,
    "tp": 1402,
    "sensitivity": 0.6724220623501199,
    "specificity": 0.5620204603580563,
    "acc": 0.6251027678816115
}