{
    "fbeta-1.0": 0.5063639490884073,
    "neg_prec": 0.4585669781931464,
    "pos_prec": 0.723091976516634,
    "neg_rec": 0.565284178187404,
    "pos_rec": 0.6297400937366852,
    "neg_f": 0.5063639490884073,
    "pos_f": 0.6731951719426099,
    "tn": 736,
    "fp": 566,
    "fn": 869,
    "tp": 1478,
    "sensitivity": 0.6297400937366852,
    "specificity": 0.565284178187404,
    "acc": 0.6067415730337079
}