{
    "fbeta-1.0": 0.5708661417322834,
    "neg_prec": 0.4738562091503268,
    "pos_prec": 0.8113623827909542,
    "neg_rec": 0.7178217821782178,
    "pos_rec": 0.6036109971276159,
    "neg_f": 0.5708661417322834,
    "pos_f": 0.692235294117647,
    "tn": 870,
    "fp": 342,
    "fn": 966,
    "tp": 1471,
    "sensitivity": 0.6036109971276159,
    "specificity": 0.7178217821782178,
    "acc": 0.6415456289394355
}