{
    "fbeta-1.0": 0.5398550724637681,
    "neg_prec": 0.5636822194199244,
    "pos_prec": 0.596703829374697,
    "neg_rec": 0.5179606025492468,
    "pos_rec": 0.640145605824233,
    "neg_f": 0.5398550724637681,
    "pos_f": 0.6176618163572503,
    "tn": 894,
    "fp": 832,
    "fn": 692,
    "tp": 1231,
    "sensitivity": 0.640145605824233,
    "specificity": 0.5179606025492468,
    "acc": 0.5823513291312689
}