{
    "fbeta-1.0": 0.5744400527009222,
    "neg_prec": 0.49743297204791787,
    "pos_prec": 0.7832278481012658,
    "neg_rec": 0.6796570537802027,
    "pos_rec": 0.6276415891800508,
    "neg_f": 0.5744400527009222,
    "pos_f": 0.6968559361801971,
    "tn": 872,
    "fp": 411,
    "fn": 881,
    "tp": 1485,
    "sensitivity": 0.6276415891800508,
    "specificity": 0.6796570537802027,
    "acc": 0.6459303918881886
}