{
    "fbeta-1.0": 0.5537848605577689,
    "neg_prec": 0.5291878172588832,
    "pos_prec": 0.7095996140858659,
    "neg_rec": 0.5807799442896936,
    "pos_rec": 0.6647085404428378,
    "neg_f": 0.5537848605577689,
    "pos_f": 0.6864209052729818,
    "tn": 834,
    "fp": 602,
    "fn": 742,
    "tp": 1471,
    "sensitivity": 0.6647085404428378,
    "specificity": 0.5807799442896936,
    "acc": 0.6316799123047411
}