{
    "fbeta-1.0": 0.47081838930551023,
    "neg_prec": 0.4357272178636089,
    "pos_prec": 0.6546184738955824,
    "neg_rec": 0.5120567375886524,
    "pos_rec": 0.582402858418937,
    "neg_f": 0.47081838930551023,
    "pos_f": 0.6164027416686363,
    "tn": 722,
    "fp": 688,
    "fn": 935,
    "tp": 1304,
    "sensitivity": 0.582402858418937,
    "specificity": 0.5120567375886524,
    "acc": 0.5552206083858592
}