{
    "fbeta-1.0": 0.5433017591339647,
    "neg_prec": 0.5082278481012659,
    "pos_prec": 0.7230546157564041,
    "neg_rec": 0.5835755813953488,
    "pos_rec": 0.6581610206775187,
    "neg_f": 0.5433017591339647,
    "pos_f": 0.6890833717181023,
    "tn": 803,
    "fp": 573,
    "fn": 777,
    "tp": 1496,
    "sensitivity": 0.6581610206775187,
    "specificity": 0.5835755813953488,
    "acc": 0.6300356261989586
}