{
    "fbeta-1.0": 0.5698787492022974,
    "neg_prec": 0.5274660366213821,
    "pos_prec": 0.7198364008179959,
    "neg_rec": 0.6197085357390701,
    "pos_rec": 0.6376811594202898,
    "neg_f": 0.5698787492022974,
    "pos_f": 0.6762728146013449,
    "tn": 893,
    "fp": 548,
    "fn": 800,
    "tp": 1408,
    "sensitivity": 0.6376811594202898,
    "specificity": 0.6197085357390701,
    "acc": 0.6305837215675527
}