{
    "fbeta-1.0": 0.5002977963073257,
    "neg_prec": 0.4967474866942638,
    "pos_prec": 0.5776302349336058,
    "neg_rec": 0.5038992201559688,
    "pos_rec": 0.570635721493441,
    "neg_f": 0.5002977963073257,
    "pos_f": 0.5741116751269036,
    "tn": 840,
    "fp": 827,
    "fn": 851,
    "tp": 1131,
    "sensitivity": 0.570635721493441,
    "specificity": 0.5038992201559688,
    "acc": 0.5401479857495204
}