{
    "fbeta-1.0": 0.5879458794587946,
    "neg_prec": 0.4994775339602926,
    "pos_prec": 0.7798270893371758,
    "neg_rec": 0.7144992526158446,
    "pos_rec": 0.5854608394634357,
    "neg_f": 0.5879458794587946,
    "pos_f": 0.6688086999505685,
    "tn": 956,
    "fp": 382,
    "fn": 958,
    "tp": 1353,
    "sensitivity": 0.5854608394634357,
    "specificity": 0.7144992526158446,
    "acc": 0.6327761030419293
}