{
    "fbeta-1.0": 0.48280558392917944,
    "neg_prec": 0.44174454828660437,
    "pos_prec": 0.6952054794520548,
    "neg_rec": 0.5322822822822822,
    "pos_rec": 0.6132930513595166,
    "neg_f": 0.48280558392917944,
    "pos_f": 0.651685393258427,
    "tn": 709,
    "fp": 623,
    "fn": 896,
    "tp": 1421,
    "sensitivity": 0.6132930513595166,
    "specificity": 0.5322822822822822,
    "acc": 0.5837215675527542
}