{
    "fbeta-1.0": 0.4819903453397697,
    "neg_prec": 0.4602836879432624,
    "pos_prec": 0.7168378740509156,
    "neg_rec": 0.5058456742010912,
    "pos_rec": 0.6783601014370245,
    "neg_f": 0.4819903453397697,
    "pos_f": 0.6970684039087948,
    "tn": 649,
    "fp": 634,
    "fn": 761,
    "tp": 1605,
    "sensitivity": 0.6783601014370245,
    "specificity": 0.5058456742010912,
    "acc": 0.6177034804055905
}