{
    "fbeta-1.0": 0.5926876202694035,
    "neg_prec": 0.5789473684210527,
    "pos_prec": 0.7087189478811495,
    "neg_rec": 0.607095926412615,
    "pos_rec": 0.6840620592383639,
    "neg_f": 0.5926876202694035,
    "pos_f": 0.6961722488038278,
    "tn": 924,
    "fp": 598,
    "fn": 672,
    "tp": 1455,
    "sensitivity": 0.6840620592383639,
    "specificity": 0.607095926412615,
    "acc": 0.6519594409427241
}