{
    "fbeta-1.0": 0.6547870733917246,
    "neg_prec": 0.5796791443850268,
    "pos_prec": 0.7993254637436762,
    "neg_rec": 0.7522553782095767,
    "pos_rec": 0.6440217391304348,
    "neg_f": 0.6547870733917246,
    "pos_f": 0.7133182844243793,
    "tn": 1084,
    "fp": 357,
    "fn": 786,
    "tp": 1422,
    "sensitivity": 0.6440217391304348,
    "specificity": 0.7522553782095767,
    "acc": 0.6867634968484516
}