{
    "fbeta-1.0": 0.6032467532467533,
    "neg_prec": 0.5320733104238259,
    "pos_prec": 0.7871781397792958,
    "neg_rec": 0.6964017991004497,
    "pos_rec": 0.6470842332613391,
    "neg_f": 0.6032467532467533,
    "pos_f": 0.7102892366050262,
    "tn": 929,
    "fp": 405,
    "fn": 817,
    "tp": 1498,
    "sensitivity": 0.6470842332613391,
    "specificity": 0.6964017991004497,
    "acc": 0.6651137297889833
}