{
    "fbeta-1.0": 0.5739586749754018,
    "neg_prec": 0.5424674519528828,
    "pos_prec": 0.7244597249508841,
    "neg_rec": 0.6093314763231198,
    "pos_rec": 0.666516041572526,
    "neg_f": 0.5739586749754018,
    "pos_f": 0.6942810072958342,
    "tn": 875,
    "fp": 561,
    "fn": 738,
    "tp": 1475,
    "sensitivity": 0.666516041572526,
    "specificity": 0.6093314763231198,
    "acc": 0.644012058098109
}