{
    "fbeta-1.0": 0.5778491171749599,
    "neg_prec": 0.5590062111801242,
    "pos_prec": 0.7032859244727808,
    "neg_rec": 0.5980066445182725,
    "pos_rec": 0.6688432835820896,
    "neg_f": 0.5778491171749599,
    "pos_f": 0.685632321300502,
    "tn": 900,
    "fp": 605,
    "fn": 710,
    "tp": 1434,
    "sensitivity": 0.6688432835820896,
    "specificity": 0.5980066445182725,
    "acc": 0.639627295149356
}