{
    "fbeta-1.0": 0.5479274611398963,
    "neg_prec": 0.5696969696969697,
    "pos_prec": 0.6501848428835489,
    "neg_rec": 0.527760449157829,
    "pos_rec": 0.6876832844574781,
    "neg_f": 0.5479274611398963,
    "pos_f": 0.6684085510688836,
    "tn": 846,
    "fp": 757,
    "fn": 639,
    "tp": 1407,
    "sensitivity": 0.6876832844574781,
    "specificity": 0.527760449157829,
    "acc": 0.6174294327212935
}