{
    "fbeta-1.0": 0.5752380952380952,
    "neg_prec": 0.5206896551724138,
    "pos_prec": 0.7359874279727606,
    "neg_rec": 0.6425531914893617,
    "pos_rec": 0.62751228226887,
    "neg_f": 0.5752380952380952,
    "pos_f": 0.6774349083895853,
    "tn": 906,
    "fp": 504,
    "fn": 834,
    "tp": 1405,
    "sensitivity": 0.62751228226887,
    "specificity": 0.6425531914893617,
    "acc": 0.6333241984105235
}