{
    "fbeta-1.0": 0.6397103198551599,
    "neg_prec": 0.620245757753072,
    "pos_prec": 0.7190721649484536,
    "neg_rec": 0.660436137071651,
    "pos_rec": 0.6824853228962818,
    "neg_f": 0.6397103198551599,
    "pos_f": 0.7003012048192772,
    "tn": 1060,
    "fp": 545,
    "fn": 649,
    "tp": 1395,
    "sensitivity": 0.6824853228962818,
    "specificity": 0.660436137071651,
    "acc": 0.6727870649493012
}