{
    "fbeta-1.0": 0.54551201011378,
    "neg_prec": 0.5764863059452238,
    "pos_prec": 0.6263940520446096,
    "neg_rec": 0.5176964607078585,
    "pos_rec": 0.6801210898082745,
    "neg_f": 0.54551201011378,
    "pos_f": 0.6521528785679728,
    "tn": 863,
    "fp": 804,
    "fn": 634,
    "tp": 1348,
    "sensitivity": 0.6801210898082745,
    "specificity": 0.5176964607078585,
    "acc": 0.6059194299808167
}