{
    "fbeta-1.0": 0.5331978319783198,
    "neg_prec": 0.45229885057471264,
    "pos_prec": 0.7773703509690938,
    "neg_rec": 0.6493399339933993,
    "pos_rec": 0.6089454247025031,
    "neg_f": 0.5331978319783198,
    "pos_f": 0.6829268292682927,
    "tn": 787,
    "fp": 425,
    "fn": 953,
    "tp": 1484,
    "sensitivity": 0.6089454247025031,
    "specificity": 0.6493399339933993,
    "acc": 0.6223622910386407
}