{
    "fbeta-1.0": 0.6280193236714976,
    "neg_prec": 0.5949656750572082,
    "pos_prec": 0.7243556023145713,
    "neg_rec": 0.6649616368286445,
    "pos_rec": 0.660431654676259,
    "neg_f": 0.6280193236714976,
    "pos_f": 0.6909182137481185,
    "tn": 1040,
    "fp": 524,
    "fn": 708,
    "tp": 1377,
    "sensitivity": 0.660431654676259,
    "specificity": 0.6649616368286445,
    "acc": 0.6623732529460126
}