{
    "fbeta-1.0": 0.6187554776511832,
    "neg_prec": 0.624042427813789,
    "pos_prec": 0.6582991803278688,
    "neg_rec": 0.6135573580533025,
    "pos_rec": 0.6682267290691628,
    "neg_f": 0.6187554776511832,
    "pos_f": 0.6632258064516129,
    "tn": 1059,
    "fp": 667,
    "fn": 638,
    "tp": 1285,
    "sensitivity": 0.6682267290691628,
    "specificity": 0.6135573580533025,
    "acc": 0.6423677719923266
}