{
    "fbeta-1.0": 0.5014285714285714,
    "neg_prec": 0.41985645933014354,
    "pos_prec": 0.7845220030349014,
    "neg_rec": 0.6223404255319149,
    "pos_rec": 0.6152320507735026,
    "neg_f": 0.5014285714285714,
    "pos_f": 0.6896398399288572,
    "tn": 702,
    "fp": 426,
    "fn": 970,
    "tp": 1551,
    "sensitivity": 0.6152320507735026,
    "specificity": 0.6223404255319149,
    "acc": 0.6174294327212935
}