{
    "fbeta-1.0": 0.499669093315685,
    "neg_prec": 0.5328158080451658,
    "pos_prec": 0.6191756272401434,
    "neg_rec": 0.470404984423676,
    "pos_rec": 0.6761252446183953,
    "neg_f": 0.499669093315685,
    "pos_f": 0.6463985032740879,
    "tn": 755,
    "fp": 850,
    "fn": 662,
    "tp": 1382,
    "sensitivity": 0.6761252446183953,
    "specificity": 0.470404984423676,
    "acc": 0.5856399013428336
}