{
    "fbeta-1.0": 0.6732792305380222,
    "neg_prec": 0.6204986149584487,
    "pos_prec": 0.7819956616052061,
    "neg_rec": 0.735873850197109,
    "pos_rec": 0.6779501645510108,
    "neg_f": 0.6732792305380222,
    "pos_f": 0.7262654243263661,
    "tn": 1120,
    "fp": 402,
    "fn": 685,
    "tp": 1442,
    "sensitivity": 0.6779501645510108,
    "specificity": 0.735873850197109,
    "acc": 0.7021101671690875
}