{
    "fbeta-1.0": 0.5203588681849551,
    "neg_prec": 0.5157318741450069,
    "pos_prec": 0.6881572930955647,
    "neg_rec": 0.5250696378830083,
    "pos_rec": 0.6800723000451875,
    "neg_f": 0.5203588681849551,
    "pos_f": 0.6840909090909091,
    "tn": 754,
    "fp": 682,
    "fn": 708,
    "tp": 1505,
    "sensitivity": 0.6800723000451875,
    "specificity": 0.5250696378830083,
    "acc": 0.619073718827076
}