{
    "fbeta-1.0": 0.5637495902982628,
    "neg_prec": 0.5119047619047619,
    "pos_prec": 0.7404773996952768,
    "neg_rec": 0.6272793581327498,
    "pos_rec": 0.6400351185250219,
    "neg_f": 0.5637495902982628,
    "pos_f": 0.6866023075111845,
    "tn": 860,
    "fp": 511,
    "fn": 820,
    "tp": 1458,
    "sensitivity": 0.6400351185250219,
    "specificity": 0.6272793581327498,
    "acc": 0.6352425322006029
}