{
    "fbeta-1.0": 0.5551554828150573,
    "neg_prec": 0.45154419595314166,
    "pos_prec": 0.8142292490118577,
    "neg_rec": 0.7204757858963466,
    "pos_rec": 0.5833333333333334,
    "neg_f": 0.5551554828150573,
    "pos_f": 0.6797077539476786,
    "tn": 848,
    "fp": 329,
    "fn": 1030,
    "tp": 1442,
    "sensitivity": 0.5833333333333334,
    "specificity": 0.7204757858963466,
    "acc": 0.627569197040285
}