{
    "fbeta-1.0": 0.6651053864168619,
    "neg_prec": 0.6265857694429123,
    "pos_prec": 0.7456427015250545,
    "neg_rec": 0.7086712414223332,
    "pos_rec": 0.66911045943304,
    "neg_f": 0.6651053864168619,
    "pos_f": 0.7053065430190624,
    "tn": 1136,
    "fp": 467,
    "fn": 677,
    "tp": 1369,
    "sensitivity": 0.66911045943304,
    "specificity": 0.7086712414223332,
    "acc": 0.6864894491641546
}