{
    "fbeta-1.0": 0.6705986434680036,
    "neg_prec": 0.5815856777493607,
    "pos_prec": 0.8234946871310508,
    "neg_rec": 0.791782729805014,
    "pos_rec": 0.6303660189787619,
    "neg_f": 0.6705986434680036,
    "pos_f": 0.7141028922446891,
    "tn": 1137,
    "fp": 299,
    "fn": 818,
    "tp": 1395,
    "sensitivity": 0.6303660189787619,
    "specificity": 0.791782729805014,
    "acc": 0.6938887366401754
}