{
    "fbeta-1.0": 0.5312813650050183,
    "neg_prec": 0.5112685125563425,
    "pos_prec": 0.6937022900763359,
    "neg_rec": 0.552924791086351,
    "pos_rec": 0.6570266606416629,
    "neg_f": 0.5312813650050183,
    "pos_f": 0.6748665583662103,
    "tn": 794,
    "fp": 642,
    "fn": 759,
    "tp": 1454,
    "sensitivity": 0.6570266606416629,
    "specificity": 0.552924791086351,
    "acc": 0.6160591942998082
}