{
    "fbeta-1.0": 0.4959349593495934,
    "neg_prec": 0.4290281329923274,
    "pos_prec": 0.7741007194244605,
    "neg_rec": 0.5875656742556917,
    "pos_rec": 0.6437973673713602,
    "neg_f": 0.4959349593495934,
    "pos_f": 0.7029616724738676,
    "tn": 671,
    "fp": 471,
    "fn": 893,
    "tp": 1614,
    "sensitivity": 0.6437973673713602,
    "specificity": 0.5875656742556917,
    "acc": 0.6261989586187997
}