{
    "fbeta-1.0": 0.6317966903073287,
    "neg_prec": 0.641656662665066,
    "pos_prec": 0.6727181038830056,
    "neg_rec": 0.6222351571594877,
    "pos_rec": 0.6908337648886588,
    "neg_f": 0.6317966903073287,
    "pos_f": 0.6816555952989269,
    "tn": 1069,
    "fp": 649,
    "fn": 597,
    "tp": 1334,
    "sensitivity": 0.6908337648886588,
    "specificity": 0.6222351571594877,
    "acc": 0.6585365853658537
}