{
    "fbeta-1.0": 0.643843843843844,
    "neg_prec": 0.5472179683511996,
    "pos_prec": 0.823076923076923,
    "neg_rec": 0.7819110138584975,
    "pos_rec": 0.6106233538191396,
    "neg_f": 0.643843843843844,
    "pos_f": 0.701108870967742,
    "tn": 1072,
    "fp": 299,
    "fn": 887,
    "tp": 1391,
    "sensitivity": 0.6106233538191396,
    "specificity": 0.7819110138584975,
    "acc": 0.6749794464236777
}