{
    "fbeta-1.0": 0.5738562091503269,
    "neg_prec": 0.4751082251082251,
    "pos_prec": 0.8145474736257635,
    "neg_rec": 0.7244224422442245,
    "pos_rec": 0.6019696347968814,
    "neg_f": 0.5738562091503269,
    "pos_f": 0.6923076923076923,
    "tn": 878,
    "fp": 334,
    "fn": 970,
    "tp": 1467,
    "sensitivity": 0.6019696347968814,
    "specificity": 0.7244224422442245,
    "acc": 0.6426418196766237
}