{
    "fbeta-1.0": 0.6142595978062156,
    "neg_prec": 0.5288562434417629,
    "pos_prec": 0.7888697647733792,
    "neg_rec": 0.7325581395348837,
    "pos_rec": 0.6049274087109547,
    "neg_f": 0.6142595978062156,
    "pos_f": 0.6847609561752989,
    "tn": 1008,
    "fp": 368,
    "fn": 898,
    "tp": 1375,
    "sensitivity": 0.6049274087109547,
    "specificity": 0.7325581395348837,
    "acc": 0.6530556316799123
}