{
    "fbeta-1.0": 0.49025859015232026,
    "neg_prec": 0.4782308223911541,
    "pos_prec": 0.6893732970027248,
    "neg_rec": 0.502906976744186,
    "pos_rec": 0.6678398592168939,
    "neg_f": 0.49025859015232026,
    "pos_f": 0.6784357541899441,
    "tn": 692,
    "fp": 684,
    "fn": 755,
    "tp": 1518,
    "sensitivity": 0.6678398592168939,
    "specificity": 0.502906976744186,
    "acc": 0.6056453822965195
}