{
    "fbeta-1.0": 0.6674757281553398,
    "neg_prec": 0.6141820212171971,
    "pos_prec": 0.7820236813778256,
    "neg_rec": 0.7308970099667774,
    "pos_rec": 0.6777052238805971,
    "neg_f": 0.6674757281553398,
    "pos_f": 0.726136931534233,
    "tn": 1100,
    "fp": 405,
    "fn": 691,
    "tp": 1453,
    "sensitivity": 0.6777052238805971,
    "specificity": 0.7308970099667774,
    "acc": 0.6996437380104138
}