{
    "fbeta-1.0": 0.5218579234972679,
    "neg_prec": 0.49131832797427655,
    "pos_prec": 0.7091690544412608,
    "neg_rec": 0.5564457392571013,
    "pos_rec": 0.6524604569420035,
    "neg_f": 0.5218579234972679,
    "pos_f": 0.6796338672768878,
    "tn": 764,
    "fp": 609,
    "fn": 791,
    "tp": 1485,
    "sensitivity": 0.6524604569420035,
    "specificity": 0.5564457392571013,
    "acc": 0.6163332419841052
}