{
    "fbeta-1.0": 0.4697457930540637,
    "neg_prec": 0.4527260179434092,
    "pos_prec": 0.6872727272727273,
    "neg_rec": 0.4880952380952381,
    "pos_rec": 0.6559652928416486,
    "neg_f": 0.4697457930540637,
    "pos_f": 0.6712541620421754,
    "tn": 656,
    "fp": 688,
    "fn": 793,
    "tp": 1512,
    "sensitivity": 0.6559652928416486,
    "specificity": 0.4880952380952381,
    "acc": 0.5941353795560428
}