{
    "fbeta-1.0": 0.49131341209173035,
    "neg_prec": 0.4697674418604651,
    "pos_prec": 0.6893656716417911,
    "neg_rec": 0.5149308084486526,
    "pos_rec": 0.6493848857644992,
    "neg_f": 0.49131341209173035,
    "pos_f": 0.6687782805429865,
    "tn": 707,
    "fp": 666,
    "fn": 798,
    "tp": 1478,
    "sensitivity": 0.6493848857644992,
    "specificity": 0.5149308084486526,
    "acc": 0.5987941901890929
}