{
    "fbeta-1.0": 0.5128022759601707,
    "neg_prec": 0.450625,
    "pos_prec": 0.7603709126403123,
    "neg_rec": 0.5948844884488449,
    "pos_rec": 0.6393106278210915,
    "neg_f": 0.5128022759601707,
    "pos_f": 0.6946054391440036,
    "tn": 721,
    "fp": 491,
    "fn": 879,
    "tp": 1558,
    "sensitivity": 0.6393106278210915,
    "specificity": 0.5948844884488449,
    "acc": 0.6245546725130172
}