{
    "fbeta-1.0": 0.575507614213198,
    "neg_prec": 0.5016592920353983,
    "pos_prec": 0.7626290059750136,
    "neg_rec": 0.6748511904761905,
    "pos_rec": 0.6091106290672451,
    "neg_f": 0.575507614213198,
    "pos_f": 0.6772793053545587,
    "tn": 907,
    "fp": 437,
    "fn": 901,
    "tp": 1404,
    "sensitivity": 0.6091106290672451,
    "specificity": 0.6748511904761905,
    "acc": 0.6333241984105235
}