{
    "fbeta-1.0": 0.5185699409927108,
    "neg_prec": 0.5141087405368203,
    "pos_prec": 0.6898907103825137,
    "neg_rec": 0.523109243697479,
    "pos_rec": 0.6821251688428636,
    "neg_f": 0.5185699409927108,
    "pos_f": 0.6859859633235228,
    "tn": 747,
    "fp": 681,
    "fn": 706,
    "tp": 1515,
    "sensitivity": 0.6821251688428636,
    "specificity": 0.523109243697479,
    "acc": 0.6198958618799671
}