{
    "fbeta-1.0": 0.48716119828815974,
    "neg_prec": 0.4221260815822003,
    "pos_prec": 0.7523387493845396,
    "neg_rec": 0.575885328836425,
    "pos_rec": 0.6203816483962648,
    "neg_f": 0.48716119828815974,
    "pos_f": 0.6800178015131286,
    "tn": 683,
    "fp": 503,
    "fn": 935,
    "tp": 1528,
    "sensitivity": 0.6203816483962648,
    "specificity": 0.575885328836425,
    "acc": 0.6059194299808167
}