{
    "fbeta-1.0": 0.596231078158789,
    "neg_prec": 0.5097728473322768,
    "pos_prec": 0.7841685649202733,
    "neg_rec": 0.7180059523809523,
    "pos_rec": 0.5973969631236442,
    "neg_f": 0.596231078158789,
    "pos_f": 0.6781580891406057,
    "tn": 965,
    "fp": 379,
    "fn": 928,
    "tp": 1377,
    "sensitivity": 0.5973969631236442,
    "specificity": 0.7180059523809523,
    "acc": 0.6418196766237325
}