{
    "fbeta-1.0": 0.4972067039106145,
    "neg_prec": 0.46475195822454307,
    "pos_prec": 0.7071327350023618,
    "neg_rec": 0.5345345345345346,
    "pos_rec": 0.6460940871817005,
    "neg_f": 0.4972067039106145,
    "pos_f": 0.6752368064952639,
    "tn": 712,
    "fp": 620,
    "fn": 820,
    "tp": 1497,
    "sensitivity": 0.6460940871817005,
    "specificity": 0.5345345345345346,
    "acc": 0.6053713346122225
}