{
    "fbeta-1.0": 0.6220799999999999,
    "neg_prec": 0.5331870543060888,
    "pos_prec": 0.8192771084337349,
    "neg_rec": 0.7465437788018433,
    "pos_rec": 0.6374094588836813,
    "neg_f": 0.6220799999999999,
    "pos_f": 0.7169901749341002,
    "tn": 972,
    "fp": 330,
    "fn": 851,
    "tp": 1496,
    "sensitivity": 0.6374094588836813,
    "specificity": 0.7465437788018433,
    "acc": 0.6763496848451631
}