{
    "fbeta-1.0": 0.5930042497548218,
    "neg_prec": 0.5162208309618668,
    "pos_prec": 0.7912262156448203,
    "neg_rec": 0.6966205837173579,
    "pos_rec": 0.6378355347251811,
    "neg_f": 0.5930042497548218,
    "pos_f": 0.7062986553432413,
    "tn": 907,
    "fp": 395,
    "fn": 850,
    "tp": 1497,
    "sensitivity": 0.6378355347251811,
    "specificity": 0.6966205837173579,
    "acc": 0.6588106330501508
}