{
    "fbeta-1.0": 0.6607407407407407,
    "neg_prec": 0.6636904761904762,
    "pos_prec": 0.7054342305738954,
    "neg_rec": 0.6578171091445427,
    "pos_rec": 0.710849539406346,
    "neg_f": 0.6607407407407407,
    "pos_f": 0.7081315319908235,
    "tn": 1115,
    "fp": 580,
    "fn": 565,
    "tp": 1389,
    "sensitivity": 0.710849539406346,
    "specificity": 0.6578171091445427,
    "acc": 0.6862154014798575
}