{
    "fbeta-1.0": 0.6403162055335969,
    "neg_prec": 0.5495824634655533,
    "pos_prec": 0.8153491055972303,
    "neg_rec": 0.7669337217771304,
    "pos_rec": 0.6208260105448155,
    "neg_f": 0.6403162055335969,
    "pos_f": 0.7049139436268397,
    "tn": 1053,
    "fp": 320,
    "fn": 863,
    "tp": 1413,
    "sensitivity": 0.6208260105448155,
    "specificity": 0.7669337217771304,
    "acc": 0.6758015894765689
}