{
    "fbeta-1.0": 0.4941008223096175,
    "neg_prec": 0.4845722300140252,
    "pos_prec": 0.6941070625281152,
    "neg_rec": 0.5040116703136397,
    "pos_rec": 0.6773485513608428,
    "neg_f": 0.4941008223096175,
    "pos_f": 0.6856254165740947,
    "tn": 691,
    "fp": 680,
    "fn": 735,
    "tp": 1543,
    "sensitivity": 0.6773485513608428,
    "specificity": 0.5040116703136397,
    "acc": 0.6122225267196493
}