{
    "fbeta-1.0": 0.5286284953395471,
    "neg_prec": 0.5296864576384256,
    "pos_prec": 0.6693023255813954,
    "neg_rec": 0.5275747508305648,
    "pos_rec": 0.6711753731343284,
    "neg_f": 0.5286284953395471,
    "pos_f": 0.6702375407545412,
    "tn": 794,
    "fp": 711,
    "fn": 705,
    "tp": 1439,
    "sensitivity": 0.6711753731343284,
    "specificity": 0.5275747508305648,
    "acc": 0.6119484790353521
}