{
    "fbeta-1.0": 0.6693853772210894,
    "neg_prec": 0.6440582959641256,
    "pos_prec": 0.7319034852546917,
    "neg_rec": 0.6967859308671922,
    "pos_rec": 0.6825,
    "neg_f": 0.6693853772210894,
    "pos_f": 0.7063389391979302,
    "tn": 1149,
    "fp": 500,
    "fn": 635,
    "tp": 1365,
    "sensitivity": 0.6825,
    "specificity": 0.6967859308671922,
    "acc": 0.6889558783228281
}