{
    "fbeta-1.0": 0.6110255620572836,
    "neg_prec": 0.6034063260340633,
    "pos_prec": 0.6952618453865337,
    "neg_rec": 0.6188396756082346,
    "pos_rec": 0.6813294232649071,
    "neg_f": 0.6110255620572836,
    "pos_f": 0.6882251295976302,
    "tn": 992,
    "fp": 611,
    "fn": 652,
    "tp": 1394,
    "sensitivity": 0.6813294232649071,
    "specificity": 0.6188396756082346,
    "acc": 0.6538777747328035
}