{
    "fbeta-1.0": 0.5616026711185308,
    "neg_prec": 0.45045527584359935,
    "pos_prec": 0.8389450056116723,
    "neg_rec": 0.7455673758865248,
    "pos_rec": 0.5930186433954779,
    "neg_f": 0.5616026711185308,
    "pos_f": 0.6948640483383685,
    "tn": 841,
    "fp": 287,
    "fn": 1026,
    "tp": 1495,
    "sensitivity": 0.5930186433954779,
    "specificity": 0.7455673758865248,
    "acc": 0.6401753905179501
}