{
    "fbeta-1.0": 0.6182985553772071,
    "neg_prec": 0.5401009534492428,
    "pos_prec": 0.8022508038585209,
    "neg_rec": 0.722972972972973,
    "pos_rec": 0.6460940871817005,
    "neg_f": 0.6182985553772071,
    "pos_f": 0.7157542433660053,
    "tn": 963,
    "fp": 369,
    "fn": 820,
    "tp": 1497,
    "sensitivity": 0.6460940871817005,
    "specificity": 0.722972972972973,
    "acc": 0.6741573033707865
}