{
    "fbeta-1.0": 0.6698085419734904,
    "neg_prec": 0.6209721463681048,
    "pos_prec": 0.7651265126512651,
    "neg_rec": 0.7269820971867008,
    "pos_rec": 0.6671462829736211,
    "neg_f": 0.6698085419734904,
    "pos_f": 0.7127850371509096,
    "tn": 1137,
    "fp": 427,
    "fn": 694,
    "tp": 1391,
    "sensitivity": 0.6671462829736211,
    "specificity": 0.7269820971867008,
    "acc": 0.6927925459029871
}