{
    "fbeta-1.0": 0.5100105374077978,
    "neg_prec": 0.4935418082936778,
    "pos_prec": 0.7015610651974288,
    "neg_rec": 0.5276162790697675,
    "pos_rec": 0.6722393312802464,
    "neg_f": 0.5100105374077978,
    "pos_f": 0.6865872837564592,
    "tn": 726,
    "fp": 650,
    "fn": 745,
    "tp": 1528,
    "sensitivity": 0.6722393312802464,
    "specificity": 0.5276162790697675,
    "acc": 0.6177034804055905
}