{
    "fbeta-1.0": 0.5388365290867729,
    "neg_prec": 0.5479180436219432,
    "pos_prec": 0.6558988764044944,
    "neg_rec": 0.5300511508951407,
    "pos_rec": 0.6719424460431654,
    "neg_f": 0.5388365290867729,
    "pos_f": 0.663823738450604,
    "tn": 829,
    "fp": 735,
    "fn": 684,
    "tp": 1401,
    "sensitivity": 0.6719424460431654,
    "specificity": 0.5300511508951407,
    "acc": 0.6111263359824609
}