{
    "fbeta-1.0": 0.6222910216718266,
    "neg_prec": 0.5863477246207701,
    "pos_prec": 0.7359173126614987,
    "neg_rec": 0.6629287598944591,
    "pos_rec": 0.6676043131739334,
    "neg_f": 0.6222910216718266,
    "pos_f": 0.7000983284169124,
    "tn": 1005,
    "fp": 511,
    "fn": 709,
    "tp": 1424,
    "sensitivity": 0.6676043131739334,
    "specificity": 0.6629287598944591,
    "acc": 0.6656618251575774
}