{
    "fbeta-1.0": 0.5521350546176763,
    "neg_prec": 0.5235404896421846,
    "pos_prec": 0.7110894941634242,
    "neg_rec": 0.5840336134453782,
    "pos_rec": 0.6582620441242684,
    "neg_f": 0.5521350546176763,
    "pos_f": 0.6836567687631517,
    "tn": 834,
    "fp": 594,
    "fn": 759,
    "tp": 1462,
    "sensitivity": 0.6582620441242684,
    "specificity": 0.5840336134453782,
    "acc": 0.6292134831460674
}