{
    "fbeta-1.0": 0.45528455284552843,
    "neg_prec": 0.45384073291050037,
    "pos_prec": 0.6565022421524663,
    "neg_rec": 0.45673758865248226,
    "pos_rec": 0.6538633318445735,
    "neg_f": 0.45528455284552843,
    "pos_f": 0.6551801297829493,
    "tn": 644,
    "fp": 766,
    "fn": 775,
    "tp": 1464,
    "sensitivity": 0.6538633318445735,
    "specificity": 0.45673758865248226,
    "acc": 0.5776925184982187
}