{
    "fbeta-1.0": 0.5243664717348928,
    "neg_prec": 0.5478615071283096,
    "pos_prec": 0.6332720588235294,
    "neg_rec": 0.502803738317757,
    "pos_rec": 0.6741682974559687,
    "neg_f": 0.5243664717348928,
    "pos_f": 0.6530805687203792,
    "tn": 807,
    "fp": 798,
    "fn": 666,
    "tp": 1378,
    "sensitivity": 0.6741682974559687,
    "specificity": 0.502803738317757,
    "acc": 0.5987941901890929
}