{
    "fbeta-1.0": 0.5080341880341881,
    "neg_prec": 0.5451210564930301,
    "pos_prec": 0.6417322834645669,
    "neg_rec": 0.47567221510883484,
    "pos_rec": 0.7029228557738381,
    "neg_f": 0.5080341880341881,
    "pos_f": 0.6709352847015778,
    "tn": 743,
    "fp": 819,
    "fn": 620,
    "tp": 1467,
    "sensitivity": 0.7029228557738381,
    "specificity": 0.47567221510883484,
    "acc": 0.6056453822965195
}