{
    "fbeta-1.0": 0.5218866644044792,
    "neg_prec": 0.47793660658794285,
    "pos_prec": 0.721078431372549,
    "neg_rec": 0.5747384155455905,
    "pos_rec": 0.6365209865858935,
    "neg_f": 0.5218866644044792,
    "pos_f": 0.6761663985290737,
    "tn": 769,
    "fp": 569,
    "fn": 840,
    "tp": 1471,
    "sensitivity": 0.6365209865858935,
    "specificity": 0.5747384155455905,
    "acc": 0.6138668128254317
}