{
    "fbeta-1.0": 0.5422935473085925,
    "neg_prec": 0.49241044323011535,
    "pos_prec": 0.7337662337662337,
    "neg_rec": 0.6034226190476191,
    "pos_rec": 0.6373101952277658,
    "neg_f": 0.5422935473085925,
    "pos_f": 0.6821453447875552,
    "tn": 811,
    "fp": 533,
    "fn": 836,
    "tp": 1469,
    "sensitivity": 0.6373101952277658,
    "specificity": 0.6034226190476191,
    "acc": 0.6248287201973143
}