{
    "fbeta-1.0": 0.5638879948503379,
    "neg_prec": 0.566990291262136,
    "pos_prec": 0.6739543726235742,
    "neg_rec": 0.5608194622279129,
    "pos_rec": 0.6794441782462866,
    "neg_f": 0.5638879948503379,
    "pos_f": 0.6766881412550705,
    "tn": 876,
    "fp": 686,
    "fn": 669,
    "tp": 1418,
    "sensitivity": 0.6794441782462866,
    "specificity": 0.5608194622279129,
    "acc": 0.6286653877774733
}