{
    "fbeta-1.0": 0.5240259740259741,
    "neg_prec": 0.48323353293413174,
    "pos_prec": 0.6953006568974229,
    "neg_rec": 0.5723404255319149,
    "pos_rec": 0.6145600714604734,
    "neg_f": 0.5240259740259741,
    "pos_f": 0.6524419155998104,
    "tn": 807,
    "fp": 603,
    "fn": 863,
    "tp": 1376,
    "sensitivity": 0.6145600714604734,
    "specificity": 0.5723404255319149,
    "acc": 0.5982460948204987
}