{
    "fbeta-1.0": 0.5066577896138482,
    "neg_prec": 0.5616236162361624,
    "pos_prec": 0.6129032258064516,
    "neg_rec": 0.46149181322013344,
    "pos_rec": 0.703,
    "neg_f": 0.5066577896138482,
    "pos_f": 0.6548672566371682,
    "tn": 761,
    "fp": 888,
    "fn": 594,
    "tp": 1406,
    "sensitivity": 0.703,
    "specificity": 0.46149181322013344,
    "acc": 0.5938613318717457
}