{
    "fbeta-1.0": 0.5599459642012834,
    "neg_prec": 0.5095267363245236,
    "pos_prec": 0.7502472799208705,
    "neg_rec": 0.6214392803598201,
    "pos_rec": 0.6552915766738661,
    "neg_f": 0.5599459642012834,
    "pos_f": 0.699561909153793,
    "tn": 829,
    "fp": 505,
    "fn": 798,
    "tp": 1517,
    "sensitivity": 0.6552915766738661,
    "specificity": 0.6214392803598201,
    "acc": 0.6429158673609208
}