{
    "fbeta-1.0": 0.5589660743134087,
    "neg_prec": 0.5478150728309057,
    "pos_prec": 0.6855072463768116,
    "neg_rec": 0.570580474934037,
    "pos_rec": 0.6652601969057665,
    "neg_f": 0.5589660743134087,
    "pos_f": 0.675231977159172,
    "tn": 865,
    "fp": 651,
    "fn": 714,
    "tp": 1419,
    "sensitivity": 0.6652601969057665,
    "specificity": 0.570580474934037,
    "acc": 0.6259249109345026
}