{
    "fbeta-1.0": 0.5771769883684377,
    "neg_prec": 0.6177658142664872,
    "pos_prec": 0.6407766990291263,
    "neg_rec": 0.5415929203539823,
    "pos_rec": 0.7093142272262026,
    "neg_f": 0.5771769883684377,
    "pos_f": 0.6733058051979597,
    "tn": 918,
    "fp": 777,
    "fn": 568,
    "tp": 1386,
    "sensitivity": 0.7093142272262026,
    "specificity": 0.5415929203539823,
    "acc": 0.6314058646204439
}