{
    "fbeta-1.0": 0.5799303577081355,
    "neg_prec": 0.6066225165562914,
    "pos_prec": 0.6573165030388032,
    "neg_rec": 0.5554881746513038,
    "pos_rec": 0.703,
    "neg_f": 0.5799303577081355,
    "pos_f": 0.6793911572843682,
    "tn": 916,
    "fp": 733,
    "fn": 594,
    "tp": 1406,
    "sensitivity": 0.703,
    "specificity": 0.5554881746513038,
    "acc": 0.6363387229377911
}