{
    "fbeta-1.0": 0.5254350736278447,
    "neg_prec": 0.5504908835904628,
    "pos_prec": 0.650472334682861,
    "neg_rec": 0.5025608194622279,
    "pos_rec": 0.6928605654048874,
    "neg_f": 0.5254350736278447,
    "pos_f": 0.6709976798143851,
    "tn": 785,
    "fp": 777,
    "fn": 641,
    "tp": 1446,
    "sensitivity": 0.6928605654048874,
    "specificity": 0.5025608194622279,
    "acc": 0.611400383666758
}