{
    "fbeta-1.0": 0.5898646521875983,
    "neg_prec": 0.5095160413268081,
    "pos_prec": 0.7784530386740331,
    "neg_rec": 0.7002989536621823,
    "pos_rec": 0.6096927736910428,
    "neg_f": 0.5898646521875983,
    "pos_f": 0.683814608104829,
    "tn": 937,
    "fp": 401,
    "fn": 902,
    "tp": 1409,
    "sensitivity": 0.6096927736910428,
    "specificity": 0.7002989536621823,
    "acc": 0.6429158673609208
}