{
    "fbeta-1.0": 0.5072324011571842,
    "neg_prec": 0.5696750902527076,
    "pos_prec": 0.5861307420494699,
    "neg_rec": 0.45712630359212053,
    "pos_rec": 0.6900676027041082,
    "neg_f": 0.5072324011571842,
    "pos_f": 0.6338667303558634,
    "tn": 789,
    "fp": 937,
    "fn": 596,
    "tp": 1327,
    "sensitivity": 0.6900676027041082,
    "specificity": 0.45712630359212053,
    "acc": 0.5798848999725952
}