{
    "fbeta-1.0": 0.5200132318888522,
    "neg_prec": 0.5387251542152159,
    "pos_prec": 0.6447488584474886,
    "neg_rec": 0.5025575447570333,
    "pos_rec": 0.6772182254196643,
    "neg_f": 0.5200132318888522,
    "pos_f": 0.6605847953216375,
    "tn": 786,
    "fp": 778,
    "fn": 673,
    "tp": 1412,
    "sensitivity": 0.6772182254196643,
    "specificity": 0.5025575447570333,
    "acc": 0.6023568100849548
}