{
    "fbeta-1.0": 0.5755679947316431,
    "neg_prec": 0.54319453076445,
    "pos_prec": 0.7284313725490196,
    "neg_rec": 0.6120448179271709,
    "pos_rec": 0.6690679873930662,
    "neg_f": 0.5755679947316431,
    "pos_f": 0.6974888523820699,
    "tn": 874,
    "fp": 554,
    "fn": 735,
    "tp": 1486,
    "sensitivity": 0.6690679873930662,
    "specificity": 0.6120448179271709,
    "acc": 0.6467525349410798
}