{
    "fbeta-1.0": 0.5030508474576272,
    "neg_prec": 0.46201743462017436,
    "pos_prec": 0.7053352912383749,
    "neg_rec": 0.5520833333333334,
    "pos_rec": 0.6251626898047722,
    "neg_f": 0.5030508474576272,
    "pos_f": 0.6628334866605337,
    "tn": 742,
    "fp": 602,
    "fn": 864,
    "tp": 1441,
    "sensitivity": 0.6251626898047722,
    "specificity": 0.5520833333333334,
    "acc": 0.5982460948204987
}