{
    "fbeta-1.0": 0.5203662772339753,
    "neg_prec": 0.5686680469289165,
    "pos_prec": 0.5936363636363636,
    "neg_rec": 0.479627473806752,
    "pos_rec": 0.6763335059554635,
    "neg_f": 0.5203662772339753,
    "pos_f": 0.6322924231420963,
    "tn": 824,
    "fp": 894,
    "fn": 625,
    "tp": 1306,
    "sensitivity": 0.6763335059554635,
    "specificity": 0.479627473806752,
    "acc": 0.5837215675527542
}