{
    "fbeta-1.0": 0.562396006655574,
    "neg_prec": 0.5177696078431373,
    "pos_prec": 0.7382250867625186,
    "neg_rec": 0.6154406409322651,
    "pos_rec": 0.6542179261862917,
    "neg_f": 0.562396006655574,
    "pos_f": 0.6936873980899138,
    "tn": 845,
    "fp": 528,
    "fn": 787,
    "tp": 1489,
    "sensitivity": 0.6542179261862917,
    "specificity": 0.6154406409322651,
    "acc": 0.639627295149356
}