{
    "fbeta-1.0": 0.6110572259941803,
    "neg_prec": 0.49554273728369164,
    "pos_prec": 0.8616532721010333,
    "neg_rec": 0.7967959527824621,
    "pos_rec": 0.609419407226959,
    "neg_f": 0.6110572259941803,
    "pos_f": 0.713912009512485,
    "tn": 945,
    "fp": 241,
    "fn": 962,
    "tp": 1501,
    "sensitivity": 0.609419407226959,
    "specificity": 0.7967959527824621,
    "acc": 0.6703206357906276
}