{
    "fbeta-1.0": 0.698258635455324,
    "neg_prec": 0.6851540616246499,
    "pos_prec": 0.7344420600858369,
    "neg_rec": 0.7118742724097789,
    "pos_rec": 0.7089590885551528,
    "neg_f": 0.698258635455324,
    "pos_f": 0.7214756258234518,
    "tn": 1223,
    "fp": 495,
    "fn": 562,
    "tp": 1369,
    "sensitivity": 0.7089590885551528,
    "specificity": 0.7118742724097789,
    "acc": 0.7103315976979995
}