{
    "fbeta-1.0": 0.4918577600531738,
    "neg_prec": 0.5514157973174366,
    "pos_prec": 0.5981794538361509,
    "neg_rec": 0.4439112177564487,
    "pos_rec": 0.6962663975782039,
    "neg_f": 0.4918577600531738,
    "pos_f": 0.6435066449055725,
    "tn": 740,
    "fp": 927,
    "fn": 602,
    "tp": 1380,
    "sensitivity": 0.6962663975782039,
    "specificity": 0.4439112177564487,
    "acc": 0.5809810907097835
}