{
    "fbeta-1.0": 0.5926395939086294,
    "neg_prec": 0.5259009009009009,
    "pos_prec": 0.7640149492792312,
    "neg_rec": 0.6787790697674418,
    "pos_rec": 0.6295644522657281,
    "neg_f": 0.5926395939086294,
    "pos_f": 0.6903039073806078,
    "tn": 934,
    "fp": 442,
    "fn": 842,
    "tp": 1431,
    "sensitivity": 0.6295644522657281,
    "specificity": 0.6787790697674418,
    "acc": 0.6481227733625651
}