{
    "fbeta-1.0": 0.5403530895334174,
    "neg_prec": 0.5894085281980743,
    "pos_prec": 0.607744874715262,
    "neg_rec": 0.4988358556461001,
    "pos_rec": 0.6908337648886588,
    "neg_f": 0.5403530895334174,
    "pos_f": 0.6466311197285507,
    "tn": 857,
    "fp": 861,
    "fn": 597,
    "tp": 1334,
    "sensitivity": 0.6908337648886588,
    "specificity": 0.4988358556461001,
    "acc": 0.6004384762948753
}