{
    "fbeta-1.0": 0.5719063545150501,
    "neg_prec": 0.5156815440289505,
    "pos_prec": 0.7604218985434456,
    "neg_rec": 0.6418918918918919,
    "pos_rec": 0.6534311609840311,
    "neg_f": 0.5719063545150501,
    "pos_f": 0.702878365831012,
    "tn": 855,
    "fp": 477,
    "fn": 803,
    "tp": 1514,
    "sensitivity": 0.6534311609840311,
    "specificity": 0.6418918918918919,
    "acc": 0.6492189640997533
}