{
    "fbeta-1.0": 0.5474254742547425,
    "neg_prec": 0.49876543209876545,
    "pos_prec": 0.7417447018235584,
    "neg_rec": 0.6066066066066066,
    "pos_rec": 0.649546827794562,
    "neg_f": 0.5474254742547425,
    "pos_f": 0.6925908881730327,
    "tn": 808,
    "fp": 524,
    "fn": 812,
    "tp": 1505,
    "sensitivity": 0.649546827794562,
    "specificity": 0.6066066066066066,
    "acc": 0.6338722937791176
}