{
    "fbeta-1.0": 0.5741206030150754,
    "neg_prec": 0.5641975308641975,
    "pos_prec": 0.6796451453918186,
    "neg_rec": 0.5843989769820972,
    "pos_rec": 0.6613908872901678,
    "neg_f": 0.5741206030150754,
    "pos_f": 0.6703937773456491,
    "tn": 914,
    "fp": 650,
    "fn": 706,
    "tp": 1379,
    "sensitivity": 0.6613908872901678,
    "specificity": 0.5843989769820972,
    "acc": 0.6283913400931762
}