{
    "fbeta-1.0": 0.5900189513581807,
    "neg_prec": 0.45829244357212956,
    "pos_prec": 0.8795779019242707,
    "neg_rec": 0.8280141843971631,
    "pos_rec": 0.5620785402618008,
    "neg_f": 0.5900189513581807,
    "pos_f": 0.685866408518877,
    "tn": 934,
    "fp": 194,
    "fn": 1104,
    "tp": 1417,
    "sensitivity": 0.5620785402618008,
    "specificity": 0.8280141843971631,
    "acc": 0.6442861057824062
}