{
    "fbeta-1.0": 0.646639826571694,
    "neg_prec": 0.5503426462836057,
    "pos_prec": 0.8356164383561644,
    "neg_rec": 0.7837837837837838,
    "pos_rec": 0.631851532153647,
    "neg_f": 0.646639826571694,
    "pos_f": 0.7195871221430328,
    "tn": 1044,
    "fp": 288,
    "fn": 853,
    "tp": 1464,
    "sensitivity": 0.631851532153647,
    "specificity": 0.7837837837837838,
    "acc": 0.6873115922170457
}