{
    "fbeta-1.0": 0.4847446006170723,
    "neg_prec": 0.46914399469143997,
    "pos_prec": 0.6718020541549953,
    "neg_rec": 0.5014184397163121,
    "pos_rec": 0.6426976328718178,
    "neg_f": 0.4847446006170723,
    "pos_f": 0.6569276420908469,
    "tn": 707,
    "fp": 703,
    "fn": 800,
    "tp": 1439,
    "sensitivity": 0.6426976328718178,
    "specificity": 0.5014184397163121,
    "acc": 0.5881063305015073
}