{
    "fbeta-1.0": 0.6134371957156768,
    "neg_prec": 0.5716878402903811,
    "pos_prec": 0.7580160320641283,
    "neg_rec": 0.6617647058823529,
    "pos_rec": 0.6812246735704638,
    "neg_f": 0.6134371957156768,
    "pos_f": 0.7175717334598056,
    "tn": 945,
    "fp": 483,
    "fn": 708,
    "tp": 1513,
    "sensitivity": 0.6812246735704638,
    "specificity": 0.6617647058823529,
    "acc": 0.6736092080021924
}