{
    "fbeta-1.0": 0.47275351858534825,
    "neg_prec": 0.4109159347553325,
    "pos_prec": 0.745985401459854,
    "neg_rec": 0.556499575191164,
    "pos_rec": 0.6201456310679612,
    "neg_f": 0.47275351858534825,
    "pos_f": 0.6772697150430749,
    "tn": 655,
    "fp": 522,
    "fn": 939,
    "tp": 1533,
    "sensitivity": 0.6201456310679612,
    "specificity": 0.556499575191164,
    "acc": 0.5996163332419842
}