{
    "fbeta-1.0": 0.506637961966272,
    "neg_prec": 0.46941489361702127,
    "pos_prec": 0.731002331002331,
    "neg_rec": 0.5502727981293842,
    "pos_rec": 0.6627218934911243,
    "neg_f": 0.506637961966272,
    "pos_f": 0.6951895366880958,
    "tn": 706,
    "fp": 577,
    "fn": 798,
    "tp": 1568,
    "sensitivity": 0.6627218934911243,
    "specificity": 0.5502727981293842,
    "acc": 0.6231844340915319
}