{
    "fbeta-1.0": 0.5085934759733426,
    "neg_prec": 0.4779169413315755,
    "pos_prec": 0.7143527204502814,
    "neg_rec": 0.5434782608695652,
    "pos_rec": 0.6578833693304535,
    "neg_f": 0.5085934759733426,
    "pos_f": 0.6849561502136272,
    "tn": 725,
    "fp": 609,
    "fn": 792,
    "tp": 1523,
    "sensitivity": 0.6578833693304535,
    "specificity": 0.5434782608695652,
    "acc": 0.6160591942998082
}