{
    "fbeta-1.0": 0.502283105022831,
    "neg_prec": 0.47257105089226703,
    "pos_prec": 0.7102059925093633,
    "neg_rec": 0.5359820089955023,
    "pos_rec": 0.6552915766738661,
    "neg_f": 0.502283105022831,
    "pos_f": 0.6816445742529769,
    "tn": 715,
    "fp": 619,
    "fn": 798,
    "tp": 1517,
    "sensitivity": 0.6552915766738661,
    "specificity": 0.5359820089955023,
    "acc": 0.611674431351055
}