{
    "fbeta-1.0": 0.47345132743362833,
    "neg_prec": 0.42070773263433814,
    "pos_prec": 0.7437588318417334,
    "neg_rec": 0.5413153456998314,
    "pos_rec": 0.6410881039382866,
    "neg_f": 0.47345132743362833,
    "pos_f": 0.6886175316179677,
    "tn": 642,
    "fp": 544,
    "fn": 884,
    "tp": 1579,
    "sensitivity": 0.6410881039382866,
    "specificity": 0.5413153456998314,
    "acc": 0.6086599068237873
}