{
    "fbeta-1.0": 0.5470668485675306,
    "neg_prec": 0.5154241645244216,
    "pos_prec": 0.725752508361204,
    "neg_rec": 0.5828488372093024,
    "pos_rec": 0.6682798064232293,
    "neg_f": 0.5470668485675306,
    "pos_f": 0.6958314246449839,
    "tn": 802,
    "fp": 574,
    "fn": 754,
    "tp": 1519,
    "sensitivity": 0.6682798064232293,
    "specificity": 0.5828488372093024,
    "acc": 0.6360646752534941
}