{
    "fbeta-1.0": 0.5632,
    "neg_prec": 0.5781865965834428,
    "pos_prec": 0.6600846262341326,
    "neg_rec": 0.5489706799750468,
    "pos_rec": 0.6862170087976539,
    "neg_f": 0.5632,
    "pos_f": 0.6728971962616822,
    "tn": 880,
    "fp": 723,
    "fn": 642,
    "tp": 1404,
    "sensitivity": 0.6862170087976539,
    "specificity": 0.5489706799750468,
    "acc": 0.6259249109345026
}