{
    "fbeta-1.0": 0.6165366614664586,
    "neg_prec": 0.5600907029478458,
    "pos_prec": 0.7596816976127321,
    "neg_rec": 0.6856349757113116,
    "pos_rec": 0.6485507246376812,
    "neg_f": 0.6165366614664586,
    "pos_f": 0.6997312484730027,
    "tn": 988,
    "fp": 453,
    "fn": 776,
    "tp": 1432,
    "sensitivity": 0.6485507246376812,
    "specificity": 0.6856349757113116,
    "acc": 0.6631953959989038
}