{
    "fbeta-1.0": 0.6260974871329095,
    "neg_prec": 0.5538296732726299,
    "pos_prec": 0.7744107744107744,
    "neg_rec": 0.7200557103064067,
    "pos_rec": 0.6235878897424311,
    "neg_f": 0.6260974871329095,
    "pos_f": 0.6908635794743428,
    "tn": 1034,
    "fp": 402,
    "fn": 833,
    "tp": 1380,
    "sensitivity": 0.6235878897424311,
    "specificity": 0.7200557103064067,
    "acc": 0.6615511098931214
}