{
    "fbeta-1.0": 0.6359330596779287,
    "neg_prec": 0.5493726132024004,
    "pos_prec": 0.8199339207048458,
    "neg_rec": 0.7548725637181409,
    "pos_rec": 0.6431965442764579,
    "neg_f": 0.6359330596779287,
    "pos_f": 0.7208908254659889,
    "tn": 1007,
    "fp": 327,
    "fn": 826,
    "tp": 1489,
    "sensitivity": 0.6431965442764579,
    "specificity": 0.7548725637181409,
    "acc": 0.684023020005481
}