{
    "fbeta-1.0": 0.4743777452415813,
    "neg_prec": 0.45314685314685316,
    "pos_prec": 0.7052726453357369,
    "neg_rec": 0.4976958525345622,
    "pos_rec": 0.6668086919471666,
    "neg_f": 0.4743777452415813,
    "pos_f": 0.6855015330705213,
    "tn": 648,
    "fp": 654,
    "fn": 782,
    "tp": 1565,
    "sensitivity": 0.6668086919471666,
    "specificity": 0.4976958525345622,
    "acc": 0.6064675253494108
}