{
    "fbeta-1.0": 0.5462615227039945,
    "neg_prec": 0.49170251997541486,
    "pos_prec": 0.751730959446093,
    "neg_rec": 0.6144393241167435,
    "pos_rec": 0.6476352790796762,
    "neg_f": 0.5462615227039945,
    "pos_f": 0.6958113984893569,
    "tn": 800,
    "fp": 502,
    "fn": 827,
    "tp": 1520,
    "sensitivity": 0.6476352790796762,
    "specificity": 0.6144393241167435,
    "acc": 0.635790627569197
}