{
    "fbeta-1.0": 0.6122198342032545,
    "neg_prec": 0.5195414278269932,
    "pos_prec": 0.8028901734104046,
    "neg_rec": 0.7451420029895366,
    "pos_rec": 0.6010385114668975,
    "neg_f": 0.6122198342032545,
    "pos_f": 0.6874536005939125,
    "tn": 997,
    "fp": 341,
    "fn": 922,
    "tp": 1389,
    "sensitivity": 0.6010385114668975,
    "specificity": 0.7451420029895366,
    "acc": 0.6538777747328035
}