{
    "fbeta-1.0": 0.6447888179884533,
    "neg_prec": 0.6136495083863505,
    "pos_prec": 0.7390625,
    "neg_rec": 0.6792573623559539,
    "pos_rec": 0.6799233349305223,
    "neg_f": 0.6447888179884533,
    "pos_f": 0.708260544047916,
    "tn": 1061,
    "fp": 501,
    "fn": 668,
    "tp": 1419,
    "sensitivity": 0.6799233349305223,
    "specificity": 0.6792573623559539,
    "acc": 0.6796382570567279
}