{
    "fbeta-1.0": 0.49965397923875443,
    "neg_prec": 0.5254730713245997,
    "pos_prec": 0.650989010989011,
    "neg_rec": 0.4762532981530343,
    "pos_rec": 0.6943272386310361,
    "neg_f": 0.49965397923875443,
    "pos_f": 0.6719600725952812,
    "tn": 722,
    "fp": 794,
    "fn": 652,
    "tp": 1481,
    "sensitivity": 0.6943272386310361,
    "specificity": 0.4762532981530343,
    "acc": 0.6037270485064401
}