{
    "fbeta-1.0": 0.6141489033055298,
    "neg_prec": 0.5087001023541453,
    "pos_prec": 0.8294985250737463,
    "neg_rec": 0.774746687451286,
    "pos_rec": 0.5942519019442096,
    "neg_f": 0.6141489033055298,
    "pos_f": 0.6924402856439301,
    "tn": 994,
    "fp": 289,
    "fn": 960,
    "tp": 1406,
    "sensitivity": 0.5942519019442096,
    "specificity": 0.774746687451286,
    "acc": 0.6577144423129625
}