{
    "fbeta-1.0": 0.5275617179573893,
    "neg_prec": 0.5435540069686411,
    "pos_prec": 0.6648599819331527,
    "neg_rec": 0.5124835742444153,
    "pos_rec": 0.692054536906441,
    "neg_f": 0.5275617179573893,
    "pos_f": 0.6781847500575905,
    "tn": 780,
    "fp": 742,
    "fn": 655,
    "tp": 1472,
    "sensitivity": 0.692054536906441,
    "specificity": 0.5124835742444153,
    "acc": 0.6171553850369964
}