{
    "fbeta-1.0": 0.638871473354232,
    "neg_prec": 0.6047477744807122,
    "pos_prec": 0.7525458248472505,
    "neg_rec": 0.6770764119601329,
    "pos_rec": 0.6893656716417911,
    "neg_f": 0.638871473354232,
    "pos_f": 0.7195715676728335,
    "tn": 1019,
    "fp": 486,
    "fn": 666,
    "tp": 1478,
    "sensitivity": 0.6893656716417911,
    "specificity": 0.6770764119601329,
    "acc": 0.684297067689778
}