{
    "fbeta-1.0": 0.542485838053982,
    "neg_prec": 0.5503718728870859,
    "pos_prec": 0.6737327188940092,
    "neg_rec": 0.5348226018396847,
    "pos_rec": 0.687353079454631,
    "neg_f": 0.542485838053982,
    "pos_f": 0.6804747498254596,
    "tn": 814,
    "fp": 708,
    "fn": 665,
    "tp": 1462,
    "sensitivity": 0.687353079454631,
    "specificity": 0.5348226018396847,
    "acc": 0.623732529460126
}