{
    "fbeta-1.0": 0.5296334361082562,
    "neg_prec": 0.49935400516795864,
    "pos_prec": 0.7153736316039981,
    "neg_rec": 0.5638220277169949,
    "pos_rec": 0.6597892888498683,
    "neg_f": 0.5296334361082562,
    "pos_f": 0.6864580954555835,
    "tn": 773,
    "fp": 598,
    "fn": 775,
    "tp": 1503,
    "sensitivity": 0.6597892888498683,
    "specificity": 0.5638220277169949,
    "acc": 0.623732529460126
}