{
    "fbeta-1.0": 0.5380542686962276,
    "neg_prec": 0.4827790973871734,
    "pos_prec": 0.732824427480916,
    "neg_rec": 0.6076233183856502,
    "pos_rec": 0.6231068801384682,
    "neg_f": 0.5380542686962276,
    "pos_f": 0.6735266604303087,
    "tn": 813,
    "fp": 525,
    "fn": 871,
    "tp": 1440,
    "sensitivity": 0.6231068801384682,
    "specificity": 0.6076233183856502,
    "acc": 0.6174294327212935
}