{
    "fbeta-1.0": 0.5079146593255334,
    "neg_prec": 0.4268363215731637,
    "pos_prec": 0.7713541666666667,
    "neg_rec": 0.627017841971113,
    "pos_rec": 0.5991100323624595,
    "neg_f": 0.5079146593255334,
    "pos_f": 0.674408014571949,
    "tn": 738,
    "fp": 439,
    "fn": 991,
    "tp": 1481,
    "sensitivity": 0.5991100323624595,
    "specificity": 0.627017841971113,
    "acc": 0.6081118114551932
}