{
    "fbeta-1.0": 0.5595513032002639,
    "neg_prec": 0.5333333333333333,
    "pos_prec": 0.711996114618747,
    "neg_rec": 0.5884802220680083,
    "pos_rec": 0.6639492753623188,
    "neg_f": 0.5595513032002639,
    "pos_f": 0.6871338176704945,
    "tn": 848,
    "fp": 593,
    "fn": 742,
    "tp": 1466,
    "sensitivity": 0.6639492753623188,
    "specificity": 0.5884802220680083,
    "acc": 0.6341463414634146
}