{
    "fbeta-1.0": 0.6004842615012107,
    "neg_prec": 0.6059865607819181,
    "pos_prec": 0.6645129224652088,
    "neg_rec": 0.5950809838032394,
    "pos_rec": 0.6745711402623612,
    "neg_f": 0.6004842615012107,
    "pos_f": 0.6695042563845769,
    "tn": 992,
    "fp": 675,
    "fn": 645,
    "tp": 1337,
    "sensitivity": 0.6745711402623612,
    "specificity": 0.5950809838032394,
    "acc": 0.6382570567278707
}