{
    "fbeta-1.0": 0.5122615803814713,
    "neg_prec": 0.5295774647887324,
    "pos_prec": 0.6572454015253477,
    "neg_rec": 0.49604221635883905,
    "pos_rec": 0.686826066572902,
    "neg_f": 0.5122615803814713,
    "pos_f": 0.6717102246675837,
    "tn": 752,
    "fp": 764,
    "fn": 668,
    "tp": 1465,
    "sensitivity": 0.686826066572902,
    "specificity": 0.49604221635883905,
    "acc": 0.6075637160865991
}