{
    "fbeta-1.0": 0.6219773492500765,
    "neg_prec": 0.5822349570200573,
    "pos_prec": 0.7342436974789915,
    "neg_rec": 0.6675427069645203,
    "pos_rec": 0.6572637517630465,
    "neg_f": 0.6219773492500765,
    "pos_f": 0.6936244108161745,
    "tn": 1016,
    "fp": 506,
    "fn": 729,
    "tp": 1398,
    "sensitivity": 0.6572637517630465,
    "specificity": 0.6675427069645203,
    "acc": 0.6615511098931214
}