{
    "fbeta-1.0": 0.5212840195394278,
    "neg_prec": 0.4298043728423475,
    "pos_prec": 0.8006279434850864,
    "neg_rec": 0.6622340425531915,
    "pos_rec": 0.6069020230067433,
    "neg_f": 0.5212840195394278,
    "pos_f": 0.6904332129963899,
    "tn": 747,
    "fp": 381,
    "fn": 991,
    "tp": 1530,
    "sensitivity": 0.6069020230067433,
    "specificity": 0.6622340425531915,
    "acc": 0.6240065771444231
}