{
    "fbeta-1.0": 0.47504690431519697,
    "neg_prec": 0.4118412491867274,
    "pos_prec": 0.765625,
    "neg_rec": 0.5611702127659575,
    "pos_rec": 0.6414121380404602,
    "neg_f": 0.47504690431519697,
    "pos_f": 0.6980358299158212,
    "tn": 633,
    "fp": 495,
    "fn": 904,
    "tp": 1617,
    "sensitivity": 0.6414121380404602,
    "specificity": 0.5611702127659575,
    "acc": 0.6166072896684023
}