{
    "fbeta-1.0": 0.6536227453378173,
    "neg_prec": 0.5800325556158438,
    "pos_prec": 0.801218161683278,
    "neg_rec": 0.7485994397759104,
    "pos_rec": 0.6515083295812697,
    "neg_f": 0.6536227453378173,
    "pos_f": 0.7186491184504593,
    "tn": 1069,
    "fp": 359,
    "fn": 774,
    "tp": 1447,
    "sensitivity": 0.6515083295812697,
    "specificity": 0.7485994397759104,
    "acc": 0.6895039736914224
}