{
    "fbeta-1.0": 0.4878724878724878,
    "neg_prec": 0.45478036175710596,
    "pos_prec": 0.6982389338410281,
    "neg_rec": 0.5261584454409567,
    "pos_rec": 0.6347901341410644,
    "neg_f": 0.4878724878724878,
    "pos_f": 0.6650045330915684,
    "tn": 704,
    "fp": 634,
    "fn": 844,
    "tp": 1467,
    "sensitivity": 0.6347901341410644,
    "specificity": 0.5261584454409567,
    "acc": 0.594957522608934
}