{
    "fbeta-1.0": 0.6387434554973823,
    "neg_prec": 0.6199887069452287,
    "pos_prec": 0.6970181043663471,
    "neg_rec": 0.6586682663467307,
    "pos_rec": 0.6604439959636731,
    "neg_f": 0.6387434554973823,
    "pos_f": 0.678238341968912,
    "tn": 1098,
    "fp": 569,
    "fn": 673,
    "tp": 1309,
    "sensitivity": 0.6604439959636731,
    "specificity": 0.6586682663467307,
    "acc": 0.6596327761030419
}