{
    "fbeta-1.0": 0.5957060780163289,
    "neg_prec": 0.5192409066947812,
    "pos_prec": 0.757420091324201,
    "neg_rec": 0.6985815602836879,
    "pos_rec": 0.5926753014738723,
    "neg_f": 0.5957060780163289,
    "pos_f": 0.6649962415434728,
    "tn": 985,
    "fp": 425,
    "fn": 912,
    "tp": 1327,
    "sensitivity": 0.5926753014738723,
    "specificity": 0.6985815602836879,
    "acc": 0.6335982460948205
}