{
    "fbeta-1.0": 0.5088555858310627,
    "neg_prec": 0.5220125786163522,
    "pos_prec": 0.6582506762849414,
    "neg_rec": 0.4963455149501661,
    "pos_rec": 0.6809701492537313,
    "neg_f": 0.5088555858310627,
    "pos_f": 0.6694176983035306,
    "tn": 747,
    "fp": 758,
    "fn": 684,
    "tp": 1460,
    "sensitivity": 0.6809701492537313,
    "specificity": 0.4963455149501661,
    "acc": 0.6048232392436284
}