{
    "fbeta-1.0": 0.4783616692426584,
    "neg_prec": 0.4280774550484094,
    "pos_prec": 0.7625964593735814,
    "neg_rec": 0.542031523642732,
    "pos_rec": 0.6701236537694456,
    "neg_f": 0.4783616692426584,
    "pos_f": 0.7133757961783439,
    "tn": 619,
    "fp": 523,
    "fn": 827,
    "tp": 1680,
    "sensitivity": 0.6701236537694456,
    "specificity": 0.542031523642732,
    "acc": 0.6300356261989586
}