{
    "fbeta-1.0": 0.5974900520355065,
    "neg_prec": 0.5865384615384616,
    "pos_prec": 0.6841309823677582,
    "neg_rec": 0.6088583905177791,
    "pos_rec": 0.6637341153470185,
    "neg_f": 0.5974900520355065,
    "pos_f": 0.6737782188042669,
    "tn": 976,
    "fp": 627,
    "fn": 688,
    "tp": 1358,
    "sensitivity": 0.6637341153470185,
    "specificity": 0.6088583905177791,
    "acc": 0.639627295149356
}