{
    "fbeta-1.0": 0.5568326947637292,
    "neg_prec": 0.5710543549443353,
    "pos_prec": 0.6545711592836946,
    "neg_rec": 0.5433021806853583,
    "pos_rec": 0.6795499021526419,
    "neg_f": 0.5568326947637292,
    "pos_f": 0.6668266922707632,
    "tn": 872,
    "fp": 733,
    "fn": 655,
    "tp": 1389,
    "sensitivity": 0.6795499021526419,
    "specificity": 0.5433021806853583,
    "acc": 0.6196218141956701
}