{
    "fbeta-1.0": 0.5834653151726322,
    "neg_prec": 0.46515151515151515,
    "pos_prec": 0.8466147393648892,
    "neg_rec": 0.7824978759558199,
    "pos_rec": 0.5716019417475728,
    "neg_f": 0.5834653151726322,
    "pos_f": 0.6824438541415118,
    "tn": 921,
    "fp": 256,
    "fn": 1059,
    "tp": 1413,
    "sensitivity": 0.5716019417475728,
    "specificity": 0.7824978759558199,
    "acc": 0.639627295149356
}