{
    "fbeta-1.0": 0.6518428266829119,
    "neg_prec": 0.6055461233729486,
    "pos_prec": 0.7630180658873539,
    "neg_rec": 0.7058047493403694,
    "pos_rec": 0.673230192217534,
    "neg_f": 0.6518428266829119,
    "pos_f": 0.7153175591531755,
    "tn": 1070,
    "fp": 446,
    "fn": 697,
    "tp": 1436,
    "sensitivity": 0.673230192217534,
    "specificity": 0.7058047493403694,
    "acc": 0.6867634968484516
}