{
    "fbeta-1.0": 0.5785785785785785,
    "neg_prec": 0.47874102705687466,
    "pos_prec": 0.8264417845484222,
    "neg_rec": 0.7310286677908938,
    "pos_rec": 0.6167275680064962,
    "neg_f": 0.5785785785785785,
    "pos_f": 0.706347361078819,
    "tn": 867,
    "fp": 319,
    "fn": 944,
    "tp": 1519,
    "sensitivity": 0.6167275680064962,
    "specificity": 0.7310286677908938,
    "acc": 0.6538777747328035
}