{
    "fbeta-1.0": 0.5632846963013235,
    "neg_prec": 0.4598337950138504,
    "pos_prec": 0.8308026030368764,
    "neg_rec": 0.7267950963222417,
    "pos_rec": 0.6110889509373754,
    "neg_f": 0.5632846963013235,
    "pos_f": 0.7042059296713399,
    "tn": 830,
    "fp": 312,
    "fn": 975,
    "tp": 1532,
    "sensitivity": 0.6110889509373754,
    "specificity": 0.7267950963222417,
    "acc": 0.6473006303096739
}