{
    "fbeta-1.0": 0.5958925750394946,
    "neg_prec": 0.5262276785714286,
    "pos_prec": 0.7684437264404954,
    "neg_rec": 0.6868171886380189,
    "pos_rec": 0.6269771528998243,
    "neg_f": 0.5958925750394946,
    "pos_f": 0.6905395596419066,
    "tn": 943,
    "fp": 430,
    "fn": 849,
    "tp": 1427,
    "sensitivity": 0.6269771528998243,
    "specificity": 0.6868171886380189,
    "acc": 0.6494930117840504
}