{
    "fbeta-1.0": 0.6012539184952979,
    "neg_prec": 0.6050473186119874,
    "pos_prec": 0.687015503875969,
    "neg_rec": 0.5975077881619938,
    "pos_rec": 0.6937377690802349,
    "neg_f": 0.6012539184952979,
    "pos_f": 0.6903602726387537,
    "tn": 959,
    "fp": 646,
    "fn": 626,
    "tp": 1418,
    "sensitivity": 0.6937377690802349,
    "specificity": 0.5975077881619938,
    "acc": 0.6514113455741299
}