{
    "fbeta-1.0": 0.5210263720598716,
    "neg_prec": 0.48603723404255317,
    "pos_prec": 0.7337995337995338,
    "neg_rec": 0.5614439324116743,
    "pos_rec": 0.6706433745206647,
    "neg_f": 0.5210263720598716,
    "pos_f": 0.7008014247551201,
    "tn": 731,
    "fp": 571,
    "fn": 773,
    "tp": 1574,
    "sensitivity": 0.6706433745206647,
    "specificity": 0.5614439324116743,
    "acc": 0.6316799123047411
}