{
    "fbeta-1.0": 0.5784695201037614,
    "neg_prec": 0.49528039977790117,
    "pos_prec": 0.7884199134199135,
    "neg_rec": 0.6952455183164459,
    "pos_rec": 0.6158072696534235,
    "neg_f": 0.5784695201037614,
    "pos_f": 0.6915045087802563,
    "tn": 892,
    "fp": 391,
    "fn": 909,
    "tp": 1457,
    "sensitivity": 0.6158072696534235,
    "specificity": 0.6952455183164459,
    "acc": 0.643738010413812
}