{
    "fbeta-1.0": 0.6125574272588056,
    "neg_prec": 0.5871990604815033,
    "pos_prec": 0.71120246659815,
    "neg_rec": 0.6402048655569782,
    "pos_rec": 0.6631528509822712,
    "neg_f": 0.6125574272588056,
    "pos_f": 0.6863377138606497,
    "tn": 1000,
    "fp": 562,
    "fn": 703,
    "tp": 1384,
    "sensitivity": 0.6631528509822712,
    "specificity": 0.6402048655569782,
    "acc": 0.6533296793642094
}