{
    "fbeta-1.0": 0.4624145785876993,
    "neg_prec": 0.4282700421940928,
    "pos_prec": 0.7292321508756174,
    "neg_rec": 0.5024752475247525,
    "pos_rec": 0.6663931062782109,
    "neg_f": 0.4624145785876993,
    "pos_f": 0.6963979416809606,
    "tn": 609,
    "fp": 603,
    "fn": 813,
    "tp": 1624,
    "sensitivity": 0.6663931062782109,
    "specificity": 0.5024752475247525,
    "acc": 0.6119484790353521
}