{
    "fbeta-1.0": 0.6236689990873137,
    "neg_prec": 0.6257631257631258,
    "pos_prec": 0.6897066136250621,
    "neg_rec": 0.6215888417222559,
    "pos_rec": 0.6935,
    "neg_f": 0.6236689990873137,
    "pos_f": 0.6915981052106707,
    "tn": 1025,
    "fp": 624,
    "fn": 613,
    "tp": 1387,
    "sensitivity": 0.6935,
    "specificity": 0.6215888417222559,
    "acc": 0.6610030145245273
}