{
    "fbeta-1.0": 0.470076169749728,
    "neg_prec": 0.41941747572815535,
    "pos_prec": 0.7319391634980988,
    "neg_rec": 0.5346534653465347,
    "pos_rec": 0.6319244973327862,
    "neg_f": 0.470076169749728,
    "pos_f": 0.6782646994054173,
    "tn": 648,
    "fp": 564,
    "fn": 897,
    "tp": 1540,
    "sensitivity": 0.6319244973327862,
    "specificity": 0.5346534653465347,
    "acc": 0.5996163332419842
}