{
    "fbeta-1.0": 0.5856049004594179,
    "neg_prec": 0.6179702650290886,
    "pos_prec": 0.6374881065651761,
    "neg_rec": 0.5564610011641443,
    "pos_rec": 0.6939409632314862,
    "neg_f": 0.5856049004594179,
    "pos_f": 0.6645177287379124,
    "tn": 956,
    "fp": 762,
    "fn": 591,
    "tp": 1340,
    "sensitivity": 0.6939409632314862,
    "specificity": 0.5564610011641443,
    "acc": 0.6292134831460674
}