{
    "fbeta-1.0": 0.5251774248056776,
    "neg_prec": 0.5118577075098815,
    "pos_prec": 0.6884091975598311,
    "neg_rec": 0.5392088827203331,
    "pos_rec": 0.6644021739130435,
    "neg_f": 0.5251774248056776,
    "pos_f": 0.6761926711223784,
    "tn": 777,
    "fp": 664,
    "fn": 741,
    "tp": 1467,
    "sensitivity": 0.6644021739130435,
    "specificity": 0.5392088827203331,
    "acc": 0.6149630035626199
}