{
    "fbeta-1.0": 0.5501930501930502,
    "neg_prec": 0.6050955414012739,
    "pos_prec": 0.6243291592128801,
    "neg_rec": 0.504424778761062,
    "pos_rec": 0.714431934493347,
    "neg_f": 0.5501930501930502,
    "pos_f": 0.6663484486873509,
    "tn": 855,
    "fp": 840,
    "fn": 558,
    "tp": 1396,
    "sensitivity": 0.714431934493347,
    "specificity": 0.504424778761062,
    "acc": 0.6168813373526993
}