{
    "fbeta-1.0": 0.5273794002607561,
    "neg_prec": 0.5774446823697359,
    "pos_prec": 0.6183274021352313,
    "neg_rec": 0.48530293941211755,
    "pos_rec": 0.7013118062563067,
    "neg_f": 0.5273794002607561,
    "pos_f": 0.6572104018912529,
    "tn": 809,
    "fp": 858,
    "fn": 592,
    "tp": 1390,
    "sensitivity": 0.7013118062563067,
    "specificity": 0.48530293941211755,
    "acc": 0.6026308577692518
}