{
    "fbeta-1.0": 0.5288025889967637,
    "neg_prec": 0.5856630824372759,
    "pos_prec": 0.6104702750665484,
    "neg_rec": 0.48200589970501473,
    "pos_rec": 0.7041965199590583,
    "neg_f": 0.5288025889967637,
    "pos_f": 0.6539923954372624,
    "tn": 817,
    "fp": 878,
    "fn": 578,
    "tp": 1376,
    "sensitivity": 0.7041965199590583,
    "specificity": 0.48200589970501473,
    "acc": 0.6009865716634695
}