{
    "fbeta-1.0": 0.5437092903668153,
    "neg_prec": 0.48531211750305997,
    "pos_prec": 0.7568238213399504,
    "neg_rec": 0.6180826188620421,
    "pos_rec": 0.6445477599323753,
    "neg_f": 0.5437092903668153,
    "pos_f": 0.6961880849121206,
    "tn": 793,
    "fp": 490,
    "fn": 841,
    "tp": 1525,
    "sensitivity": 0.6445477599323753,
    "specificity": 0.6180826188620421,
    "acc": 0.6352425322006029
}