{
    "fbeta-1.0": 0.5441278665740097,
    "neg_prec": 0.4627659574468085,
    "pos_prec": 0.7940725600408789,
    "neg_rec": 0.6602023608768971,
    "pos_rec": 0.630937880633374,
    "neg_f": 0.5441278665740097,
    "pos_f": 0.7031674208144796,
    "tn": 783,
    "fp": 403,
    "fn": 909,
    "tp": 1554,
    "sensitivity": 0.630937880633374,
    "specificity": 0.6602023608768971,
    "acc": 0.6404494382022472
}