{
    "fbeta-1.0": 0.46854990583804146,
    "neg_prec": 0.4208389715832206,
    "pos_prec": 0.7443574389682174,
    "neg_rec": 0.5284621920135939,
    "pos_rec": 0.6537216828478964,
    "neg_f": 0.46854990583804146,
    "pos_f": 0.6961016584105105,
    "tn": 622,
    "fp": 555,
    "fn": 856,
    "tp": 1616,
    "sensitivity": 0.6537216828478964,
    "specificity": 0.5284621920135939,
    "acc": 0.6133187174568375
}