{
    "fbeta-1.0": 0.5207738661592134,
    "neg_prec": 0.575332866152768,
    "pos_prec": 0.5927092709270927,
    "neg_rec": 0.4756662804171495,
    "pos_rec": 0.6848673946957878,
    "neg_f": 0.5207738661592134,
    "pos_f": 0.6354644149577804,
    "tn": 821,
    "fp": 905,
    "fn": 606,
    "tp": 1317,
    "sensitivity": 0.6848673946957878,
    "specificity": 0.4756662804171495,
    "acc": 0.5859139490271307
}