{
    "fbeta-1.0": 0.5877280265339967,
    "neg_prec": 0.47303790710090765,
    "pos_prec": 0.8558558558558559,
    "neg_rec": 0.7758318739054291,
    "pos_rec": 0.6063023534104507,
    "neg_f": 0.5877280265339967,
    "pos_f": 0.7097828624795703,
    "tn": 886,
    "fp": 256,
    "fn": 987,
    "tp": 1520,
    "sensitivity": 0.6063023534104507,
    "specificity": 0.7758318739054291,
    "acc": 0.6593587284187449
}