{
    "fbeta-1.0": 0.5472376593658058,
    "neg_prec": 0.5936170212765958,
    "pos_prec": 0.637338097364895,
    "neg_rec": 0.5075803517283202,
    "pos_rec": 0.7135,
    "neg_f": 0.5472376593658058,
    "pos_f": 0.6732719981127624,
    "tn": 837,
    "fp": 812,
    "fn": 573,
    "tp": 1427,
    "sensitivity": 0.7135,
    "specificity": 0.5075803517283202,
    "acc": 0.6204439572485613
}