{
    "fbeta-1.0": 0.6313879649228907,
    "neg_prec": 0.6476426799007444,
    "pos_prec": 0.6804123711340206,
    "neg_rec": 0.6159292035398231,
    "pos_rec": 0.7093142272262026,
    "neg_f": 0.6313879649228907,
    "pos_f": 0.694562766224004,
    "tn": 1044,
    "fp": 651,
    "fn": 568,
    "tp": 1386,
    "sensitivity": 0.7093142272262026,
    "specificity": 0.6159292035398231,
    "acc": 0.6659358728418745
}