{
    "fbeta-1.0": 0.514022009229677,
    "neg_prec": 0.43223880597014924,
    "pos_prec": 0.7882472137791287,
    "neg_rec": 0.6339754816112084,
    "pos_rec": 0.6206621459912246,
    "neg_f": 0.514022009229677,
    "pos_f": 0.6944878375362643,
    "tn": 724,
    "fp": 418,
    "fn": 951,
    "tp": 1556,
    "sensitivity": 0.6206621459912246,
    "specificity": 0.6339754816112084,
    "acc": 0.6248287201973143
}