{
    "fbeta-1.0": 0.5026699893200428,
    "neg_prec": 0.5160818713450293,
    "pos_prec": 0.6777729066199035,
    "neg_rec": 0.4899375433726579,
    "pos_rec": 0.7001811594202898,
    "neg_f": 0.5026699893200428,
    "pos_f": 0.6887948318110938,
    "tn": 706,
    "fp": 735,
    "fn": 662,
    "tp": 1546,
    "sensitivity": 0.7001811594202898,
    "specificity": 0.4899375433726579,
    "acc": 0.6171553850369964
}