{
    "fbeta-1.0": 0.5764885496183206,
    "neg_prec": 0.6094254357650097,
    "pos_prec": 0.6276190476190476,
    "neg_rec": 0.5469293163383546,
    "pos_rec": 0.6853874154966199,
    "neg_f": 0.5764885496183206,
    "pos_f": 0.6552324136216754,
    "tn": 944,
    "fp": 782,
    "fn": 605,
    "tp": 1318,
    "sensitivity": 0.6853874154966199,
    "specificity": 0.5469293163383546,
    "acc": 0.6198958618799671
}