{
    "fbeta-1.0": 0.6120797011207971,
    "neg_prec": 0.5339489407930472,
    "pos_prec": 0.7853982300884956,
    "neg_rec": 0.7169948942377826,
    "pos_rec": 0.6233538191395961,
    "neg_f": 0.6120797011207971,
    "pos_f": 0.6950562897699463,
    "tn": 983,
    "fp": 388,
    "fn": 858,
    "tp": 1420,
    "sensitivity": 0.6233538191395961,
    "specificity": 0.7169948942377826,
    "acc": 0.6585365853658537
}