{
    "fbeta-1.0": 0.645198389879241,
    "neg_prec": 0.6404109589041096,
    "pos_prec": 0.6816025303110174,
    "neg_rec": 0.6500579374275782,
    "pos_rec": 0.672386895475819,
    "neg_f": 0.645198389879241,
    "pos_f": 0.6769633507853403,
    "tn": 1122,
    "fp": 604,
    "fn": 630,
    "tp": 1293,
    "sensitivity": 0.672386895475819,
    "specificity": 0.6500579374275782,
    "acc": 0.6618251575774184
}