{
    "fbeta-1.0": 0.579290780141844,
    "neg_prec": 0.5097353969046431,
    "pos_prec": 0.695625759416768,
    "neg_rec": 0.6708278580814717,
    "pos_rec": 0.538316878232252,
    "neg_f": 0.579290780141844,
    "pos_f": 0.6069440763318315,
    "tn": 1021,
    "fp": 501,
    "fn": 982,
    "tp": 1145,
    "sensitivity": 0.538316878232252,
    "specificity": 0.6708278580814717,
    "acc": 0.5935872841874487
}