{
    "fbeta-1.0": 0.556377626516721,
    "neg_prec": 0.4850361197110423,
    "pos_prec": 0.7071887784921099,
    "neg_rec": 0.6523247744621791,
    "pos_rec": 0.5480072463768116,
    "neg_f": 0.556377626516721,
    "pos_f": 0.6175044654248533,
    "tn": 940,
    "fp": 501,
    "fn": 998,
    "tp": 1210,
    "sensitivity": 0.5480072463768116,
    "specificity": 0.6523247744621791,
    "acc": 0.5892025212386955
}