{
    "fbeta-1.0": 0.5978204462895692,
    "neg_prec": 0.5393258426966292,
    "pos_prec": 0.6259087904824852,
    "neg_rec": 0.670547147846333,
    "pos_rec": 0.4904194717762817,
    "neg_f": 0.5978204462895692,
    "pos_f": 0.5499419279907084,
    "tn": 1152,
    "fp": 566,
    "fn": 984,
    "tp": 947,
    "sensitivity": 0.4904194717762817,
    "specificity": 0.670547147846333,
    "acc": 0.5752260893395451
}