{
    "fbeta-1.0": 0.6223091976516634,
    "neg_prec": 0.598708983324368,
    "pos_prec": 0.6620111731843575,
    "neg_rec": 0.6478463329452853,
    "pos_rec": 0.6136716727084413,
    "neg_f": 0.6223091976516634,
    "pos_f": 0.6369255576457942,
    "tn": 1113,
    "fp": 605,
    "fn": 746,
    "tp": 1185,
    "sensitivity": 0.6136716727084413,
    "specificity": 0.6478463329452853,
    "acc": 0.6297615785146615
}