{
    "fbeta-1.0": 0.6302502720348204,
    "neg_prec": 0.4993103448275862,
    "pos_prec": 0.6702269692923899,
    "neg_rec": 0.8542772861356932,
    "pos_rec": 0.2569089048106448,
    "neg_f": 0.6302502720348204,
    "pos_f": 0.37143914169441367,
    "tn": 1448,
    "fp": 247,
    "fn": 1452,
    "tp": 502,
    "sensitivity": 0.2569089048106448,
    "specificity": 0.8542772861356932,
    "acc": 0.534392984379282
}