{
    "fbeta-1.0": 0.613221406086044,
    "neg_prec": 0.4620493358633776,
    "pos_prec": 0.7084188911704312,
    "neg_rec": 0.9114160948222083,
    "pos_rec": 0.16862170087976538,
    "neg_f": 0.613221406086044,
    "pos_f": 0.27240426371891036,
    "tn": 1461,
    "fp": 142,
    "fn": 1701,
    "tp": 345,
    "sensitivity": 0.16862170087976538,
    "specificity": 0.9114160948222083,
    "acc": 0.4949301178405042
}