{
    "fbeta-1.0": 0.5635062611806797,
    "neg_prec": 0.49065420560747663,
    "pos_prec": 0.7196749854904236,
    "neg_rec": 0.6617647058823529,
    "pos_rec": 0.5583070688878884,
    "neg_f": 0.5635062611806797,
    "pos_f": 0.6288032454361054,
    "tn": 945,
    "fp": 483,
    "fn": 981,
    "tp": 1240,
    "sensitivity": 0.5583070688878884,
    "specificity": 0.6617647058823529,
    "acc": 0.5987941901890929
}