{
    "fbeta-1.0": 0.5386819484240688,
    "neg_prec": 0.4600326264274062,
    "pos_prec": 0.7480662983425415,
    "neg_rec": 0.6497695852534562,
    "pos_rec": 0.5769066893907115,
    "neg_f": 0.5386819484240688,
    "pos_f": 0.6514313206639404,
    "tn": 846,
    "fp": 456,
    "fn": 993,
    "tp": 1354,
    "sensitivity": 0.5769066893907115,
    "specificity": 0.6497695852534562,
    "acc": 0.6029049054535489
}