{
    "fbeta-1.0": 0.5079651337541329,
    "neg_prec": 0.4320040899795501,
    "pos_prec": 0.6893089190785587,
    "neg_rec": 0.6163384390955506,
    "pos_rec": 0.5122914837576822,
    "neg_f": 0.5079651337541329,
    "pos_f": 0.5877612692017125,
    "tn": 845,
    "fp": 526,
    "fn": 1111,
    "tp": 1167,
    "sensitivity": 0.5122914837576822,
    "specificity": 0.6163384390955506,
    "acc": 0.5513839408057002
}