{
    "fbeta-1.0": 0.5931205453982026,
    "neg_prec": 0.5050131926121372,
    "pos_prec": 0.7862029646522235,
    "neg_rec": 0.7184684684684685,
    "pos_rec": 0.595166163141994,
    "neg_f": 0.5931205453982026,
    "pos_f": 0.6774748219110783,
    "tn": 957,
    "fp": 375,
    "fn": 938,
    "tp": 1379,
    "sensitivity": 0.595166163141994,
    "specificity": 0.7184684684684685,
    "acc": 0.6401753905179501
}