{
    "fbeta-1.0": 0.521122417514647,
    "neg_prec": 0.43112244897959184,
    "pos_prec": 0.7406749555950266,
    "neg_rec": 0.6586126266562744,
    "pos_rec": 0.5287404902789519,
    "neg_f": 0.521122417514647,
    "pos_f": 0.6170160295930949,
    "tn": 845,
    "fp": 438,
    "fn": 1115,
    "tp": 1251,
    "sensitivity": 0.5287404902789519,
    "specificity": 0.6586126266562744,
    "acc": 0.5744039462866539
}