{
    "fbeta-1.0": 0.5564116675839296,
    "neg_prec": 0.4773371104815864,
    "pos_prec": 0.6701502286087524,
    "neg_rec": 0.66688654353562,
    "pos_rec": 0.4810126582278481,
    "neg_f": 0.5564116675839296,
    "pos_f": 0.5600436681222708,
    "tn": 1011,
    "fp": 505,
    "fn": 1107,
    "tp": 1026,
    "sensitivity": 0.4810126582278481,
    "specificity": 0.66688654353562,
    "acc": 0.5582351329131269
}