{
    "fbeta-1.0": 0.6336102921468775,
    "neg_prec": 0.5454545454545454,
    "pos_prec": 0.7422402159244265,
    "neg_rec": 0.7557544757033248,
    "pos_rec": 0.5275779376498801,
    "neg_f": 0.6336102921468775,
    "pos_f": 0.6167647883375387,
    "tn": 1182,
    "fp": 382,
    "fn": 985,
    "tp": 1100,
    "sensitivity": 0.5275779376498801,
    "specificity": 0.7557544757033248,
    "acc": 0.6253768155659085
}