{
    "fbeta-1.0": 0.7032445265101556,
    "neg_prec": 0.6430294259527255,
    "pos_prec": 0.7557106598984772,
    "neg_rec": 0.7759022118742724,
    "pos_rec": 0.6167788710512687,
    "neg_f": 0.7032445265101556,
    "pos_f": 0.679213002566296,
    "tn": 1333,
    "fp": 385,
    "fn": 740,
    "tp": 1191,
    "sensitivity": 0.6167788710512687,
    "specificity": 0.7759022118742724,
    "acc": 0.6916963551657989
}