{
    "fbeta-1.0": 0.594010497066996,
    "neg_prec": 0.5155412647374062,
    "pos_prec": 0.7694896242288278,
    "neg_rec": 0.7006554989075018,
    "pos_rec": 0.6028119507908611,
    "neg_f": 0.594010497066996,
    "pos_f": 0.6760285784676028,
    "tn": 962,
    "fp": 411,
    "fn": 904,
    "tp": 1372,
    "sensitivity": 0.6028119507908611,
    "specificity": 0.7006554989075018,
    "acc": 0.639627295149356
}