{
    "fbeta-1.0": 0.6222879684418146,
    "neg_prec": 0.5144720750101917,
    "pos_prec": 0.7148829431438127,
    "neg_rec": 0.7872738615096694,
    "pos_rec": 0.4178885630498534,
    "neg_f": 0.6222879684418146,
    "pos_f": 0.527452190006169,
    "tn": 1262,
    "fp": 341,
    "fn": 1191,
    "tp": 855,
    "sensitivity": 0.4178885630498534,
    "specificity": 0.7872738615096694,
    "acc": 0.5801589476568924
}