{
    "fbeta-1.0": 0.634257935373177,
    "neg_prec": 0.5127138233934351,
    "pos_prec": 0.8485868102288021,
    "neg_rec": 0.8313343328335832,
    "pos_rec": 0.5447084233261339,
    "neg_f": 0.634257935373177,
    "pos_f": 0.663509602736122,
    "tn": 1109,
    "fp": 225,
    "fn": 1054,
    "tp": 1261,
    "sensitivity": 0.5447084233261339,
    "specificity": 0.8313343328335832,
    "acc": 0.6494930117840504
}