{
    "fbeta-1.0": 0.5527414416921793,
    "neg_prec": 0.48892171344165436,
    "pos_prec": 0.6483312731767614,
    "neg_rec": 0.6357234314980794,
    "pos_rec": 0.5026353617632966,
    "neg_f": 0.5527414416921793,
    "pos_f": 0.5662618083670715,
    "tn": 993,
    "fp": 569,
    "fn": 1038,
    "tp": 1049,
    "sensitivity": 0.5026353617632966,
    "specificity": 0.6357234314980794,
    "acc": 0.5596053713346122
}