{
    "fbeta-1.0": 0.5836696678050295,
    "neg_prec": 0.500799147575919,
    "pos_prec": 0.7720090293453724,
    "neg_rec": 0.6994047619047619,
    "pos_rec": 0.5934924078091106,
    "neg_f": 0.5836696678050295,
    "pos_f": 0.6710816777041942,
    "tn": 940,
    "fp": 404,
    "fn": 937,
    "tp": 1368,
    "sensitivity": 0.5934924078091106,
    "specificity": 0.6994047619047619,
    "acc": 0.6325020553576323
}