{
    "fbeta-1.0": 0.5697361335487345,
    "neg_prec": 0.4452861952861953,
    "pos_prec": 0.7800471327572663,
    "neg_rec": 0.7907324364723468,
    "pos_rec": 0.4296841194288187,
    "neg_f": 0.5697361335487345,
    "pos_f": 0.5541294642857143,
    "tn": 1058,
    "fp": 280,
    "fn": 1318,
    "tp": 993,
    "sensitivity": 0.4296841194288187,
    "specificity": 0.7907324364723468,
    "acc": 0.5620718004932859
}