{
    "fbeta-1.0": 0.5438202247191012,
    "neg_prec": 0.4000734753857458,
    "pos_prec": 0.790722761596548,
    "neg_rec": 0.8487918939984411,
    "pos_rec": 0.30980557903634826,
    "neg_f": 0.5438202247191012,
    "pos_f": 0.44518675979350136,
    "tn": 1089,
    "fp": 194,
    "fn": 1633,
    "tp": 733,
    "sensitivity": 0.30980557903634826,
    "specificity": 0.8487918939984411,
    "acc": 0.49931488078925734
}