{
    "fbeta-1.0": 0.5680909929296035,
    "neg_prec": 0.49148936170212765,
    "pos_prec": 0.746184284906727,
    "neg_rec": 0.6729788783685361,
    "pos_rec": 0.5799648506151143,
    "neg_f": 0.5680909929296035,
    "pos_f": 0.6526576019777502,
    "tn": 924,
    "fp": 449,
    "fn": 956,
    "tp": 1320,
    "sensitivity": 0.5799648506151143,
    "specificity": 0.6729788783685361,
    "acc": 0.6149630035626199
}