{
    "fbeta-1.0": 0.6145320197044335,
    "neg_prec": 0.512846865364851,
    "pos_prec": 0.8214914856136231,
    "neg_rec": 0.7665130568356375,
    "pos_rec": 0.596080102258202,
    "neg_f": 0.6145320197044335,
    "pos_f": 0.6908641975308641,
    "tn": 998,
    "fp": 304,
    "fn": 948,
    "tp": 1399,
    "sensitivity": 0.596080102258202,
    "specificity": 0.7665130568356375,
    "acc": 0.6568922992600712
}