{
    "fbeta-1.0": 0.6537411250682689,
    "neg_prec": 0.608540925266904,
    "pos_prec": 0.703923900118906,
    "neg_rec": 0.7061946902654868,
    "pos_rec": 0.6059365404298874,
    "neg_f": 0.6537411250682689,
    "pos_f": 0.6512651265126512,
    "tn": 1197,
    "fp": 498,
    "fn": 770,
    "tp": 1184,
    "sensitivity": 0.6059365404298874,
    "specificity": 0.7061946902654868,
    "acc": 0.6525075363113182
}