{
    "fbeta-1.0": 0.5930304915992533,
    "neg_prec": 0.476023976023976,
    "pos_prec": 0.8427443837279903,
    "neg_rec": 0.7863036303630363,
    "pos_rec": 0.5695527287648748,
    "neg_f": 0.5930304915992533,
    "pos_f": 0.6797257590597454,
    "tn": 953,
    "fp": 259,
    "fn": 1049,
    "tp": 1388,
    "sensitivity": 0.5695527287648748,
    "specificity": 0.7863036303630363,
    "acc": 0.6415456289394355
}