{
    "fbeta-1.0": 0.5729005667181865,
    "neg_prec": 0.44373503591380686,
    "pos_prec": 0.7690288713910761,
    "neg_rec": 0.8081395348837209,
    "pos_rec": 0.38671359436867575,
    "neg_f": 0.5729005667181865,
    "pos_f": 0.5146370023419203,
    "tn": 1112,
    "fp": 264,
    "fn": 1394,
    "tp": 879,
    "sensitivity": 0.38671359436867575,
    "specificity": 0.8081395348837209,
    "acc": 0.5456289394354618
}