{
    "fbeta-1.0": 0.6825657894736842,
    "neg_prec": 0.5809612692487167,
    "pos_prec": 0.8273572377158035,
    "neg_rec": 0.8272425249169435,
    "pos_rec": 0.5811567164179104,
    "neg_f": 0.6825657894736842,
    "pos_f": 0.6827397260273973,
    "tn": 1245,
    "fp": 260,
    "fn": 898,
    "tp": 1246,
    "sensitivity": 0.5811567164179104,
    "specificity": 0.8272425249169435,
    "acc": 0.6826527815839956
}