{
    "fbeta-1.0": 0.49314194577352477,
    "neg_prec": 0.3878575012543904,
    "pos_prec": 0.7771739130434783,
    "neg_rec": 0.6768826619964974,
    "pos_rec": 0.5133625847626645,
    "neg_f": 0.49314194577352477,
    "pos_f": 0.6183041076147008,
    "tn": 773,
    "fp": 369,
    "fn": 1220,
    "tp": 1287,
    "sensitivity": 0.5133625847626645,
    "specificity": 0.6768826619964974,
    "acc": 0.5645382296519594
}