{
    "fbeta-1.0": 0.5518672199170124,
    "neg_prec": 0.45592556317335947,
    "pos_prec": 0.7504667081518357,
    "neg_rec": 0.698948948948949,
    "pos_rec": 0.5205006473888649,
    "neg_f": 0.5518672199170124,
    "pos_f": 0.6146788990825689,
    "tn": 931,
    "fp": 401,
    "fn": 1111,
    "tp": 1206,
    "sensitivity": 0.5205006473888649,
    "specificity": 0.698948948948949,
    "acc": 0.5856399013428336
}