{
    "fbeta-1.0": 0.6176329659798755,
    "neg_prec": 0.5013613380007779,
    "pos_prec": 0.7087198515769945,
    "neg_rec": 0.8041172800998129,
    "pos_rec": 0.3734115347018573,
    "neg_f": 0.6176329659798755,
    "pos_f": 0.4891165172855314,
    "tn": 1289,
    "fp": 314,
    "fn": 1282,
    "tp": 764,
    "sensitivity": 0.3734115347018573,
    "specificity": 0.8041172800998129,
    "acc": 0.56261989586188
}