{
    "fbeta-1.0": 0.5017897819720144,
    "neg_prec": 0.39927498705334025,
    "pos_prec": 0.7840512223515715,
    "neg_rec": 0.6751313485113836,
    "pos_rec": 0.5372955723972876,
    "neg_f": 0.5017897819720144,
    "pos_f": 0.6376331360946745,
    "tn": 771,
    "fp": 371,
    "fn": 1160,
    "tp": 1347,
    "sensitivity": 0.5372955723972876,
    "specificity": 0.6751313485113836,
    "acc": 0.5804329953411894
}