{
    "fbeta-1.0": 0.5471389645776567,
    "neg_prec": 0.4967837704106878,
    "pos_prec": 0.6038083538083538,
    "neg_rec": 0.6088538508186779,
    "pos_rec": 0.4915,
    "neg_f": 0.5471389645776567,
    "pos_f": 0.541896361631753,
    "tn": 1004,
    "fp": 645,
    "fn": 1017,
    "tp": 983,
    "sensitivity": 0.4915,
    "specificity": 0.6088538508186779,
    "acc": 0.5445327486982735
}