{
    "fbeta-1.0": 0.6791713325867862,
    "neg_prec": 0.6160487557135602,
    "pos_prec": 0.7678571428571429,
    "neg_rec": 0.7567061759201498,
    "pos_rec": 0.6304985337243402,
    "neg_f": 0.6791713325867862,
    "pos_f": 0.6924315619967794,
    "tn": 1213,
    "fp": 390,
    "fn": 756,
    "tp": 1290,
    "sensitivity": 0.6304985337243402,
    "specificity": 0.7567061759201498,
    "acc": 0.6859413537955604
}