{
    "fbeta-1.0": 0.508310667875491,
    "neg_prec": 0.41510365251727543,
    "pos_prec": 0.7276648182378311,
    "neg_rec": 0.6554949337490257,
    "pos_rec": 0.4991546914623838,
    "neg_f": 0.508310667875491,
    "pos_f": 0.5921283529706695,
    "tn": 841,
    "fp": 442,
    "fn": 1185,
    "tp": 1181,
    "sensitivity": 0.4991546914623838,
    "specificity": 0.6554949337490257,
    "acc": 0.5541244176486708
}