{
    "fbeta-1.0": 0.48289218850871524,
    "neg_prec": 0.39660657476139977,
    "pos_prec": 0.7368122518434487,
    "neg_rec": 0.6171617161716172,
    "pos_rec": 0.533032416906032,
    "neg_f": 0.48289218850871524,
    "pos_f": 0.6185714285714285,
    "tn": 748,
    "fp": 464,
    "fn": 1138,
    "tp": 1299,
    "sensitivity": 0.533032416906032,
    "specificity": 0.6171617161716172,
    "acc": 0.5609756097560976
}