{
    "fbeta-1.0": 0.597457627118644,
    "neg_prec": 0.5106052767718572,
    "pos_prec": 0.7762237762237763,
    "neg_rec": 0.7199124726477024,
    "pos_rec": 0.5847234416154522,
    "neg_f": 0.597457627118644,
    "pos_f": 0.6670005007511268,
    "tn": 987,
    "fp": 384,
    "fn": 946,
    "tp": 1332,
    "sensitivity": 0.5847234416154522,
    "specificity": 0.7199124726477024,
    "acc": 0.6355165798849
}