{
    "fbeta-1.0": 0.5632609846479619,
    "neg_prec": 0.44932432432432434,
    "pos_prec": 0.7298985167837627,
    "neg_rec": 0.7546099290780142,
    "pos_rec": 0.417597141581063,
    "neg_f": 0.5632609846479619,
    "pos_f": 0.53125,
    "tn": 1064,
    "fp": 346,
    "fn": 1304,
    "tp": 935,
    "sensitivity": 0.417597141581063,
    "specificity": 0.7546099290780142,
    "acc": 0.5478213209098383
}