{
    "fbeta-1.0": 0.6285957809503516,
    "neg_prec": 0.48455978975032854,
    "pos_prec": 0.7123966942148761,
    "neg_rec": 0.8944815039417829,
    "pos_rec": 0.2155,
    "neg_f": 0.6285957809503516,
    "pos_f": 0.3309021113243762,
    "tn": 1475,
    "fp": 174,
    "fn": 1569,
    "tp": 431,
    "sensitivity": 0.2155,
    "specificity": 0.8944815039417829,
    "acc": 0.522334886270211
}