{
    "fbeta-1.0": 0.5761292252467843,
    "neg_prec": 0.5049816465652858,
    "pos_prec": 0.7284730195177956,
    "neg_rec": 0.6706128133704735,
    "pos_rec": 0.5734297333935834,
    "neg_f": 0.5761292252467843,
    "pos_f": 0.6417193426042983,
    "tn": 963,
    "fp": 473,
    "fn": 944,
    "tp": 1269,
    "sensitivity": 0.5734297333935834,
    "specificity": 0.6706128133704735,
    "acc": 0.611674431351055
}