{
    "fbeta-1.0": 0.5608628659476117,
    "neg_prec": 0.4868913857677903,
    "pos_prec": 0.7382022471910112,
    "neg_rec": 0.6613372093023255,
    "pos_rec": 0.578090629124505,
    "neg_f": 0.5608628659476117,
    "pos_f": 0.6484085862324204,
    "tn": 910,
    "fp": 466,
    "fn": 959,
    "tp": 1314,
    "sensitivity": 0.578090629124505,
    "specificity": 0.6613372093023255,
    "acc": 0.6094820498766785
}