{
    "fbeta-1.0": 0.5612353567625132,
    "neg_prec": 0.4552915766738661,
    "pos_prec": 0.7098950524737632,
    "neg_rec": 0.7314365024288688,
    "pos_rec": 0.4288949275362319,
    "neg_f": 0.5612353567625132,
    "pos_f": 0.5347261434217956,
    "tn": 1054,
    "fp": 387,
    "fn": 1261,
    "tp": 947,
    "sensitivity": 0.4288949275362319,
    "specificity": 0.7314365024288688,
    "acc": 0.5483694162784325
}