{
    "fbeta-1.0": 0.5347931873479319,
    "neg_prec": 0.39138176638176636,
    "pos_prec": 0.7586206896551724,
    "neg_rec": 0.8440860215053764,
    "pos_rec": 0.27183638687686407,
    "neg_f": 0.5347931873479319,
    "pos_f": 0.40025094102885816,
    "tn": 1099,
    "fp": 203,
    "fn": 1709,
    "tp": 638,
    "sensitivity": 0.27183638687686407,
    "specificity": 0.8440860215053764,
    "acc": 0.4760208276240066
}