{
    "fbeta-1.0": 0.6596675415573053,
    "neg_prec": 0.5689134808853119,
    "pos_prec": 0.8133654425045154,
    "neg_rec": 0.7848716169326856,
    "pos_rec": 0.6118659420289855,
    "neg_f": 0.6596675415573053,
    "pos_f": 0.6983716722667357,
    "tn": 1131,
    "fp": 310,
    "fn": 857,
    "tp": 1351,
    "sensitivity": 0.6118659420289855,
    "specificity": 0.7848716169326856,
    "acc": 0.680186352425322
}