{
    "fbeta-1.0": 0.5130378096479792,
    "neg_prec": 0.4056701030927835,
    "pos_prec": 0.8004681100058514,
    "neg_rec": 0.6976950354609929,
    "pos_rec": 0.5426418088060293,
    "neg_f": 0.5130378096479792,
    "pos_f": 0.6468085106382978,
    "tn": 787,
    "fp": 341,
    "fn": 1153,
    "tp": 1368,
    "sensitivity": 0.5426418088060293,
    "specificity": 0.6976950354609929,
    "acc": 0.5905727596601809
}