{
    "fbeta-1.0": 0.5423423423423424,
    "neg_prec": 0.4703125,
    "pos_prec": 0.706766917293233,
    "neg_rec": 0.6404255319148936,
    "pos_rec": 0.5457793657882983,
    "neg_f": 0.5423423423423424,
    "pos_f": 0.6159274193548387,
    "tn": 903,
    "fp": 507,
    "fn": 1017,
    "tp": 1222,
    "sensitivity": 0.5457793657882983,
    "specificity": 0.6404255319148936,
    "acc": 0.5823513291312689
}