{
    "fbeta-1.0": 0.63631221719457,
    "neg_prec": 0.5585898709036743,
    "pos_prec": 0.7571865443425077,
    "neg_rec": 0.7391590013140604,
    "pos_rec": 0.5820404325340856,
    "neg_f": 0.63631221719457,
    "pos_f": 0.658160552897395,
    "tn": 1125,
    "fp": 397,
    "fn": 889,
    "tp": 1238,
    "sensitivity": 0.5820404325340856,
    "specificity": 0.7391590013140604,
    "acc": 0.647574677993971
}