{
    "fbeta-1.0": 0.6263864565090485,
    "neg_prec": 0.5124164278892073,
    "pos_prec": 0.8334405144694533,
    "neg_rec": 0.8055555555555556,
    "pos_rec": 0.5593439792835563,
    "neg_f": 0.6263864565090485,
    "pos_f": 0.6694214876033057,
    "tn": 1073,
    "fp": 259,
    "fn": 1021,
    "tp": 1296,
    "sensitivity": 0.5593439792835563,
    "specificity": 0.8055555555555556,
    "acc": 0.6492189640997533
}