{
    "fbeta-1.0": 0.6666666666666666,
    "neg_prec": 0.5781853281853282,
    "pos_prec": 0.7945466074825618,
    "neg_rec": 0.7871222076215506,
    "pos_rec": 0.5890926187118006,
    "neg_f": 0.6666666666666666,
    "pos_f": 0.6765658747300215,
    "tn": 1198,
    "fp": 324,
    "fn": 874,
    "tp": 1253,
    "sensitivity": 0.5890926187118006,
    "specificity": 0.7871222076215506,
    "acc": 0.6716908742121129
}