{
    "fbeta-1.0": 0.5432335329341317,
    "neg_prec": 0.3991552270327349,
    "pos_prec": 0.7524752475247525,
    "neg_rec": 0.8500749625187406,
    "pos_rec": 0.2626349892008639,
    "neg_f": 0.5432335329341317,
    "pos_f": 0.3893691962856228,
    "tn": 1134,
    "fp": 200,
    "fn": 1707,
    "tp": 608,
    "sensitivity": 0.2626349892008639,
    "specificity": 0.8500749625187406,
    "acc": 0.4773910660454919
}