{
    "fbeta-1.0": 0.4948394495412844,
    "neg_prec": 0.4076523382144544,
    "pos_prec": 0.6684073107049608,
    "neg_rec": 0.6294675419401896,
    "pos_rec": 0.4495171202809482,
    "neg_f": 0.4948394495412844,
    "pos_f": 0.53753280839895,
    "tn": 863,
    "fp": 508,
    "fn": 1254,
    "tp": 1024,
    "sensitivity": 0.4495171202809482,
    "specificity": 0.6294675419401896,
    "acc": 0.5171279802685668
}