{
    "fbeta-1.0": 0.5799381848833942,
    "neg_prec": 0.563011456628478,
    "pos_prec": 0.6178414096916299,
    "neg_rec": 0.5979142526071842,
    "pos_rec": 0.5834633385335414,
    "neg_f": 0.5799381848833942,
    "pos_f": 0.6001604707140947,
    "tn": 1032,
    "fp": 694,
    "fn": 801,
    "tp": 1122,
    "sensitivity": 0.5834633385335414,
    "specificity": 0.5979142526071842,
    "acc": 0.5902987119758838
}