{
    "fbeta-1.0": 0.5448334756618275,
    "neg_prec": 0.40125786163522015,
    "pos_prec": 0.8647151898734177,
    "neg_rec": 0.848404255319149,
    "pos_rec": 0.43355811186037285,
    "neg_f": 0.5448334756618275,
    "pos_f": 0.5775429326287979,
    "tn": 957,
    "fp": 171,
    "fn": 1428,
    "tp": 1093,
    "sensitivity": 0.43355811186037285,
    "specificity": 0.848404255319149,
    "acc": 0.5617977528089888
}