{
    "fbeta-1.0": 0.5871244635193134,
    "neg_prec": 0.5428571428571428,
    "pos_prec": 0.6708357021034679,
    "neg_rec": 0.6392523364485981,
    "pos_rec": 0.5772994129158513,
    "neg_f": 0.5871244635193134,
    "pos_f": 0.6205627136471207,
    "tn": 1026,
    "fp": 579,
    "fn": 864,
    "tp": 1180,
    "sensitivity": 0.5772994129158513,
    "specificity": 0.6392523364485981,
    "acc": 0.6045491915593313
}