{
    "fbeta-1.0": 0.5702989869038795,
    "neg_prec": 0.44282425172678436,
    "pos_prec": 0.7248322147651006,
    "neg_rec": 0.8008327550312283,
    "pos_rec": 0.3423913043478261,
    "neg_f": 0.5702989869038795,
    "pos_f": 0.4650876653337435,
    "tn": 1154,
    "fp": 287,
    "fn": 1452,
    "tp": 756,
    "sensitivity": 0.3423913043478261,
    "specificity": 0.8008327550312283,
    "acc": 0.5234310770073993
}