{
    "fbeta-1.0": 0.5001301066874837,
    "neg_prec": 0.35579415031469824,
    "pos_prec": 0.8090717299578059,
    "neg_rec": 0.841506129597198,
    "pos_rec": 0.3059433585959314,
    "neg_f": 0.5001301066874837,
    "pos_f": 0.4439942112879884,
    "tn": 961,
    "fp": 181,
    "fn": 1740,
    "tp": 767,
    "sensitivity": 0.3059433585959314,
    "specificity": 0.841506129597198,
    "acc": 0.473554398465333
}