{
    "fbeta-1.0": 0.5352727272727272,
    "neg_prec": 0.4011627906976744,
    "pos_prec": 0.7001114827201784,
    "neg_rec": 0.8040786598689003,
    "pos_rec": 0.2759226713532513,
    "neg_f": 0.5352727272727272,
    "pos_f": 0.39583989914907025,
    "tn": 1104,
    "fp": 269,
    "fn": 1648,
    "tp": 628,
    "sensitivity": 0.2759226713532513,
    "specificity": 0.8040786598689003,
    "acc": 0.47465058920252123
}