{
    "fbeta-1.0": 0.535035814388041,
    "neg_prec": 0.45764517847629194,
    "pos_prec": 0.731941309255079,
    "neg_rec": 0.643928035982009,
    "pos_rec": 0.5602591792656587,
    "neg_f": 0.535035814388041,
    "pos_f": 0.6346953755811108,
    "tn": 859,
    "fp": 475,
    "fn": 1018,
    "tp": 1297,
    "sensitivity": 0.5602591792656587,
    "specificity": 0.643928035982009,
    "acc": 0.5908468073444779
}