{
    "fbeta-1.0": 0.5824698963875665,
    "neg_prec": 0.5284552845528455,
    "pos_prec": 0.6650803093396788,
    "neg_rec": 0.6487835308796007,
    "pos_rec": 0.5464320625610948,
    "neg_f": 0.5824698963875665,
    "pos_f": 0.5999463375368929,
    "tn": 1040,
    "fp": 563,
    "fn": 928,
    "tp": 1118,
    "sensitivity": 0.5464320625610948,
    "specificity": 0.6487835308796007,
    "acc": 0.591394902713072
}