{
    "fbeta-1.0": 0.5232087598190907,
    "neg_prec": 0.3790962400827872,
    "pos_prec": 0.7293333333333333,
    "neg_rec": 0.8440860215053764,
    "pos_rec": 0.23306348530038346,
    "neg_f": 0.5232087598190907,
    "pos_f": 0.35324507587988374,
    "tn": 1099,
    "fp": 203,
    "fn": 1800,
    "tp": 547,
    "sensitivity": 0.23306348530038346,
    "specificity": 0.8440860215053764,
    "acc": 0.45108248835297343
}