{
    "fbeta-1.0": 0.56176608736496,
    "neg_prec": 0.41498959056210966,
    "pos_prec": 0.7653194263363755,
    "neg_rec": 0.8691860465116279,
    "pos_rec": 0.25824901011878576,
    "neg_f": 0.56176608736496,
    "pos_f": 0.3861842105263158,
    "tn": 1196,
    "fp": 180,
    "fn": 1686,
    "tp": 587,
    "sensitivity": 0.25824901011878576,
    "specificity": 0.8691860465116279,
    "acc": 0.48862702110167167
}