{
    "fbeta-1.0": 0.6420950533462658,
    "neg_prec": 0.4826480023330417,
    "pos_prec": 0.6772727272727272,
    "neg_rec": 0.958864426419467,
    "pos_rec": 0.07748309932397296,
    "neg_f": 0.6420950533462658,
    "pos_f": 0.13905739617358842,
    "tn": 1655,
    "fp": 71,
    "fn": 1774,
    "tp": 149,
    "sensitivity": 0.07748309932397296,
    "specificity": 0.958864426419467,
    "acc": 0.4943820224719101
}