{
    "fbeta-1.0": 0.5087719298245613,
    "neg_prec": 0.4273373983739837,
    "pos_prec": 0.7043426531826293,
    "neg_rec": 0.6285500747384155,
    "pos_rec": 0.5123323236694072,
    "neg_f": 0.5087719298245613,
    "pos_f": 0.593186372745491,
    "tn": 841,
    "fp": 497,
    "fn": 1127,
    "tp": 1184,
    "sensitivity": 0.5123323236694072,
    "specificity": 0.6285500747384155,
    "acc": 0.5549465607015621
}