{
    "fbeta-1.0": 0.5039370078740157,
    "neg_prec": 0.38519839500668746,
    "pos_prec": 0.7709815078236131,
    "neg_rec": 0.7284991568296796,
    "pos_rec": 0.440113682501015,
    "neg_f": 0.5039370078740157,
    "pos_f": 0.5603515120186094,
    "tn": 864,
    "fp": 322,
    "fn": 1379,
    "tp": 1084,
    "sensitivity": 0.440113682501015,
    "specificity": 0.7284991568296796,
    "acc": 0.5338448890106878
}