{
    "fbeta-1.0": 0.6520765978612286,
    "neg_prec": 0.5526981450252951,
    "pos_prec": 0.735317149569303,
    "neg_rec": 0.7950272892662219,
    "pos_rec": 0.4695,
    "neg_f": 0.6520765978612286,
    "pos_f": 0.5730851388465059,
    "tn": 1311,
    "fp": 338,
    "fn": 1061,
    "tp": 939,
    "sensitivity": 0.4695,
    "specificity": 0.7950272892662219,
    "acc": 0.6166072896684023
}