{
    "fbeta-1.0": 0.5290615253756734,
    "neg_prec": 0.42739349519010533,
    "pos_prec": 0.7196452933151433,
    "neg_rec": 0.6941964285714286,
    "pos_rec": 0.45770065075921906,
    "neg_f": 0.5290615253756734,
    "pos_f": 0.5595332802970034,
    "tn": 933,
    "fp": 411,
    "fn": 1250,
    "tp": 1055,
    "sensitivity": 0.45770065075921906,
    "specificity": 0.6941964285714286,
    "acc": 0.5448067963825706
}