{
    "fbeta-1.0": 0.5442441054091539,
    "neg_prec": 0.4055394791236048,
    "pos_prec": 0.8333333333333334,
    "neg_rec": 0.8271500843170321,
    "pos_rec": 0.416159155501421,
    "neg_f": 0.5442441054091539,
    "pos_f": 0.5551042512862171,
    "tn": 981,
    "fp": 205,
    "fn": 1438,
    "tp": 1025,
    "sensitivity": 0.416159155501421,
    "specificity": 0.8271500843170321,
    "acc": 0.5497396546999178
}