{
    "fbeta-1.0": 0.5995009357454772,
    "neg_prec": 0.499739989599584,
    "pos_prec": 0.813441483198146,
    "neg_rec": 0.7490257209664848,
    "pos_rec": 0.5934065934065934,
    "neg_f": 0.5995009357454772,
    "pos_f": 0.6862170087976539,
    "tn": 961,
    "fp": 322,
    "fn": 962,
    "tp": 1404,
    "sensitivity": 0.5934065934065934,
    "specificity": 0.7490257209664848,
    "acc": 0.6481227733625651
}