{
    "fbeta-1.0": 0.6357081049899048,
    "neg_prec": 0.5912017167381974,
    "pos_prec": 0.719327731092437,
    "neg_rec": 0.6874610106051154,
    "pos_rec": 0.6275659824046921,
    "neg_f": 0.6357081049899048,
    "pos_f": 0.6703210649960846,
    "tn": 1102,
    "fp": 501,
    "fn": 762,
    "tp": 1284,
    "sensitivity": 0.6275659824046921,
    "specificity": 0.6874610106051154,
    "acc": 0.6538777747328035
}