{
    "fbeta-1.0": 0.6741814278046161,
    "neg_prec": 0.5683257918552036,
    "pos_prec": 0.8193189715079917,
    "neg_rec": 0.8284960422163589,
    "pos_rec": 0.5527426160337553,
    "neg_f": 0.6741814278046161,
    "pos_f": 0.6601343784994401,
    "tn": 1256,
    "fp": 260,
    "fn": 954,
    "tp": 1179,
    "sensitivity": 0.5527426160337553,
    "specificity": 0.8284960422163589,
    "acc": 0.6673061112633598
}