{
    "fbeta-1.0": 0.6378869639307014,
    "neg_prec": 0.5998931623931624,
    "pos_prec": 0.7039954980303883,
    "neg_rec": 0.6810187992722863,
    "pos_rec": 0.6255,
    "neg_f": 0.6378869639307014,
    "pos_f": 0.6624305003971406,
    "tn": 1123,
    "fp": 526,
    "fn": 749,
    "tp": 1251,
    "sensitivity": 0.6255,
    "specificity": 0.6810187992722863,
    "acc": 0.6505892025212386
}