{
    "fbeta-1.0": 0.597682565346268,
    "neg_prec": 0.5564475664826894,
    "pos_prec": 0.6322463768115942,
    "neg_rec": 0.6455180442374855,
    "pos_rec": 0.5422061108234075,
    "neg_f": 0.597682565346268,
    "pos_f": 0.5837747421243379,
    "tn": 1109,
    "fp": 609,
    "fn": 884,
    "tp": 1047,
    "sensitivity": 0.5422061108234075,
    "specificity": 0.6455180442374855,
    "acc": 0.5908468073444779
}