{
    "fbeta-1.0": 0.5297383029341793,
    "neg_prec": 0.4098159509202454,
    "pos_prec": 0.7209302325581395,
    "neg_rec": 0.7488789237668162,
    "pos_rec": 0.37559498052791,
    "neg_f": 0.5297383029341793,
    "pos_f": 0.4938833570412518,
    "tn": 1002,
    "fp": 336,
    "fn": 1443,
    "tp": 868,
    "sensitivity": 0.37559498052791,
    "specificity": 0.7488789237668162,
    "acc": 0.5124691696355166
}