{
    "fbeta-1.0": 0.5019425019425019,
    "neg_prec": 0.3622429906542056,
    "pos_prec": 0.7772073921971252,
    "neg_rec": 0.8170320404721754,
    "pos_rec": 0.3073487616727568,
    "neg_f": 0.5019425019425019,
    "pos_f": 0.44050043642711667,
    "tn": 969,
    "fp": 217,
    "fn": 1706,
    "tp": 757,
    "sensitivity": 0.3073487616727568,
    "specificity": 0.8170320404721754,
    "acc": 0.47300630309673886
}