{
    "fbeta-1.0": 0.6217331499312242,
    "neg_prec": 0.4991166077738516,
    "pos_prec": 0.8259927797833935,
    "neg_rec": 0.8242159008023341,
    "pos_rec": 0.5021949078138718,
    "neg_f": 0.6217331499312242,
    "pos_f": 0.6246246246246246,
    "tn": 1130,
    "fp": 241,
    "fn": 1134,
    "tp": 1144,
    "sensitivity": 0.5021949078138718,
    "specificity": 0.8242159008023341,
    "acc": 0.6231844340915319
}