{
    "fbeta-1.0": 0.5448811256671517,
    "neg_prec": 0.3982269503546099,
    "pos_prec": 0.7840772014475271,
    "neg_rec": 0.8625192012288786,
    "pos_rec": 0.27694929697486154,
    "neg_f": 0.5448811256671517,
    "pos_f": 0.4093198992443325,
    "tn": 1123,
    "fp": 179,
    "fn": 1697,
    "tp": 650,
    "sensitivity": 0.27694929697486154,
    "specificity": 0.8625192012288786,
    "acc": 0.48588654425870104
}