{
    "fbeta-1.0": 0.6153846153846154,
    "neg_prec": 0.5041687101520353,
    "pos_prec": 0.8298136645962733,
    "neg_rec": 0.7895545314900153,
    "pos_rec": 0.5692373242437154,
    "neg_f": 0.6153846153846154,
    "pos_f": 0.6752590346221885,
    "tn": 1028,
    "fp": 274,
    "fn": 1011,
    "tp": 1336,
    "sensitivity": 0.5692373242437154,
    "specificity": 0.7895545314900153,
    "acc": 0.647848725678268
}