{
    "fbeta-1.0": 0.587882423515297,
    "neg_prec": 0.49,
    "pos_prec": 0.7853244390539721,
    "neg_rec": 0.7346326836581709,
    "pos_rec": 0.5593952483801296,
    "neg_f": 0.587882423515297,
    "pos_f": 0.6533804238143289,
    "tn": 980,
    "fp": 354,
    "fn": 1020,
    "tp": 1295,
    "sensitivity": 0.5593952483801296,
    "specificity": 0.7346326836581709,
    "acc": 0.623458481775829
}