{
    "fbeta-1.0": 0.5861365953109071,
    "neg_prec": 0.4775747508305648,
    "pos_prec": 0.7050765511684126,
    "neg_rec": 0.758575197889182,
    "pos_rec": 0.41022034692920767,
    "neg_f": 0.5861365953109071,
    "pos_f": 0.5186721991701245,
    "tn": 1150,
    "fp": 366,
    "fn": 1258,
    "tp": 875,
    "sensitivity": 0.41022034692920767,
    "specificity": 0.758575197889182,
    "acc": 0.5549465607015621
}