{
    "fbeta-1.0": 0.5267985096016051,
    "neg_prec": 0.44873046875,
    "pos_prec": 0.6739537788881949,
    "neg_rec": 0.6377515614156836,
    "pos_rec": 0.48867753623188404,
    "neg_f": 0.5267985096016051,
    "pos_f": 0.5665529010238908,
    "tn": 919,
    "fp": 522,
    "fn": 1129,
    "tp": 1079,
    "sensitivity": 0.48867753623188404,
    "specificity": 0.6377515614156836,
    "acc": 0.5475472732255412
}