{
    "fbeta-1.0": 0.6276299112801014,
    "neg_prec": 0.5096747632770687,
    "pos_prec": 0.7721311475409836,
    "neg_rec": 0.816622691292876,
    "pos_rec": 0.44163150492264414,
    "neg_f": 0.6276299112801014,
    "pos_f": 0.5618848792126454,
    "tn": 1238,
    "fp": 278,
    "fn": 1191,
    "tp": 942,
    "sensitivity": 0.44163150492264414,
    "specificity": 0.816622691292876,
    "acc": 0.5974239517676075
}