{
    "fbeta-1.0": 0.6077032810271041,
    "neg_prec": 0.5794341675734495,
    "pos_prec": 0.6675869685256764,
    "neg_rec": 0.638872225554889,
    "pos_rec": 0.6099899091826438,
    "neg_f": 0.6077032810271041,
    "pos_f": 0.6374901133667282,
    "tn": 1065,
    "fp": 602,
    "fn": 773,
    "tp": 1209,
    "sensitivity": 0.6099899091826438,
    "specificity": 0.638872225554889,
    "acc": 0.6231844340915319
}