{
    "fbeta-1.0": 0.5565939771547248,
    "neg_prec": 0.42641209228321403,
    "pos_prec": 0.7656387665198238,
    "neg_rec": 0.8011958146487295,
    "pos_rec": 0.37602769363911726,
    "neg_f": 0.5565939771547248,
    "pos_f": 0.5043528728961114,
    "tn": 1072,
    "fp": 266,
    "fn": 1442,
    "tp": 869,
    "sensitivity": 0.37602769363911726,
    "specificity": 0.8011958146487295,
    "acc": 0.5319265552206084
}