{
    "fbeta-1.0": 0.484314804623005,
    "neg_prec": 0.35115722266560256,
    "pos_prec": 0.7830271216097988,
    "neg_rec": 0.7801418439716312,
    "pos_rec": 0.3550178500595002,
    "neg_f": 0.484314804623005,
    "pos_f": 0.4885371179039301,
    "tn": 880,
    "fp": 248,
    "fn": 1626,
    "tp": 895,
    "sensitivity": 0.3550178500595002,
    "specificity": 0.7801418439716312,
    "acc": 0.48643463962729516
}