{
    "fbeta-1.0": 0.6417216923453167,
    "neg_prec": 0.5281803542673108,
    "pos_prec": 0.7484978540772532,
    "neg_rec": 0.8174454828660436,
    "pos_rec": 0.42661448140900193,
    "neg_f": 0.6417216923453167,
    "pos_f": 0.5434714864443752,
    "tn": 1312,
    "fp": 293,
    "fn": 1172,
    "tp": 872,
    "sensitivity": 0.42661448140900193,
    "specificity": 0.8174454828660436,
    "acc": 0.5985201425047958
}