{
    "fbeta-1.0": 0.6271717459413273,
    "neg_prec": 0.5156908665105386,
    "pos_prec": 0.8183619550858653,
    "neg_rec": 0.8001453488372093,
    "pos_rec": 0.5450945886493621,
    "neg_f": 0.6271717459413273,
    "pos_f": 0.6543438077634012,
    "tn": 1101,
    "fp": 275,
    "fn": 1034,
    "tp": 1239,
    "sensitivity": 0.5450945886493621,
    "specificity": 0.8001453488372093,
    "acc": 0.6412715812551384
}