{
    "fbeta-1.0": 0.5107890499194847,
    "neg_prec": 0.4113070539419087,
    "pos_prec": 0.7768739105171412,
    "neg_rec": 0.6737468139337298,
    "pos_rec": 0.5408576051779935,
    "neg_f": 0.5107890499194847,
    "pos_f": 0.6377295492487478,
    "tn": 793,
    "fp": 384,
    "fn": 1135,
    "tp": 1337,
    "sensitivity": 0.5408576051779935,
    "specificity": 0.6737468139337298,
    "acc": 0.5837215675527542
}