{
    "fbeta-1.0": 0.6655905299973096,
    "neg_prec": 0.6034146341463414,
    "pos_prec": 0.7310819262038775,
    "neg_rec": 0.7420515896820636,
    "pos_rec": 0.5898082744702321,
    "neg_f": 0.6655905299973096,
    "pos_f": 0.6528902541189611,
    "tn": 1237,
    "fp": 430,
    "fn": 813,
    "tp": 1169,
    "sensitivity": 0.5898082744702321,
    "specificity": 0.7420515896820636,
    "acc": 0.6593587284187449
}