{
    "fbeta-1.0": 0.47828447339847996,
    "neg_prec": 0.34657749803304483,
    "pos_prec": 0.7642276422764228,
    "neg_rec": 0.7714535901926445,
    "pos_rec": 0.3374551256481851,
    "neg_f": 0.47828447339847996,
    "pos_f": 0.46817930271167685,
    "tn": 881,
    "fp": 261,
    "fn": 1661,
    "tp": 846,
    "sensitivity": 0.3374551256481851,
    "specificity": 0.7714535901926445,
    "acc": 0.4732803507810359
}