{
    "fbeta-1.0": 0.5919864559819412,
    "neg_prec": 0.5673336938885885,
    "pos_prec": 0.6411111111111111,
    "neg_rec": 0.6188790560471976,
    "pos_rec": 0.5905834186284544,
    "neg_f": 0.5919864559819412,
    "pos_f": 0.6148108684070325,
    "tn": 1049,
    "fp": 646,
    "fn": 800,
    "tp": 1154,
    "sensitivity": 0.5905834186284544,
    "specificity": 0.6188790560471976,
    "acc": 0.6037270485064401
}