{
    "fbeta-1.0": 0.48252477829942614,
    "neg_prec": 0.3527841342486651,
    "pos_prec": 0.7205452775073028,
    "neg_rec": 0.7632013201320133,
    "pos_rec": 0.3036520311858843,
    "neg_f": 0.48252477829942614,
    "pos_f": 0.42725173210161665,
    "tn": 925,
    "fp": 287,
    "fn": 1697,
    "tp": 740,
    "sensitivity": 0.3036520311858843,
    "specificity": 0.7632013201320133,
    "acc": 0.4562893943546177
}