{
    "fbeta-1.0": 0.5368715083798882,
    "neg_prec": 0.4465613382899628,
    "pos_prec": 0.6880427521710086,
    "neg_rec": 0.6729691876750701,
    "pos_rec": 0.46375506528590726,
    "neg_f": 0.5368715083798882,
    "pos_f": 0.5540613232920925,
    "tn": 961,
    "fp": 467,
    "fn": 1191,
    "tp": 1030,
    "sensitivity": 0.46375506528590726,
    "specificity": 0.6729691876750701,
    "acc": 0.5456289394354618
}