{
    "fbeta-1.0": 0.5775280898876405,
    "neg_prec": 0.5430533544638141,
    "pos_prec": 0.6361047835990888,
    "neg_rec": 0.6166766646670666,
    "pos_rec": 0.5635721493440968,
    "neg_f": 0.5775280898876405,
    "pos_f": 0.5976457998929909,
    "tn": 1028,
    "fp": 639,
    "fn": 865,
    "tp": 1117,
    "sensitivity": 0.5635721493440968,
    "specificity": 0.6166766646670666,
    "acc": 0.5878322828172102
}