{
    "fbeta-1.0": 0.6186563557274045,
    "neg_prec": 0.5180089032780251,
    "pos_prec": 0.6714770797962648,
    "neg_rec": 0.7678464307138573,
    "pos_rec": 0.3990918264379415,
    "neg_f": 0.6186563557274045,
    "pos_f": 0.5006329113924051,
    "tn": 1280,
    "fp": 387,
    "fn": 1191,
    "tp": 791,
    "sensitivity": 0.3990918264379415,
    "specificity": 0.7678464307138573,
    "acc": 0.5675527541792272
}