{
    "fbeta-1.0": 0.5958862673926195,
    "neg_prec": 0.46462264150943394,
    "pos_prec": 0.868541530412034,
    "neg_rec": 0.8305227655986509,
    "pos_rec": 0.5391798619569631,
    "neg_f": 0.5958862673926195,
    "pos_f": 0.6653306613226453,
    "tn": 985,
    "fp": 201,
    "fn": 1135,
    "tp": 1328,
    "sensitivity": 0.5391798619569631,
    "specificity": 0.8305227655986509,
    "acc": 0.6338722937791176
}