{
    "fbeta-1.0": 0.6242476354256234,
    "neg_prec": 0.5153809749171794,
    "pos_prec": 0.8131510416666666,
    "neg_rec": 0.7914244186046512,
    "pos_rec": 0.5494940607127144,
    "neg_f": 0.6242476354256234,
    "pos_f": 0.6558151745865056,
    "tn": 1089,
    "fp": 287,
    "fn": 1024,
    "tp": 1249,
    "sensitivity": 0.5494940607127144,
    "specificity": 0.7914244186046512,
    "acc": 0.6407234858865443
}