{
    "fbeta-1.0": 0.5673720867934637,
    "neg_prec": 0.4322448979591837,
    "pos_prec": 0.8131776480400333,
    "neg_rec": 0.8254091971940763,
    "pos_rec": 0.41208791208791207,
    "neg_f": 0.5673720867934637,
    "pos_f": 0.546984572230014,
    "tn": 1059,
    "fp": 224,
    "fn": 1391,
    "tp": 975,
    "sensitivity": 0.41208791208791207,
    "specificity": 0.8254091971940763,
    "acc": 0.5574129898602357
}