{
    "fbeta-1.0": 0.5150537634408602,
    "neg_prec": 0.37672040896578846,
    "pos_prec": 0.8019891500904159,
    "neg_rec": 0.8139337298215803,
    "pos_rec": 0.35881877022653724,
    "neg_f": 0.5150537634408602,
    "pos_f": 0.4958077138065959,
    "tn": 958,
    "fp": 219,
    "fn": 1585,
    "tp": 887,
    "sensitivity": 0.35881877022653724,
    "specificity": 0.8139337298215803,
    "acc": 0.5056179775280899
}