{
    "fbeta-1.0": 0.5721649484536083,
    "neg_prec": 0.5027679919476598,
    "pos_prec": 0.6955475330926595,
    "neg_rec": 0.6637873754152824,
    "pos_rec": 0.539179104477612,
    "neg_f": 0.5721649484536083,
    "pos_f": 0.6074619022595902,
    "tn": 999,
    "fp": 506,
    "fn": 988,
    "tp": 1156,
    "sensitivity": 0.539179104477612,
    "specificity": 0.6637873754152824,
    "acc": 0.5905727596601809
}