{
    "fbeta-1.0": 0.6620965438446159,
    "neg_prec": 0.5838790931989924,
    "pos_prec": 0.7854567307692307,
    "neg_rec": 0.7645118733509235,
    "pos_rec": 0.612751992498828,
    "neg_f": 0.6620965438446159,
    "pos_f": 0.6884382407163551,
    "tn": 1159,
    "fp": 357,
    "fn": 826,
    "tp": 1307,
    "sensitivity": 0.612751992498828,
    "specificity": 0.7645118733509235,
    "acc": 0.6758015894765689
}