{
    "fbeta-1.0": 0.5459196725505244,
    "neg_prec": 0.41404734187039194,
    "pos_prec": 0.7527985074626866,
    "neg_rec": 0.801051051051051,
    "pos_rec": 0.34829520932239966,
    "neg_f": 0.5459196725505244,
    "pos_f": 0.476246680436707,
    "tn": 1067,
    "fp": 265,
    "fn": 1510,
    "tp": 807,
    "sensitivity": 0.34829520932239966,
    "specificity": 0.801051051051051,
    "acc": 0.5135653603727048
}