{
    "fbeta-1.0": 0.6440929312901631,
    "neg_prec": 0.5542322415993194,
    "pos_prec": 0.6979969183359014,
    "neg_rec": 0.7687315634218289,
    "pos_rec": 0.46366427840327534,
    "neg_f": 0.6440929312901631,
    "pos_f": 0.5571955719557196,
    "tn": 1303,
    "fp": 392,
    "fn": 1048,
    "tp": 906,
    "sensitivity": 0.46366427840327534,
    "specificity": 0.7687315634218289,
    "acc": 0.6053713346122225
}