{
    "fbeta-1.0": 0.5391869918699187,
    "neg_prec": 0.4449812130971551,
    "pos_prec": 0.7855543113101904,
    "neg_rec": 0.683993399339934,
    "pos_rec": 0.5757078375051292,
    "neg_f": 0.5391869918699187,
    "pos_f": 0.6644565474780961,
    "tn": 829,
    "fp": 383,
    "fn": 1034,
    "tp": 1403,
    "sensitivity": 0.5757078375051292,
    "specificity": 0.683993399339934,
    "acc": 0.611674431351055
}