{
    "fbeta-1.0": 0.540651599647784,
    "neg_prec": 0.4528023598820059,
    "pos_prec": 0.7201238390092879,
    "neg_rec": 0.6707938820101966,
    "pos_rec": 0.5109841827768014,
    "neg_f": 0.540651599647784,
    "pos_f": 0.5977897712670265,
    "tn": 921,
    "fp": 452,
    "fn": 1113,
    "tp": 1163,
    "sensitivity": 0.5109841827768014,
    "specificity": 0.6707938820101966,
    "acc": 0.571115374075089
}