{
    "fbeta-1.0": 0.5690206335367626,
    "neg_prec": 0.5463169642857143,
    "pos_prec": 0.6392030156165859,
    "neg_rec": 0.5936931473620376,
    "pos_rec": 0.5935,
    "neg_f": 0.5690206335367626,
    "pos_f": 0.6155042779362199,
    "tn": 979,
    "fp": 670,
    "fn": 813,
    "tp": 1187,
    "sensitivity": 0.5935,
    "specificity": 0.5936931473620376,
    "acc": 0.5935872841874487
}