{
    "fbeta-1.0": 0.5798205058471579,
    "neg_prec": 0.4702249669166299,
    "pos_prec": 0.7510853835021708,
    "neg_rec": 0.7560283687943262,
    "pos_rec": 0.46359982134881644,
    "neg_f": 0.5798205058471579,
    "pos_f": 0.5733222866611433,
    "tn": 1066,
    "fp": 344,
    "fn": 1201,
    "tp": 1038,
    "sensitivity": 0.46359982134881644,
    "specificity": 0.7560283687943262,
    "acc": 0.5765963277610304
}