{
    "fbeta-1.0": 0.5352828989192626,
    "neg_prec": 0.42959183673469387,
    "pos_prec": 0.7963291888691534,
    "neg_rec": 0.7099494097807757,
    "pos_rec": 0.5460820138043037,
    "neg_f": 0.5352828989192626,
    "pos_f": 0.6478805394990367,
    "tn": 842,
    "fp": 344,
    "fn": 1118,
    "tp": 1345,
    "sensitivity": 0.5460820138043037,
    "specificity": 0.7099494097807757,
    "acc": 0.599342285557687
}