{
    "fbeta-1.0": 0.6104166666666667,
    "neg_prec": 0.5463869463869464,
    "pos_prec": 0.6522606382978723,
    "neg_rec": 0.6914454277286136,
    "pos_rec": 0.5020470829068577,
    "neg_f": 0.6104166666666667,
    "pos_f": 0.56737998843262,
    "tn": 1172,
    "fp": 523,
    "fn": 973,
    "tp": 981,
    "sensitivity": 0.5020470829068577,
    "specificity": 0.6914454277286136,
    "acc": 0.5900246642915867
}