{
    "fbeta-1.0": 0.6310998735777495,
    "neg_prec": 0.5454545454545454,
    "pos_prec": 0.692138133725202,
    "neg_rec": 0.7486502699460108,
    "pos_rec": 0.47527749747729564,
    "neg_f": 0.6310998735777495,
    "pos_f": 0.5635656595871972,
    "tn": 1248,
    "fp": 419,
    "fn": 1040,
    "tp": 942,
    "sensitivity": 0.47527749747729564,
    "specificity": 0.7486502699460108,
    "acc": 0.6001644286105783
}