{
    "fbeta-1.0": 0.5159171298635674,
    "neg_prec": 0.36832611832611833,
    "pos_prec": 0.8118586088939567,
    "neg_rec": 0.8608768971332209,
    "pos_rec": 0.28907835972391394,
    "neg_f": 0.5159171298635674,
    "pos_f": 0.4263473053892215,
    "tn": 1021,
    "fp": 165,
    "fn": 1751,
    "tp": 712,
    "sensitivity": 0.28907835972391394,
    "specificity": 0.8608768971332209,
    "acc": 0.4749246368868183
}