{
    "fbeta-1.0": 0.5759590792838875,
    "neg_prec": 0.4536663980660757,
    "pos_prec": 0.7412167952013711,
    "neg_rec": 0.788515406162465,
    "pos_rec": 0.3894642053129221,
    "neg_f": 0.5759590792838875,
    "pos_f": 0.5106257378984651,
    "tn": 1126,
    "fp": 302,
    "fn": 1356,
    "tp": 865,
    "sensitivity": 0.3894642053129221,
    "specificity": 0.788515406162465,
    "acc": 0.5456289394354618
}