{
    "fbeta-1.0": 0.6165788744108677,
    "neg_prec": 0.5911749069643807,
    "pos_prec": 0.6527149321266968,
    "neg_rec": 0.6442641946697567,
    "pos_rec": 0.6001040041601664,
    "neg_f": 0.6165788744108677,
    "pos_f": 0.625304795448388,
    "tn": 1112,
    "fp": 614,
    "fn": 769,
    "tp": 1154,
    "sensitivity": 0.6001040041601664,
    "specificity": 0.6442641946697567,
    "acc": 0.6209920526171554
}