{
    "fbeta-1.0": 0.5212831585441086,
    "neg_prec": 0.41099221789883267,
    "pos_prec": 0.7859384808537351,
    "neg_rec": 0.7124789207419899,
    "pos_rec": 0.5083231831100284,
    "neg_f": 0.5212831585441086,
    "pos_f": 0.6173570019723865,
    "tn": 845,
    "fp": 341,
    "fn": 1211,
    "tp": 1252,
    "sensitivity": 0.5083231831100284,
    "specificity": 0.7124789207419899,
    "acc": 0.574677993970951
}