{
    "fbeta-1.0": 0.6307922272047832,
    "neg_prec": 0.5349898580121704,
    "pos_prec": 0.8103756708407871,
    "neg_rec": 0.7683903860160233,
    "pos_rec": 0.5971001757469244,
    "neg_f": 0.6307922272047832,
    "pos_f": 0.6875790538831268,
    "tn": 1055,
    "fp": 318,
    "fn": 917,
    "tp": 1359,
    "sensitivity": 0.5971001757469244,
    "specificity": 0.7683903860160233,
    "acc": 0.6615511098931214
}