{
    "fbeta-1.0": 0.5214926783183751,
    "neg_prec": 0.36532097948378556,
    "pos_prec": 0.8277511961722488,
    "neg_rec": 0.9108910891089109,
    "pos_rec": 0.21296676241280263,
    "neg_f": 0.5214926783183751,
    "pos_f": 0.33877284595300255,
    "tn": 1104,
    "fp": 108,
    "fn": 1918,
    "tp": 519,
    "sensitivity": 0.21296676241280263,
    "specificity": 0.9108910891089109,
    "acc": 0.4447793916141409
}