{
    "fbeta-1.0": 0.5705312745354619,
    "neg_prec": 0.4452614379084967,
    "pos_prec": 0.7643630308076603,
    "neg_rec": 0.7938820101966497,
    "pos_rec": 0.4033391915641476,
    "neg_f": 0.5705312745354619,
    "pos_f": 0.5280414150129422,
    "tn": 1090,
    "fp": 283,
    "fn": 1358,
    "tp": 918,
    "sensitivity": 0.4033391915641476,
    "specificity": 0.7938820101966497,
    "acc": 0.5502877500685119
}