{
    "fbeta-1.0": 0.622478386167147,
    "neg_prec": 0.5666316894018888,
    "pos_prec": 0.7223178427997705,
    "neg_rec": 0.690537084398977,
    "pos_rec": 0.6038369304556355,
    "neg_f": 0.622478386167147,
    "pos_f": 0.6577847439916406,
    "tn": 1080,
    "fp": 484,
    "fn": 826,
    "tp": 1259,
    "sensitivity": 0.6038369304556355,
    "specificity": 0.690537084398977,
    "acc": 0.6409975335708413
}