{
    "fbeta-1.0": 0.5307950727883538,
    "neg_prec": 0.4311050477489768,
    "pos_prec": 0.7068965517241379,
    "neg_rec": 0.6904588492352512,
    "pos_rec": 0.45035149384885764,
    "neg_f": 0.5307950727883538,
    "pos_f": 0.5501878690284487,
    "tn": 948,
    "fp": 425,
    "fn": 1251,
    "tp": 1025,
    "sensitivity": 0.45035149384885764,
    "specificity": 0.6904588492352512,
    "acc": 0.5406960811181145
}