{
    "fbeta-1.0": 0.6834921452485191,
    "neg_prec": 0.606489945155393,
    "pos_prec": 0.7481177275838466,
    "neg_rec": 0.7828908554572271,
    "pos_rec": 0.5593654042988742,
    "neg_f": 0.6834921452485191,
    "pos_f": 0.6401171303074672,
    "tn": 1327,
    "fp": 368,
    "fn": 861,
    "tp": 1093,
    "sensitivity": 0.5593654042988742,
    "specificity": 0.7828908554572271,
    "acc": 0.6631953959989038
}