{
    "fbeta-1.0": 0.5499541704857928,
    "neg_prec": 0.47318611987381703,
    "pos_prec": 0.73039496279336,
    "neg_rec": 0.6564551422319475,
    "pos_rec": 0.5601404741000878,
    "neg_f": 0.5499541704857928,
    "pos_f": 0.6340372670807454,
    "tn": 900,
    "fp": 471,
    "fn": 1002,
    "tp": 1276,
    "sensitivity": 0.5601404741000878,
    "specificity": 0.6564551422319475,
    "acc": 0.5963277610304193
}