{
    "fbeta-1.0": 0.5780615206035984,
    "neg_prec": 0.5292242295430393,
    "pos_prec": 0.6785512167515563,
    "neg_rec": 0.6368286445012787,
    "pos_rec": 0.5750599520383693,
    "neg_f": 0.5780615206035984,
    "pos_f": 0.622533748701973,
    "tn": 996,
    "fp": 568,
    "fn": 886,
    "tp": 1199,
    "sensitivity": 0.5750599520383693,
    "specificity": 0.6368286445012787,
    "acc": 0.6015346670320636
}