{
    "fbeta-1.0": 0.6692118898281973,
    "neg_prec": 0.5828978622327791,
    "pos_prec": 0.7830310880829016,
    "neg_rec": 0.7855313700384123,
    "pos_rec": 0.5793004312410158,
    "neg_f": 0.6692118898281973,
    "pos_f": 0.6659322500688516,
    "tn": 1227,
    "fp": 335,
    "fn": 878,
    "tp": 1209,
    "sensitivity": 0.5793004312410158,
    "specificity": 0.7855313700384123,
    "acc": 0.6675801589476569
}