{
    "fbeta-1.0": 0.558920704845815,
    "neg_prec": 0.49081237911025144,
    "pos_prec": 0.6527514231499051,
    "neg_rec": 0.6489769820971867,
    "pos_rec": 0.4949640287769784,
    "neg_f": 0.558920704845815,
    "pos_f": 0.5630114566284778,
    "tn": 1015,
    "fp": 549,
    "fn": 1053,
    "tp": 1032,
    "sensitivity": 0.4949640287769784,
    "specificity": 0.6489769820971867,
    "acc": 0.5609756097560976
}