{
    "fbeta-1.0": 0.5011464133639044,
    "neg_prec": 0.41553503530689845,
    "pos_prec": 0.7527654867256637,
    "neg_rec": 0.6311881188118812,
    "pos_rec": 0.5584735330324169,
    "neg_f": 0.5011464133639044,
    "pos_f": 0.6412249705535925,
    "tn": 765,
    "fp": 447,
    "fn": 1076,
    "tp": 1361,
    "sensitivity": 0.5584735330324169,
    "specificity": 0.6311881188118812,
    "acc": 0.5826253768155659
}