{
    "fbeta-1.0": 0.5598377281947262,
    "neg_prec": 0.4524590163934426,
    "pos_prec": 0.8350742166025289,
    "neg_rec": 0.7340425531914894,
    "pos_rec": 0.6025386751289171,
    "neg_f": 0.5598377281947262,
    "pos_f": 0.7,
    "tn": 828,
    "fp": 300,
    "fn": 1002,
    "tp": 1519,
    "sensitivity": 0.6025386751289171,
    "specificity": 0.7340425531914894,
    "acc": 0.6431899150452178
}