{
    "fbeta-1.0": 0.5124190064794817,
    "neg_prec": 0.3684006211180124,
    "pos_prec": 0.8331780055917987,
    "neg_rec": 0.8413120567375887,
    "pos_rec": 0.3546211820706069,
    "neg_f": 0.5124190064794817,
    "pos_f": 0.49749582637729545,
    "tn": 949,
    "fp": 179,
    "fn": 1627,
    "tp": 894,
    "sensitivity": 0.3546211820706069,
    "specificity": 0.8413120567375887,
    "acc": 0.5050698821594958
}