{
    "fbeta-1.0": 0.6192866578599736,
    "neg_prec": 0.4989357173265219,
    "pos_prec": 0.796923076923077,
    "neg_rec": 0.8161559888579387,
    "pos_rec": 0.46814279258924535,
    "neg_f": 0.6192866578599736,
    "pos_f": 0.5898092798178196,
    "tn": 1172,
    "fp": 264,
    "fn": 1177,
    "tp": 1036,
    "sensitivity": 0.46814279258924535,
    "specificity": 0.8161559888579387,
    "acc": 0.6050972869279254
}