{
    "fbeta-1.0": 0.5627019089574156,
    "neg_prec": 0.47215377033021194,
    "pos_prec": 0.7419753086419754,
    "neg_rec": 0.6962209302325582,
    "pos_rec": 0.5288165420149582,
    "neg_f": 0.5627019089574156,
    "pos_f": 0.617518623169792,
    "tn": 958,
    "fp": 418,
    "fn": 1071,
    "tp": 1202,
    "sensitivity": 0.5288165420149582,
    "specificity": 0.6962209302325582,
    "acc": 0.5919429980816662
}