{
    "fbeta-1.0": 0.6038900895338067,
    "neg_prec": 0.5400331308669244,
    "pos_prec": 0.7551686615886833,
    "neg_rec": 0.6848739495798319,
    "pos_rec": 0.624943719045475,
    "neg_f": 0.6038900895338067,
    "pos_f": 0.6839122936683911,
    "tn": 978,
    "fp": 450,
    "fn": 833,
    "tp": 1388,
    "sensitivity": 0.624943719045475,
    "specificity": 0.6848739495798319,
    "acc": 0.6483968210468621
}