{
    "fbeta-1.0": 0.5726994717820406,
    "neg_prec": 0.44880174291938996,
    "pos_prec": 0.7991137370753324,
    "neg_rec": 0.7910906298003072,
    "pos_rec": 0.4610140605027695,
    "neg_f": 0.5726994717820406,
    "pos_f": 0.5847068359902728,
    "tn": 1030,
    "fp": 272,
    "fn": 1265,
    "tp": 1082,
    "sensitivity": 0.4610140605027695,
    "specificity": 0.7910906298003072,
    "acc": 0.5787887092354069
}