{
    "fbeta-1.0": 0.6379354838709678,
    "neg_prec": 0.5215189873417722,
    "pos_prec": 0.7896794370602033,
    "neg_rec": 0.8212624584717608,
    "pos_rec": 0.4710820895522388,
    "neg_f": 0.6379354838709678,
    "pos_f": 0.5901256208004674,
    "tn": 1236,
    "fp": 269,
    "fn": 1134,
    "tp": 1010,
    "sensitivity": 0.4710820895522388,
    "specificity": 0.8212624584717608,
    "acc": 0.615511098931214
}