{
    "fbeta-1.0": 0.5622222222222222,
    "neg_prec": 0.4870067372473532,
    "pos_prec": 0.6753660089115213,
    "neg_rec": 0.6649145860709592,
    "pos_rec": 0.4988246356370475,
    "neg_f": 0.5622222222222222,
    "pos_f": 0.5738236884802597,
    "tn": 1012,
    "fp": 510,
    "fn": 1066,
    "tp": 1061,
    "sensitivity": 0.4988246356370475,
    "specificity": 0.6649145860709592,
    "acc": 0.5681008495478214
}