{
    "fbeta-1.0": 0.5787465940054496,
    "neg_prec": 0.5462962962962963,
    "pos_prec": 0.6105571847507332,
    "neg_rec": 0.6152954808806489,
    "pos_rec": 0.5413416536661466,
    "neg_f": 0.5787465940054496,
    "pos_f": 0.5738699007717751,
    "tn": 1062,
    "fp": 664,
    "fn": 882,
    "tp": 1041,
    "sensitivity": 0.5413416536661466,
    "specificity": 0.6152954808806489,
    "acc": 0.5763222800767334
}