{
    "fbeta-1.0": 0.5904311251314406,
    "neg_prec": 0.4546558704453441,
    "pos_prec": 0.8210347752332485,
    "neg_rec": 0.8418290854572713,
    "pos_rec": 0.41814254859611233,
    "neg_f": 0.5904311251314406,
    "pos_f": 0.5540927303949629,
    "tn": 1123,
    "fp": 211,
    "fn": 1347,
    "tp": 968,
    "sensitivity": 0.41814254859611233,
    "specificity": 0.8418290854572713,
    "acc": 0.5730337078651685
}