{
    "fbeta-1.0": 0.517310443490701,
    "neg_prec": 0.4191006026889198,
    "pos_prec": 0.7091152815013405,
    "neg_rec": 0.6756352765321375,
    "pos_rec": 0.4578104716572912,
    "neg_f": 0.517310443490701,
    "pos_f": 0.5564028398632659,
    "tn": 904,
    "fp": 434,
    "fn": 1253,
    "tp": 1058,
    "sensitivity": 0.4578104716572912,
    "specificity": 0.6756352765321375,
    "acc": 0.5376815565908468
}