{
    "fbeta-1.0": 0.4738275340393343,
    "neg_prec": 0.3596692696371153,
    "pos_prec": 0.765625,
    "neg_rec": 0.6941489361702128,
    "pos_rec": 0.44704482348274494,
    "neg_f": 0.4738275340393343,
    "pos_f": 0.5644878537440522,
    "tn": 783,
    "fp": 345,
    "fn": 1394,
    "tp": 1127,
    "sensitivity": 0.44704482348274494,
    "specificity": 0.6941489361702128,
    "acc": 0.5234310770073993
}