{
    "fbeta-1.0": 0.5886749065823512,
    "neg_prec": 0.5458422174840085,
    "pos_prec": 0.6734348561759729,
    "neg_rec": 0.6388022457891454,
    "pos_rec": 0.5835777126099707,
    "neg_f": 0.5886749065823512,
    "pos_f": 0.6252945797329142,
    "tn": 1024,
    "fp": 579,
    "fn": 852,
    "tp": 1194,
    "sensitivity": 0.5835777126099707,
    "specificity": 0.6388022457891454,
    "acc": 0.6078377637708962
}