{
    "fbeta-1.0": 0.4774718397997497,
    "neg_prec": 0.3779098563645369,
    "pos_prec": 0.7460122699386503,
    "neg_rec": 0.6482582837723024,
    "pos_rec": 0.4919093851132686,
    "neg_f": 0.4774718397997497,
    "pos_f": 0.5928815212091663,
    "tn": 763,
    "fp": 414,
    "fn": 1256,
    "tp": 1216,
    "sensitivity": 0.4919093851132686,
    "specificity": 0.6482582837723024,
    "acc": 0.542340367223897
}