{
    "fbeta-1.0": 0.5845523698069046,
    "neg_prec": 0.5268987341772152,
    "pos_prec": 0.7016543069024529,
    "neg_rec": 0.6563731931668857,
    "pos_rec": 0.5782792665726375,
    "neg_f": 0.5845523698069046,
    "pos_f": 0.6340206185567011,
    "tn": 999,
    "fp": 523,
    "fn": 897,
    "tp": 1230,
    "sensitivity": 0.5782792665726375,
    "specificity": 0.6563731931668857,
    "acc": 0.6108522882981638
}