{
    "fbeta-1.0": 0.5553869499241275,
    "neg_prec": 0.3957367933271548,
    "pos_prec": 0.7694174757281553,
    "neg_rec": 0.9309593023255814,
    "pos_rec": 0.139463264408271,
    "neg_f": 0.5553869499241275,
    "pos_f": 0.2361266294227188,
    "tn": 1281,
    "fp": 95,
    "fn": 1956,
    "tp": 317,
    "sensitivity": 0.139463264408271,
    "specificity": 0.9309593023255814,
    "acc": 0.4379281995067142
}