{
    "fbeta-1.0": 0.6131837307152875,
    "neg_prec": 0.4921206663665016,
    "pos_prec": 0.8242296918767507,
    "neg_rec": 0.8132440476190477,
    "pos_rec": 0.5106290672451194,
    "neg_f": 0.6131837307152875,
    "pos_f": 0.630592017144388,
    "tn": 1093,
    "fp": 251,
    "fn": 1128,
    "tp": 1177,
    "sensitivity": 0.5106290672451194,
    "specificity": 0.8132440476190477,
    "acc": 0.6220882433543437
}