{
    "fbeta-1.0": 0.4975007350779182,
    "neg_prec": 0.4030490709861839,
    "pos_prec": 0.7058064516129032,
    "neg_rec": 0.6497695852534562,
    "pos_rec": 0.4661269706007669,
    "neg_f": 0.4975007350779182,
    "pos_f": 0.5614575314344368,
    "tn": 846,
    "fp": 456,
    "fn": 1253,
    "tp": 1094,
    "sensitivity": 0.4661269706007669,
    "specificity": 0.6497695852534562,
    "acc": 0.5316525075363113
}