{
    "fbeta-1.0": 0.5662546708824374,
    "neg_prec": 0.5017829852266938,
    "pos_prec": 0.6850533807829181,
    "neg_rec": 0.649736147757256,
    "pos_rec": 0.5414908579465542,
    "neg_f": 0.5662546708824374,
    "pos_f": 0.6048703849175177,
    "tn": 985,
    "fp": 531,
    "fn": 978,
    "tp": 1155,
    "sensitivity": 0.5414908579465542,
    "specificity": 0.649736147757256,
    "acc": 0.5864620443957248
}