{
    "fbeta-1.0": 0.5349150714478296,
    "neg_prec": 0.3972767320784942,
    "pos_prec": 0.8090277777777778,
    "neg_rec": 0.8184818481848185,
    "pos_rec": 0.38243742306114076,
    "neg_f": 0.5349150714478296,
    "pos_f": 0.5193647255502926,
    "tn": 992,
    "fp": 220,
    "fn": 1505,
    "tp": 932,
    "sensitivity": 0.38243742306114076,
    "specificity": 0.8184818481848185,
    "acc": 0.5272677445875582
}