{
    "fbeta-1.0": 0.6167682042355672,
    "neg_prec": 0.521845851742759,
    "pos_prec": 0.7847394540942928,
    "neg_rec": 0.7539007092198582,
    "pos_rec": 0.5649843680214381,
    "neg_f": 0.6167682042355672,
    "pos_f": 0.6569722150090884,
    "tn": 1063,
    "fp": 347,
    "fn": 974,
    "tp": 1265,
    "sensitivity": 0.5649843680214381,
    "specificity": 0.7539007092198582,
    "acc": 0.6379830090435736
}