{
    "fbeta-1.0": 0.5968944099378882,
    "neg_prec": 0.5106269925611052,
    "pos_prec": 0.7866440294284097,
    "neg_rec": 0.7182361733931241,
    "pos_rec": 0.6014712245781048,
    "neg_f": 0.5968944099378882,
    "pos_f": 0.6817067189798921,
    "tn": 961,
    "fp": 377,
    "fn": 921,
    "tp": 1390,
    "sensitivity": 0.6014712245781048,
    "specificity": 0.7182361733931241,
    "acc": 0.6442861057824062
}