{
    "fbeta-1.0": 0.6127886323268206,
    "neg_prec": 0.49403341288782815,
    "pos_prec": 0.8404118404118404,
    "neg_rec": 0.8067030397505845,
    "pos_rec": 0.5519864750633982,
    "neg_f": 0.6127886323268206,
    "pos_f": 0.666326530612245,
    "tn": 1035,
    "fp": 248,
    "fn": 1060,
    "tp": 1306,
    "sensitivity": 0.5519864750633982,
    "specificity": 0.8067030397505845,
    "acc": 0.6415456289394355
}