{
    "fbeta-1.0": 0.619090635350798,
    "neg_prec": 0.5468085106382978,
    "pos_prec": 0.7665347654041832,
    "neg_rec": 0.7133934767522554,
    "pos_rec": 0.6141304347826086,
    "neg_f": 0.619090635350798,
    "pos_f": 0.6819210460145839,
    "tn": 1028,
    "fp": 413,
    "fn": 852,
    "tp": 1356,
    "sensitivity": 0.6141304347826086,
    "specificity": 0.7133934767522554,
    "acc": 0.6533296793642094
}