{
    "fbeta-1.0": 0.5227906976744185,
    "neg_prec": 0.4467408585055644,
    "pos_prec": 0.7190692395005676,
    "neg_rec": 0.6300448430493274,
    "pos_rec": 0.5482475118996105,
    "neg_f": 0.5227906976744185,
    "pos_f": 0.6221458384483181,
    "tn": 843,
    "fp": 495,
    "fn": 1044,
    "tp": 1267,
    "sensitivity": 0.5482475118996105,
    "specificity": 0.6300448430493274,
    "acc": 0.5782406138668128
}