{
    "fbeta-1.0": 0.6727614950255444,
    "neg_prec": 0.5917691579943235,
    "pos_prec": 0.7693811074918567,
    "neg_rec": 0.7794392523364486,
    "pos_rec": 0.5777886497064579,
    "neg_f": 0.6727614950255444,
    "pos_f": 0.6599608829281922,
    "tn": 1251,
    "fp": 354,
    "fn": 863,
    "tp": 1181,
    "sensitivity": 0.5777886497064579,
    "specificity": 0.7794392523364486,
    "acc": 0.6664839682104686
}