{
    "fbeta-1.0": 0.5093613747114645,
    "neg_prec": 0.3648052902277737,
    "pos_prec": 0.8015102481121898,
    "neg_rec": 0.8436703483432455,
    "pos_rec": 0.3005663430420712,
    "neg_f": 0.5093613747114645,
    "pos_f": 0.43718740806119455,
    "tn": 993,
    "fp": 184,
    "fn": 1729,
    "tp": 743,
    "sensitivity": 0.3005663430420712,
    "specificity": 0.8436703483432455,
    "acc": 0.4757467799397095
}