{
    "fbeta-1.0": 0.7039491121123774,
    "neg_prec": 0.6462287104622871,
    "pos_prec": 0.7553324968632371,
    "neg_rec": 0.7729918509895227,
    "pos_rec": 0.6235111341273951,
    "neg_f": 0.7039491121123774,
    "pos_f": 0.6831205673758866,
    "tn": 1328,
    "fp": 390,
    "fn": 727,
    "tp": 1204,
    "sensitivity": 0.6235111341273951,
    "specificity": 0.7729918509895227,
    "acc": 0.6938887366401754
}