{
    "fbeta-1.0": 0.587102552619794,
    "neg_prec": 0.44275582573454914,
    "pos_prec": 0.7180232558139535,
    "neg_rec": 0.8710963455149502,
    "pos_rec": 0.23041044776119404,
    "neg_f": 0.587102552619794,
    "pos_f": 0.3488700564971752,
    "tn": 1311,
    "fp": 194,
    "fn": 1650,
    "tp": 494,
    "sensitivity": 0.23041044776119404,
    "specificity": 0.8710963455149502,
    "acc": 0.49465607015620716
}