{
    "fbeta-1.0": 0.5853802900266352,
    "neg_prec": 0.456391324411629,
    "pos_prec": 0.849527665317139,
    "neg_rec": 0.816006600660066,
    "pos_rec": 0.5166187935986869,
    "neg_f": 0.5853802900266352,
    "pos_f": 0.6425108446032151,
    "tn": 989,
    "fp": 223,
    "fn": 1178,
    "tp": 1259,
    "sensitivity": 0.5166187935986869,
    "specificity": 0.816006600660066,
    "acc": 0.6160591942998082
}