{
    "fbeta-1.0": 0.6353062806926854,
    "neg_prec": 0.5327264846120503,
    "pos_prec": 0.7518628912071535,
    "neg_rec": 0.7868117797695262,
    "pos_rec": 0.4834690943938668,
    "neg_f": 0.6353062806926854,
    "pos_f": 0.5885097696121319,
    "tn": 1229,
    "fp": 333,
    "fn": 1078,
    "tp": 1009,
    "sensitivity": 0.4834690943938668,
    "specificity": 0.7868117797695262,
    "acc": 0.6133187174568375
}