{
    "fbeta-1.0": 0.5646731571627261,
    "neg_prec": 0.5264522821576764,
    "pos_prec": 0.621150493898896,
    "neg_rec": 0.608878224355129,
    "pos_rec": 0.5393541876892028,
    "neg_f": 0.5646731571627261,
    "pos_f": 0.5773697002430462,
    "tn": 1015,
    "fp": 652,
    "fn": 913,
    "tp": 1069,
    "sensitivity": 0.5393541876892028,
    "specificity": 0.608878224355129,
    "acc": 0.571115374075089
}