{
    "fbeta-1.0": 0.5361490683229815,
    "neg_prec": 0.40246176799701605,
    "pos_prec": 0.7262396694214877,
    "neg_rec": 0.8028273809523809,
    "pos_rec": 0.3049891540130152,
    "neg_f": 0.5361490683229815,
    "pos_f": 0.42957531316834713,
    "tn": 1079,
    "fp": 265,
    "fn": 1602,
    "tp": 703,
    "sensitivity": 0.3049891540130152,
    "specificity": 0.8028273809523809,
    "acc": 0.4883529734173746
}