{
    "fbeta-1.0": 0.5100823629650668,
    "neg_prec": 0.4102329830973047,
    "pos_prec": 0.7027397260273973,
    "neg_rec": 0.6741741741741741,
    "pos_rec": 0.4428139835994821,
    "neg_f": 0.5100823629650668,
    "pos_f": 0.5432883240667196,
    "tn": 898,
    "fp": 434,
    "fn": 1291,
    "tp": 1026,
    "sensitivity": 0.4428139835994821,
    "specificity": 0.6741741741741741,
    "acc": 0.5272677445875582
}