{
    "fbeta-1.0": 0.5373711340206185,
    "neg_prec": 0.45799011532125206,
    "pos_prec": 0.7543763676148797,
    "neg_rec": 0.6500389711613406,
    "pos_rec": 0.5828402366863905,
    "neg_f": 0.5373711340206185,
    "pos_f": 0.6576061039580353,
    "tn": 834,
    "fp": 449,
    "fn": 987,
    "tp": 1379,
    "sensitivity": 0.5828402366863905,
    "specificity": 0.6500389711613406,
    "acc": 0.6064675253494108
}