{
    "fbeta-1.0": 0.555973387330055,
    "neg_prec": 0.4214912280701754,
    "pos_prec": 0.8422205989773557,
    "neg_rec": 0.816482582837723,
    "pos_rec": 0.4664239482200647,
    "neg_f": 0.555973387330055,
    "pos_f": 0.6003644884144753,
    "tn": 961,
    "fp": 216,
    "fn": 1319,
    "tp": 1153,
    "sensitivity": 0.4664239482200647,
    "specificity": 0.816482582837723,
    "acc": 0.579336804604001
}