{
    "fbeta-1.0": 0.6235186873290793,
    "neg_prec": 0.5507246376811594,
    "pos_prec": 0.77491601343785,
    "neg_rec": 0.7184873949579832,
    "pos_rec": 0.6231427285006754,
    "neg_f": 0.6235186873290793,
    "pos_f": 0.6907911155477914,
    "tn": 1026,
    "fp": 402,
    "fn": 837,
    "tp": 1384,
    "sensitivity": 0.6231427285006754,
    "specificity": 0.7184873949579832,
    "acc": 0.6604549191559331
}