{
    "fbeta-1.0": 0.48743335872048743,
    "neg_prec": 0.3432248838040758,
    "pos_prec": 0.7863849765258216,
    "neg_rec": 0.840630472854641,
    "pos_rec": 0.2672516952532908,
    "neg_f": 0.48743335872048743,
    "pos_f": 0.39892825245608815,
    "tn": 960,
    "fp": 182,
    "fn": 1837,
    "tp": 670,
    "sensitivity": 0.2672516952532908,
    "specificity": 0.840630472854641,
    "acc": 0.4466977254042203
}