{
    "fbeta-1.0": 0.5643671917436176,
    "neg_prec": 0.49975949975949974,
    "pos_prec": 0.640764331210191,
    "neg_rec": 0.6481597005614473,
    "pos_rec": 0.4916911045943304,
    "neg_f": 0.5643671917436176,
    "pos_f": 0.5564159292035398,
    "tn": 1039,
    "fp": 564,
    "fn": 1040,
    "tp": 1006,
    "sensitivity": 0.4916911045943304,
    "specificity": 0.6481597005614473,
    "acc": 0.5604275143875034
}