{
    "fbeta-1.0": 0.6567672833495618,
    "neg_prec": 0.5663308144416457,
    "pos_prec": 0.7024467245461721,
    "neg_rec": 0.7815758980301275,
    "pos_rec": 0.4628185127405096,
    "neg_f": 0.6567672833495618,
    "pos_f": 0.5579937304075235,
    "tn": 1349,
    "fp": 377,
    "fn": 1033,
    "tp": 890,
    "sensitivity": 0.4628185127405096,
    "specificity": 0.7815758980301275,
    "acc": 0.6135927651411346
}