{
    "fbeta-1.0": 0.588659793814433,
    "neg_prec": 0.4555245313123255,
    "pos_prec": 0.797723292469352,
    "neg_rec": 0.831755280407866,
    "pos_rec": 0.40026362038664326,
    "neg_f": 0.588659793814433,
    "pos_f": 0.5330602691632533,
    "tn": 1142,
    "fp": 231,
    "fn": 1365,
    "tp": 911,
    "sensitivity": 0.40026362038664326,
    "specificity": 0.831755280407866,
    "acc": 0.56261989586188
}