{
    "fbeta-1.0": 0.5277648156789548,
    "neg_prec": 0.37662337662337664,
    "pos_prec": 0.7647058823529411,
    "neg_rec": 0.8815276695245519,
    "pos_rec": 0.2087912087912088,
    "neg_f": 0.5277648156789548,
    "pos_f": 0.3280212483399734,
    "tn": 1131,
    "fp": 152,
    "fn": 1872,
    "tp": 494,
    "sensitivity": 0.2087912087912088,
    "specificity": 0.8815276695245519,
    "acc": 0.445327486982735
}