{
    "fbeta-1.0": 0.555029959003469,
    "neg_prec": 0.44132397191574724,
    "pos_prec": 0.8205438066465257,
    "neg_rec": 0.7476635514018691,
    "pos_rec": 0.5493527508090615,
    "neg_f": 0.555029959003469,
    "pos_f": 0.6581051611339958,
    "tn": 880,
    "fp": 297,
    "fn": 1114,
    "tp": 1358,
    "sensitivity": 0.5493527508090615,
    "specificity": 0.7476635514018691,
    "acc": 0.6133187174568375
}