{
    "fbeta-1.0": 0.530654301906234,
    "neg_prec": 0.41019514137793706,
    "pos_prec": 0.7003514938488576,
    "neg_rec": 0.75127644055434,
    "pos_rec": 0.3498683055311677,
    "neg_f": 0.530654301906234,
    "pos_f": 0.46662763466042156,
    "tn": 1030,
    "fp": 341,
    "fn": 1481,
    "tp": 797,
    "sensitivity": 0.3498683055311677,
    "specificity": 0.75127644055434,
    "acc": 0.5006851192107427
}