{
    "fbeta-1.0": 0.5171444631815627,
    "neg_prec": 0.41553748870822044,
    "pos_prec": 0.7045296167247387,
    "neg_rec": 0.6845238095238095,
    "pos_rec": 0.4386117136659436,
    "neg_f": 0.5171444631815627,
    "pos_f": 0.5406417112299465,
    "tn": 920,
    "fp": 424,
    "fn": 1294,
    "tp": 1011,
    "sensitivity": 0.4386117136659436,
    "specificity": 0.6845238095238095,
    "acc": 0.5291860783776378
}