{
    "fbeta-1.0": 0.5566473988439307,
    "neg_prec": 0.5073761854583773,
    "pos_prec": 0.6579097658480868,
    "neg_rec": 0.6165172855313701,
    "pos_rec": 0.5519885002395784,
    "neg_f": 0.5566473988439307,
    "pos_f": 0.6003126628452319,
    "tn": 963,
    "fp": 599,
    "fn": 935,
    "tp": 1152,
    "sensitivity": 0.5519885002395784,
    "specificity": 0.6165172855313701,
    "acc": 0.5796108522882981
}