{
    "fbeta-1.0": 0.5800061900340452,
    "neg_prec": 0.49498151082937136,
    "pos_prec": 0.7716400911161732,
    "neg_rec": 0.7002989536621823,
    "pos_rec": 0.5863262656858503,
    "neg_f": 0.5800061900340452,
    "pos_f": 0.6663388246865012,
    "tn": 937,
    "fp": 401,
    "fn": 956,
    "tp": 1355,
    "sensitivity": 0.5863262656858503,
    "specificity": 0.7002989536621823,
    "acc": 0.6281172924088791
}