{
    "fbeta-1.0": 0.558215451577802,
    "neg_prec": 0.4954128440366973,
    "pos_prec": 0.6330798479087453,
    "neg_rec": 0.6392523364485981,
    "pos_rec": 0.48874755381604695,
    "neg_f": 0.558215451577802,
    "pos_f": 0.5516289342904473,
    "tn": 1026,
    "fp": 579,
    "fn": 1045,
    "tp": 999,
    "sensitivity": 0.48874755381604695,
    "specificity": 0.6392523364485981,
    "acc": 0.5549465607015621
}