{
    "fbeta-1.0": 0.5833553500660502,
    "neg_prec": 0.5282296650717704,
    "pos_prec": 0.6209108402822322,
    "neg_rec": 0.6513274336283186,
    "pos_rec": 0.4953940634595701,
    "neg_f": 0.5833553500660502,
    "pos_f": 0.5510959294050669,
    "tn": 1104,
    "fp": 591,
    "fn": 986,
    "tp": 968,
    "sensitivity": 0.4953940634595701,
    "specificity": 0.6513274336283186,
    "acc": 0.5678268018635243
}