{
    "fbeta-1.0": 0.5793854033290653,
    "neg_prec": 0.4915806626833243,
    "pos_prec": 0.790929203539823,
    "neg_rec": 0.7053780202650038,
    "pos_rec": 0.6043956043956044,
    "neg_f": 0.5793854033290653,
    "pos_f": 0.6851940584571155,
    "tn": 905,
    "fp": 378,
    "fn": 936,
    "tp": 1430,
    "sensitivity": 0.6043956043956044,
    "specificity": 0.7053780202650038,
    "acc": 0.6399013428336531
}