{
    "fbeta-1.0": 0.6716666666666667,
    "neg_prec": 0.593811394891945,
    "pos_prec": 0.7799132052076876,
    "neg_rec": 0.7730179028132992,
    "pos_rec": 0.6033573141486811,
    "neg_f": 0.6716666666666667,
    "pos_f": 0.6803677663601948,
    "tn": 1209,
    "fp": 355,
    "fn": 827,
    "tp": 1258,
    "sensitivity": 0.6033573141486811,
    "specificity": 0.7730179028132992,
    "acc": 0.6760756371608659
}