{
    "fbeta-1.0": 0.4795285359801489,
    "neg_prec": 0.3841948310139165,
    "pos_prec": 0.7318265119120342,
    "neg_rec": 0.6377887788778878,
    "pos_rec": 0.49158801805498564,
    "neg_f": 0.4795285359801489,
    "pos_f": 0.5881197839960727,
    "tn": 773,
    "fp": 439,
    "fn": 1239,
    "tp": 1198,
    "sensitivity": 0.49158801805498564,
    "specificity": 0.6377887788778878,
    "acc": 0.5401479857495204
}