{
    "fbeta-1.0": 0.5066079295154186,
    "neg_prec": 0.4291044776119403,
    "pos_prec": 0.7196841511562324,
    "neg_rec": 0.6182795698924731,
    "pos_rec": 0.5436727737537281,
    "neg_f": 0.5066079295154186,
    "pos_f": 0.6194174757281553,
    "tn": 805,
    "fp": 497,
    "fn": 1071,
    "tp": 1276,
    "sensitivity": 0.5436727737537281,
    "specificity": 0.6182795698924731,
    "acc": 0.5702932310221979
}