{
    "fbeta-1.0": 0.6258700696055685,
    "neg_prec": 0.5194992778045258,
    "pos_prec": 0.8142493638676844,
    "neg_rec": 0.7870167760758571,
    "pos_rec": 0.5618964003511853,
    "neg_f": 0.6258700696055685,
    "pos_f": 0.6649350649350649,
    "tn": 1079,
    "fp": 292,
    "fn": 998,
    "tp": 1280,
    "sensitivity": 0.5618964003511853,
    "specificity": 0.7870167760758571,
    "acc": 0.6464784872567827
}