{
    "fbeta-1.0": 0.6695804195804196,
    "neg_prec": 0.5733532934131736,
    "pos_prec": 0.8303951367781155,
    "neg_rec": 0.8046218487394958,
    "pos_rec": 0.615038271049077,
    "neg_f": 0.6695804195804196,
    "pos_f": 0.7066735644076566,
    "tn": 1149,
    "fp": 279,
    "fn": 855,
    "tp": 1366,
    "sensitivity": 0.615038271049077,
    "specificity": 0.8046218487394958,
    "acc": 0.6892299260071253
}