{
    "fbeta-1.0": 0.5803769401330376,
    "neg_prec": 0.5227159261108337,
    "pos_prec": 0.660996354799514,
    "neg_rec": 0.6523364485981309,
    "pos_rec": 0.5322896281800391,
    "neg_f": 0.5803769401330376,
    "pos_f": 0.5897018970189701,
    "tn": 1047,
    "fp": 558,
    "fn": 956,
    "tp": 1088,
    "sensitivity": 0.5322896281800391,
    "specificity": 0.6523364485981309,
    "acc": 0.5850918059742395
}