{
    "fbeta-1.0": 0.6822252374491181,
    "neg_prec": 0.576605504587156,
    "pos_prec": 0.8311776718856365,
    "neg_rec": 0.8352159468438538,
    "pos_rec": 0.5694962686567164,
    "neg_f": 0.6822252374491181,
    "pos_f": 0.6758926100193745,
    "tn": 1257,
    "fp": 248,
    "fn": 923,
    "tp": 1221,
    "sensitivity": 0.5694962686567164,
    "specificity": 0.8352159468438538,
    "acc": 0.6790901616881337
}