{
    "fbeta-1.0": 0.5677461996034369,
    "neg_prec": 0.4668478260869565,
    "pos_prec": 0.8192371475953566,
    "neg_rec": 0.7242833052276559,
    "pos_rec": 0.6017052375152253,
    "neg_f": 0.5677461996034369,
    "pos_f": 0.6938202247191012,
    "tn": 859,
    "fp": 327,
    "fn": 981,
    "tp": 1482,
    "sensitivity": 0.6017052375152253,
    "specificity": 0.7242833052276559,
    "acc": 0.6415456289394355
}