{
    "fbeta-1.0": 0.6531061022539857,
    "neg_prec": 0.61875,
    "pos_prec": 0.6934644303065356,
    "neg_rec": 0.6915017462165308,
    "pos_rec": 0.6209218021750389,
    "neg_f": 0.6531061022539857,
    "pos_f": 0.6551912568306012,
    "tn": 1188,
    "fp": 530,
    "fn": 732,
    "tp": 1199,
    "sensitivity": 0.6209218021750389,
    "specificity": 0.6915017462165308,
    "acc": 0.6541518224171006
}