{
    "fbeta-1.0": 0.5664488017429193,
    "neg_prec": 0.4837852206273259,
    "pos_prec": 0.7613122171945701,
    "neg_rec": 0.6831831831831832,
    "pos_rec": 0.5809236081139404,
    "neg_f": 0.5664488017429193,
    "pos_f": 0.6589963280293758,
    "tn": 910,
    "fp": 422,
    "fn": 971,
    "tp": 1346,
    "sensitivity": 0.5809236081139404,
    "specificity": 0.6831831831831832,
    "acc": 0.6182515757741847
}