{
    "fbeta-1.0": 0.5634171907756813,
    "neg_prec": 0.4327697262479871,
    "pos_prec": 0.7793991416309013,
    "neg_rec": 0.8070570570570571,
    "pos_rec": 0.39188605955977557,
    "neg_f": 0.5634171907756813,
    "pos_f": 0.5215393452039058,
    "tn": 1075,
    "fp": 257,
    "fn": 1409,
    "tp": 908,
    "sensitivity": 0.39188605955977557,
    "specificity": 0.8070570570570571,
    "acc": 0.5434365579610853
}