{
    "fbeta-1.0": 0.5570976381787193,
    "neg_prec": 0.42417500926955876,
    "pos_prec": 0.7205882352941176,
    "neg_rec": 0.8113475177304964,
    "pos_rec": 0.30638677981241624,
    "neg_f": 0.5570976381787193,
    "pos_f": 0.429959260419931,
    "tn": 1144,
    "fp": 266,
    "fn": 1553,
    "tp": 686,
    "sensitivity": 0.30638677981241624,
    "specificity": 0.8113475177304964,
    "acc": 0.5015072622636338
}