{
    "fbeta-1.0": 0.6098823529411765,
    "neg_prec": 0.4750733137829912,
    "pos_prec": 0.754614549402823,
    "neg_rec": 0.8515111695137977,
    "pos_rec": 0.32675129290079924,
    "neg_f": 0.6098823529411765,
    "pos_f": 0.4560367454068241,
    "tn": 1296,
    "fp": 226,
    "fn": 1432,
    "tp": 695,
    "sensitivity": 0.32675129290079924,
    "specificity": 0.8515111695137977,
    "acc": 0.5456289394354618
}