{
    "fbeta-1.0": 0.561829878484632,
    "neg_prec": 0.4257854821235103,
    "pos_prec": 0.7170454545454545,
    "neg_rec": 0.8256302521008403,
    "pos_rec": 0.28410625844214316,
    "neg_f": 0.561829878484632,
    "pos_f": 0.40696549500161233,
    "tn": 1179,
    "fp": 249,
    "fn": 1590,
    "tp": 631,
    "sensitivity": 0.28410625844214316,
    "specificity": 0.8256302521008403,
    "acc": 0.49602630857769253
}