{
    "fbeta-1.0": 0.5268264840182649,
    "neg_prec": 0.390770533446232,
    "pos_prec": 0.8298368298368298,
    "neg_rec": 0.808231173380035,
    "pos_rec": 0.4260071798962904,
    "neg_f": 0.5268264840182649,
    "pos_f": 0.5629942013705851,
    "tn": 923,
    "fp": 219,
    "fn": 1439,
    "tp": 1068,
    "sensitivity": 0.4260071798962904,
    "specificity": 0.808231173380035,
    "acc": 0.5456289394354618
}