{
    "fbeta-1.0": 0.5177664974619289,
    "neg_prec": 0.43241895261845387,
    "pos_prec": 0.7098540145985401,
    "neg_rec": 0.6450892857142857,
    "pos_rec": 0.5062906724511931,
    "neg_f": 0.5177664974619289,
    "pos_f": 0.5910357052418335,
    "tn": 867,
    "fp": 477,
    "fn": 1138,
    "tp": 1167,
    "sensitivity": 0.5062906724511931,
    "specificity": 0.6450892857142857,
    "acc": 0.5574129898602357
}