{
    "fbeta-1.0": 0.5621565035331065,
    "neg_prec": 0.43184559710494574,
    "pos_prec": 0.7762478485370051,
    "neg_rec": 0.8050974512743628,
    "pos_rec": 0.3896328293736501,
    "neg_f": 0.5621565035331065,
    "pos_f": 0.5188380788035664,
    "tn": 1074,
    "fp": 260,
    "fn": 1413,
    "tp": 902,
    "sensitivity": 0.3896328293736501,
    "specificity": 0.8050974512743628,
    "acc": 0.5415182241710057
}