{
    "fbeta-1.0": 0.5856093979441996,
    "neg_prec": 0.5277924827951297,
    "pos_prec": 0.7051136363636363,
    "neg_rec": 0.6576517150395779,
    "pos_rec": 0.5818096577590248,
    "neg_f": 0.5856093979441996,
    "pos_f": 0.6375545851528384,
    "tn": 997,
    "fp": 519,
    "fn": 892,
    "tp": 1241,
    "sensitivity": 0.5818096577590248,
    "specificity": 0.6576517150395779,
    "acc": 0.6133187174568375
}