{
    "fbeta-1.0": 0.5739810161920714,
    "neg_prec": 0.5447800741918389,
    "pos_prec": 0.6214528944381384,
    "neg_rec": 0.6064896755162242,
    "pos_rec": 0.5603889457523029,
    "neg_f": 0.5739810161920714,
    "pos_f": 0.5893433799784714,
    "tn": 1028,
    "fp": 667,
    "fn": 859,
    "tp": 1095,
    "sensitivity": 0.5603889457523029,
    "specificity": 0.6064896755162242,
    "acc": 0.5818032337626747
}