{
    "fbeta-1.0": 0.6716219803557207,
    "neg_prec": 0.5851063829787234,
    "pos_prec": 0.7713517148621385,
    "neg_rec": 0.7881619937694704,
    "pos_rec": 0.5611545988258317,
    "neg_f": 0.6716219803557207,
    "pos_f": 0.6496743132257151,
    "tn": 1265,
    "fp": 340,
    "fn": 897,
    "tp": 1147,
    "sensitivity": 0.5611545988258317,
    "specificity": 0.7881619937694704,
    "acc": 0.6610030145245273
}