{
    "fbeta-1.0": 0.566069906223359,
    "neg_prec": 0.509462915601023,
    "pos_prec": 0.6646989374262101,
    "neg_rec": 0.6368286445012787,
    "pos_rec": 0.5400479616306955,
    "neg_f": 0.566069906223359,
    "pos_f": 0.5959248478433449,
    "tn": 996,
    "fp": 568,
    "fn": 959,
    "tp": 1126,
    "sensitivity": 0.5400479616306955,
    "specificity": 0.6368286445012787,
    "acc": 0.5815291860783777
}