{
    "fbeta-1.0": 0.6231569817866435,
    "neg_prec": 0.48794567062818334,
    "pos_prec": 0.6732954545454546,
    "neg_rec": 0.8620275944811038,
    "pos_rec": 0.2391523713420787,
    "neg_f": 0.6231569817866435,
    "pos_f": 0.35294117647058826,
    "tn": 1437,
    "fp": 230,
    "fn": 1508,
    "tp": 474,
    "sensitivity": 0.2391523713420787,
    "specificity": 0.8620275944811038,
    "acc": 0.5237051246916964
}