{
    "fbeta-1.0": 0.5952976488244122,
    "neg_prec": 0.47733654231849176,
    "pos_prec": 0.7275086505190311,
    "neg_rec": 0.7906976744186046,
    "pos_rec": 0.39225746268656714,
    "neg_f": 0.5952976488244122,
    "pos_f": 0.5096969696969696,
    "tn": 1190,
    "fp": 315,
    "fn": 1303,
    "tp": 841,
    "sensitivity": 0.39225746268656714,
    "specificity": 0.7906976744186046,
    "acc": 0.5565908468073445
}