{
    "fbeta-1.0": 0.5369578497251069,
    "neg_prec": 0.455440414507772,
    "pos_prec": 0.7294938917975567,
    "neg_rec": 0.6540178571428571,
    "pos_rec": 0.5440347071583514,
    "neg_f": 0.5369578497251069,
    "pos_f": 0.6232604373757455,
    "tn": 879,
    "fp": 465,
    "fn": 1051,
    "tp": 1254,
    "sensitivity": 0.5440347071583514,
    "specificity": 0.6540178571428571,
    "acc": 0.5845437106056454
}