{
    "fbeta-1.0": 0.6793313069908815,
    "neg_prec": 0.6035103510351035,
    "pos_prec": 0.7302032235459005,
    "neg_rec": 0.7769409038238703,
    "pos_rec": 0.5418616744669786,
    "neg_f": 0.6793313069908815,
    "pos_f": 0.622089552238806,
    "tn": 1341,
    "fp": 385,
    "fn": 881,
    "tp": 1042,
    "sensitivity": 0.5418616744669786,
    "specificity": 0.7769409038238703,
    "acc": 0.6530556316799123
}