{
    "fbeta-1.0": 0.6679337496606028,
    "neg_prec": 0.6101190476190477,
    "pos_prec": 0.7323943661971831,
    "neg_rec": 0.7378524295140971,
    "pos_rec": 0.6034308779011099,
    "neg_f": 0.6679337496606028,
    "pos_f": 0.6616874135546335,
    "tn": 1230,
    "fp": 437,
    "fn": 786,
    "tp": 1196,
    "sensitivity": 0.6034308779011099,
    "specificity": 0.7378524295140971,
    "acc": 0.6648396821046862
}