{
    "fbeta-1.0": 0.5743537240849758,
    "neg_prec": 0.43776824034334766,
    "pos_prec": 0.7955801104972375,
    "neg_rec": 0.8348214285714286,
    "pos_rec": 0.37483731019522776,
    "neg_f": 0.5743537240849758,
    "pos_f": 0.5095841934532587,
    "tn": 1122,
    "fp": 222,
    "fn": 1441,
    "tp": 864,
    "sensitivity": 0.37483731019522776,
    "specificity": 0.8348214285714286,
    "acc": 0.5442587010139764
}