{
    "fbeta-1.0": 0.6053904630269523,
    "neg_prec": 0.466122738559773,
    "pos_prec": 0.7493975903614458,
    "neg_rec": 0.8633377135348226,
    "pos_rec": 0.2924306535025858,
    "neg_f": 0.6053904630269523,
    "pos_f": 0.42069665201217454,
    "tn": 1314,
    "fp": 208,
    "fn": 1505,
    "tp": 622,
    "sensitivity": 0.2924306535025858,
    "specificity": 0.8633377135348226,
    "acc": 0.5305563167991231
}