{
    "fbeta-1.0": 0.6169531022429363,
    "neg_prec": 0.5660074826296099,
    "pos_prec": 0.7170978627671541,
    "neg_rec": 0.6779769526248399,
    "pos_rec": 0.610924772400575,
    "neg_f": 0.6169531022429363,
    "pos_f": 0.6597671410090556,
    "tn": 1059,
    "fp": 503,
    "fn": 812,
    "tp": 1275,
    "sensitivity": 0.610924772400575,
    "specificity": 0.6779769526248399,
    "acc": 0.639627295149356
}