{
    "fbeta-1.0": 0.6150392817059483,
    "neg_prec": 0.4913916786226686,
    "pos_prec": 0.6550522648083623,
    "neg_rec": 0.8218356328734253,
    "pos_rec": 0.28456104944500504,
    "neg_f": 0.6150392817059483,
    "pos_f": 0.39676398170946187,
    "tn": 1370,
    "fp": 297,
    "fn": 1418,
    "tp": 564,
    "sensitivity": 0.28456104944500504,
    "specificity": 0.8218356328734253,
    "acc": 0.530008221430529
}