{
    "fbeta-1.0": 0.6219020172910663,
    "neg_prec": 0.5785522788203753,
    "pos_prec": 0.7051569506726457,
    "neg_rec": 0.6722741433021807,
    "pos_rec": 0.6154598825831703,
    "neg_f": 0.6219020172910663,
    "pos_f": 0.6572622779519331,
    "tn": 1079,
    "fp": 526,
    "fn": 786,
    "tp": 1258,
    "sensitivity": 0.6154598825831703,
    "specificity": 0.6722741433021807,
    "acc": 0.6404494382022472
}