{
    "fbeta-1.0": 0.5376112159611754,
    "neg_prec": 0.39516448672215615,
    "pos_prec": 0.8321492007104796,
    "neg_rec": 0.8406408094435076,
    "pos_rec": 0.3804303694681283,
    "neg_f": 0.5376112159611754,
    "pos_f": 0.5221510169963778,
    "tn": 997,
    "fp": 189,
    "fn": 1526,
    "tp": 937,
    "sensitivity": 0.3804303694681283,
    "specificity": 0.8406408094435076,
    "acc": 0.530008221430529
}