{
    "fbeta-1.0": 0.5706887622993269,
    "neg_prec": 0.4423926134082698,
    "pos_prec": 0.7677029360967185,
    "neg_rec": 0.8037928519328957,
    "pos_rec": 0.39025460930640915,
    "neg_f": 0.5706887622993269,
    "pos_f": 0.5174621653084982,
    "tn": 1102,
    "fp": 269,
    "fn": 1389,
    "tp": 889,
    "sensitivity": 0.39025460930640915,
    "specificity": 0.8037928519328957,
    "acc": 0.5456289394354618
}