{
    "fbeta-1.0": 0.5760936537276649,
    "neg_prec": 0.4443916349809886,
    "pos_prec": 0.8660194174757282,
    "neg_rec": 0.818739054290718,
    "pos_rec": 0.5337056242520941,
    "neg_f": 0.5760936537276649,
    "pos_f": 0.6604146100691017,
    "tn": 935,
    "fp": 207,
    "fn": 1169,
    "tp": 1338,
    "sensitivity": 0.5337056242520941,
    "specificity": 0.818739054290718,
    "acc": 0.6229103864072348
}