{
    "fbeta-1.0": 0.6010960484568791,
    "neg_prec": 0.5310907237512742,
    "pos_prec": 0.7255483106105513,
    "neg_rec": 0.692358803986711,
    "pos_rec": 0.5708955223880597,
    "neg_f": 0.6010960484568791,
    "pos_f": 0.6389976507439311,
    "tn": 1042,
    "fp": 463,
    "fn": 920,
    "tp": 1224,
    "sensitivity": 0.5708955223880597,
    "specificity": 0.692358803986711,
    "acc": 0.6209920526171554
}