{
    "fbeta-1.0": 0.5927429586399391,
    "neg_prec": 0.4662674650698603,
    "pos_prec": 0.7657342657342657,
    "neg_rec": 0.8133704735376045,
    "pos_rec": 0.3958427474017171,
    "neg_f": 0.5927429586399391,
    "pos_f": 0.5218945487042002,
    "tn": 1168,
    "fp": 268,
    "fn": 1337,
    "tp": 876,
    "sensitivity": 0.3958427474017171,
    "specificity": 0.8133704735376045,
    "acc": 0.5601534667032063
}