{
    "fbeta-1.0": 0.5469332429684852,
    "neg_prec": 0.4461028192371476,
    "pos_prec": 0.8179347826086957,
    "neg_rec": 0.7066549912434326,
    "pos_rec": 0.600319106501795,
    "neg_f": 0.5469332429684852,
    "pos_f": 0.6924315619967795,
    "tn": 807,
    "fp": 335,
    "fn": 1002,
    "tp": 1505,
    "sensitivity": 0.600319106501795,
    "specificity": 0.7066549912434326,
    "acc": 0.6335982460948205
}