{
    "fbeta-1.0": 0.6404169079328315,
    "neg_prec": 0.5674704976911237,
    "pos_prec": 0.7652941176470588,
    "neg_rec": 0.7348837209302326,
    "pos_rec": 0.6068097014925373,
    "neg_f": 0.6404169079328315,
    "pos_f": 0.6768990634755463,
    "tn": 1106,
    "fp": 399,
    "fn": 843,
    "tp": 1301,
    "sensitivity": 0.6068097014925373,
    "specificity": 0.7348837209302326,
    "acc": 0.6596327761030419
}