{
    "fbeta-1.0": 0.5975842339478702,
    "neg_prec": 0.47959183673469385,
    "pos_prec": 0.8543516873889876,
    "neg_rec": 0.7925801011804384,
    "pos_rec": 0.5858708891595615,
    "neg_f": 0.5975842339478702,
    "pos_f": 0.6950867052023121,
    "tn": 940,
    "fp": 246,
    "fn": 1020,
    "tp": 1443,
    "sensitivity": 0.5858708891595615,
    "specificity": 0.7925801011804384,
    "acc": 0.6530556316799123
}