{
    "fbeta-1.0": 0.5376296623261974,
    "neg_prec": 0.38074398249452956,
    "pos_prec": 0.7466666666666667,
    "neg_rec": 0.9144144144144144,
    "pos_rec": 0.14501510574018128,
    "neg_f": 0.5376296623261974,
    "pos_f": 0.24286230574629564,
    "tn": 1218,
    "fp": 114,
    "fn": 1981,
    "tp": 336,
    "sensitivity": 0.14501510574018128,
    "specificity": 0.9144144144144144,
    "acc": 0.4258701013976432
}