{
    "fbeta-1.0": 0.6511235955056179,
    "neg_prec": 0.5469561113732893,
    "pos_prec": 0.8156862745098039,
    "neg_rec": 0.8043025676613463,
    "pos_rec": 0.5652173913043478,
    "neg_f": 0.6511235955056179,
    "pos_f": 0.667736757624398,
    "tn": 1159,
    "fp": 282,
    "fn": 960,
    "tp": 1248,
    "sensitivity": 0.5652173913043478,
    "specificity": 0.8043025676613463,
    "acc": 0.6596327761030419
}