{
    "fbeta-1.0": 0.6128133704735377,
    "neg_prec": 0.4806991988346686,
    "pos_prec": 0.7320044296788483,
    "neg_rec": 0.8450704225352113,
    "pos_rec": 0.3167225682798275,
    "neg_f": 0.6128133704735377,
    "pos_f": 0.4421404682274247,
    "tn": 1320,
    "fp": 242,
    "fn": 1426,
    "tp": 661,
    "sensitivity": 0.3167225682798275,
    "specificity": 0.8450704225352113,
    "acc": 0.5428884625924911
}