{
    "fbeta-1.0": 0.6044049131723847,
    "neg_prec": 0.4515822784810127,
    "pos_prec": 0.7239263803680982,
    "neg_rec": 0.913572343149808,
    "pos_rec": 0.16962146621945376,
    "neg_f": 0.6044049131723847,
    "pos_f": 0.2748447204968944,
    "tn": 1427,
    "fp": 135,
    "fn": 1733,
    "tp": 354,
    "sensitivity": 0.16962146621945376,
    "specificity": 0.913572343149808,
    "acc": 0.48807892573307754
}