{
    "fbeta-1.0": 0.6684273709483795,
    "neg_prec": 0.5688598283612587,
    "pos_prec": 0.7287853577371048,
    "neg_rec": 0.810244470314319,
    "pos_rec": 0.45365095805282235,
    "neg_f": 0.6684273709483795,
    "pos_f": 0.5592084264283435,
    "tn": 1392,
    "fp": 326,
    "fn": 1055,
    "tp": 876,
    "sensitivity": 0.45365095805282235,
    "specificity": 0.810244470314319,
    "acc": 0.6215401479857495
}