{
    "fbeta-1.0": 0.6316421495046532,
    "neg_prec": 0.5267901852779169,
    "pos_prec": 0.8292978208232445,
    "neg_rec": 0.7886056971514243,
    "pos_rec": 0.591792656587473,
    "neg_f": 0.6316421495046532,
    "pos_f": 0.6906982606503655,
    "tn": 1052,
    "fp": 282,
    "fn": 945,
    "tp": 1370,
    "sensitivity": 0.591792656587473,
    "specificity": 0.7886056971514243,
    "acc": 0.663743491367498
}