{
    "fbeta-1.0": 0.5381990023628249,
    "neg_prec": 0.4272613588995415,
    "pos_prec": 0.692,
    "neg_rec": 0.7269503546099291,
    "pos_rec": 0.38633318445734705,
    "neg_f": 0.5381990023628249,
    "pos_f": 0.4958440813986815,
    "tn": 1025,
    "fp": 385,
    "fn": 1374,
    "tp": 865,
    "sensitivity": 0.38633318445734705,
    "specificity": 0.7269503546099291,
    "acc": 0.517950123321458
}