{
    "fbeta-1.0": 0.555587474863545,
    "neg_prec": 0.4710180224062348,
    "pos_prec": 0.7111528822055138,
    "neg_rec": 0.677170868347339,
    "pos_rec": 0.5110310670868978,
    "neg_f": 0.555587474863545,
    "pos_f": 0.5947078857741682,
    "tn": 967,
    "fp": 461,
    "fn": 1086,
    "tp": 1135,
    "sensitivity": 0.5110310670868978,
    "specificity": 0.677170868347339,
    "acc": 0.5760482323924363
}