{
    "fbeta-1.0": 0.5094490284801704,
    "neg_prec": 0.36401673640167365,
    "pos_prec": 0.8323529411764706,
    "neg_rec": 0.848404255319149,
    "pos_rec": 0.3367711225704086,
    "neg_f": 0.5094490284801704,
    "pos_f": 0.47952555775204747,
    "tn": 957,
    "fp": 171,
    "fn": 1672,
    "tp": 849,
    "sensitivity": 0.3367711225704086,
    "specificity": 0.848404255319149,
    "acc": 0.4949301178405042
}