{
    "fbeta-1.0": 0.6568309235762761,
    "neg_prec": 0.5698924731182796,
    "pos_prec": 0.8095518867924528,
    "neg_rec": 0.7750696378830083,
    "pos_rec": 0.6204247627654768,
    "neg_f": 0.6568309235762761,
    "pos_f": 0.7024814530570479,
    "tn": 1113,
    "fp": 323,
    "fn": 840,
    "tp": 1373,
    "sensitivity": 0.6204247627654768,
    "specificity": 0.7750696378830083,
    "acc": 0.6812825431625102
}