{
    "fbeta-1.0": 0.644134321849106,
    "neg_prec": 0.5108958837772397,
    "pos_prec": 0.712401055408971,
    "neg_rec": 0.8713864306784661,
    "pos_rec": 0.27635619242579323,
    "neg_f": 0.644134321849106,
    "pos_f": 0.39823008849557523,
    "tn": 1477,
    "fp": 218,
    "fn": 1414,
    "tp": 540,
    "sensitivity": 0.27635619242579323,
    "specificity": 0.8713864306784661,
    "acc": 0.5527541792271855
}