{
    "fbeta-1.0": 0.6320868516284681,
    "neg_prec": 0.5282258064516129,
    "pos_prec": 0.8294294294294294,
    "neg_rec": 0.7867867867867868,
    "pos_rec": 0.5960293482952094,
    "neg_f": 0.6320868516284681,
    "pos_f": 0.6936212958312407,
    "tn": 1048,
    "fp": 284,
    "fn": 936,
    "tp": 1381,
    "sensitivity": 0.5960293482952094,
    "specificity": 0.7867867867867868,
    "acc": 0.6656618251575774
}