{
    "fbeta-1.0": 0.4881889763779528,
    "neg_prec": 0.3587390263367917,
    "pos_prec": 0.7567804024496938,
    "neg_rec": 0.7638062871707731,
    "pos_rec": 0.3499190938511327,
    "neg_f": 0.4881889763779528,
    "pos_f": 0.4785615491009682,
    "tn": 899,
    "fp": 278,
    "fn": 1607,
    "tp": 865,
    "sensitivity": 0.3499190938511327,
    "specificity": 0.7638062871707731,
    "acc": 0.4834201151000274
}