{
    "fbeta-1.0": 0.5497131931166348,
    "neg_prec": 0.40350877192982454,
    "pos_prec": 0.769712140175219,
    "neg_rec": 0.8620689655172413,
    "pos_rec": 0.265658747300216,
    "neg_f": 0.5497131931166348,
    "pos_f": 0.39499036608863203,
    "tn": 1150,
    "fp": 184,
    "fn": 1700,
    "tp": 615,
    "sensitivity": 0.265658747300216,
    "specificity": 0.8620689655172413,
    "acc": 0.4836941627843245
}