{
    "fbeta-1.0": 0.5863151286880101,
    "neg_prec": 0.49575371549893843,
    "pos_prec": 0.7915014164305949,
    "neg_rec": 0.717357910906298,
    "pos_rec": 0.5952279505752024,
    "neg_f": 0.5863151286880101,
    "pos_f": 0.6794747081712064,
    "tn": 934,
    "fp": 368,
    "fn": 950,
    "tp": 1397,
    "sensitivity": 0.5952279505752024,
    "specificity": 0.717357910906298,
    "acc": 0.6388051520964648
}