{
    "fbeta-1.0": 0.5894156007022825,
    "neg_prec": 0.48493602971522903,
    "pos_prec": 0.6827079934747146,
    "neg_rec": 0.7512787723785166,
    "pos_rec": 0.4014388489208633,
    "neg_f": 0.5894156007022825,
    "pos_f": 0.505587435819994,
    "tn": 1175,
    "fp": 389,
    "fn": 1248,
    "tp": 837,
    "sensitivity": 0.4014388489208633,
    "specificity": 0.7512787723785166,
    "acc": 0.5513839408057002
}