{
    "fbeta-1.0": 0.5854545454545454,
    "neg_prec": 0.53060263653484,
    "pos_prec": 0.6072131147540983,
    "neg_rec": 0.652954808806489,
    "pos_rec": 0.48153926157046284,
    "neg_f": 0.5854545454545454,
    "pos_f": 0.537122969837587,
    "tn": 1127,
    "fp": 599,
    "fn": 997,
    "tp": 926,
    "sensitivity": 0.48153926157046284,
    "specificity": 0.652954808806489,
    "acc": 0.56261989586188
}