{
    "fbeta-1.0": 0.5209800056322164,
    "neg_prec": 0.43204110228865017,
    "pos_prec": 0.6783819628647215,
    "neg_rec": 0.6560283687943262,
    "pos_rec": 0.456900401965163,
    "neg_f": 0.5209800056322164,
    "pos_f": 0.5460368294635708,
    "tn": 925,
    "fp": 485,
    "fn": 1216,
    "tp": 1023,
    "sensitivity": 0.456900401965163,
    "specificity": 0.6560283687943262,
    "acc": 0.5338448890106878
}