{
    "fbeta-1.0": 0.5114135206321335,
    "neg_prec": 0.34838516746411485,
    "pos_prec": 0.8459016393442623,
    "neg_rec": 0.9612211221122112,
    "pos_rec": 0.10586787033237587,
    "neg_f": 0.5114135206321335,
    "pos_f": 0.18818380743982493,
    "tn": 1165,
    "fp": 47,
    "fn": 2179,
    "tp": 258,
    "sensitivity": 0.10586787033237587,
    "specificity": 0.9612211221122112,
    "acc": 0.38996985475472734
}