{
    "fbeta-1.0": 0.6042144794491967,
    "neg_prec": 0.4481584648715568,
    "pos_prec": 0.7272727272727273,
    "neg_rec": 0.9270166453265045,
    "pos_rec": 0.1456636320076665,
    "neg_f": 0.6042144794491967,
    "pos_f": 0.2427145708582834,
    "tn": 1448,
    "fp": 114,
    "fn": 1783,
    "tp": 304,
    "sensitivity": 0.1456636320076665,
    "specificity": 0.9270166453265045,
    "acc": 0.4801315428884626
}