{
    "fbeta-1.0": 0.5302325581395348,
    "neg_prec": 0.4052132701421801,
    "pos_prec": 0.720680393912265,
    "neg_rec": 0.7668161434977578,
    "pos_rec": 0.348334054521852,
    "neg_f": 0.5302325581395348,
    "pos_f": 0.469661610268378,
    "tn": 1026,
    "fp": 312,
    "fn": 1506,
    "tp": 805,
    "sensitivity": 0.348334054521852,
    "specificity": 0.7668161434977578,
    "acc": 0.5017813099479309
}