{
    "fbeta-1.0": 0.6007857358718647,
    "neg_prec": 0.5234333859926277,
    "pos_prec": 0.7622857142857142,
    "neg_rec": 0.7049645390070922,
    "pos_rec": 0.5958016971862439,
    "neg_f": 0.6007857358718647,
    "pos_f": 0.6688393080972674,
    "tn": 994,
    "fp": 416,
    "fn": 905,
    "tp": 1334,
    "sensitivity": 0.5958016971862439,
    "specificity": 0.7049645390070922,
    "acc": 0.6379830090435736
}