{
    "fbeta-1.0": 0.6598249320857229,
    "neg_prec": 0.582312200319659,
    "pos_prec": 0.8064334085778782,
    "neg_rec": 0.7611420612813371,
    "pos_rec": 0.6457297785811116,
    "neg_f": 0.6598249320857229,
    "pos_f": 0.7171894604767879,
    "tn": 1093,
    "fp": 343,
    "fn": 784,
    "tp": 1429,
    "sensitivity": 0.6457297785811116,
    "specificity": 0.7611420612813371,
    "acc": 0.6911482597972047
}