{
    "fbeta-1.0": 0.6350846971002009,
    "neg_prec": 0.5622775800711743,
    "pos_prec": 0.7562425683709869,
    "neg_rec": 0.7295514511873351,
    "pos_rec": 0.5963431786216596,
    "neg_f": 0.6350846971002009,
    "pos_f": 0.6668414154652686,
    "tn": 1106,
    "fp": 410,
    "fn": 861,
    "tp": 1272,
    "sensitivity": 0.5963431786216596,
    "specificity": 0.7295514511873351,
    "acc": 0.651685393258427
}