{
    "fbeta-1.0": 0.5092364532019704,
    "neg_prec": 0.456401766004415,
    "pos_prec": 0.668481219379423,
    "neg_rec": 0.5759052924791086,
    "pos_rec": 0.5549028468142793,
    "neg_f": 0.5092364532019704,
    "pos_f": 0.6064197530864197,
    "tn": 827,
    "fp": 609,
    "fn": 985,
    "tp": 1228,
    "sensitivity": 0.5549028468142793,
    "specificity": 0.5759052924791086,
    "acc": 0.5631679912304741
}