{
    "fbeta-1.0": 0.6017794553788084,
    "neg_prec": 0.4783540505786541,
    "pos_prec": 0.8024316109422492,
    "neg_rec": 0.811046511627907,
    "pos_rec": 0.4645842498900132,
    "neg_f": 0.6017794553788084,
    "pos_f": 0.588464753413207,
    "tn": 1116,
    "fp": 260,
    "fn": 1217,
    "tp": 1056,
    "sensitivity": 0.4645842498900132,
    "specificity": 0.811046511627907,
    "acc": 0.595231570293231
}