{
    "fbeta-1.0": 0.5485926712692513,
    "neg_prec": 0.41602899718082964,
    "pos_prec": 0.7855917667238422,
    "neg_rec": 0.8051441932969603,
    "pos_rec": 0.3871513102282333,
    "neg_f": 0.5485926712692513,
    "pos_f": 0.5186862967157417,
    "tn": 1033,
    "fp": 250,
    "fn": 1450,
    "tp": 916,
    "sensitivity": 0.3871513102282333,
    "specificity": 0.8051441932969603,
    "acc": 0.5341189366949849
}