{
    "fbeta-1.0": 0.6318941851759421,
    "neg_prec": 0.5530799475753604,
    "pos_prec": 0.6676470588235294,
    "neg_rec": 0.7369033760186263,
    "pos_rec": 0.4702226825479026,
    "neg_f": 0.6318941851759421,
    "pos_f": 0.5518079611060468,
    "tn": 1266,
    "fp": 452,
    "fn": 1023,
    "tp": 908,
    "sensitivity": 0.4702226825479026,
    "specificity": 0.7369033760186263,
    "acc": 0.5957796656618252
}