{
    "fbeta-1.0": 0.689880304678999,
    "neg_prec": 0.6255550074000986,
    "pos_prec": 0.7651048088779285,
    "neg_rec": 0.7689508793208005,
    "pos_rec": 0.6205,
    "neg_f": 0.689880304678999,
    "pos_f": 0.6852567642186638,
    "tn": 1268,
    "fp": 381,
    "fn": 759,
    "tp": 1241,
    "sensitivity": 0.6205,
    "specificity": 0.7689508793208005,
    "acc": 0.6875856399013428
}