{
    "fbeta-1.0": 0.6728110599078341,
    "neg_prec": 0.5726811259806184,
    "pos_prec": 0.810391363022942,
    "neg_rec": 0.8153745072273325,
    "pos_rec": 0.5646450399623884,
    "neg_f": 0.6728110599078341,
    "pos_f": 0.6655583264062067,
    "tn": 1241,
    "fp": 281,
    "fn": 926,
    "tp": 1201,
    "sensitivity": 0.5646450399623884,
    "specificity": 0.8153745072273325,
    "acc": 0.6692244450534393
}