{
    "fbeta-1.0": 0.5862068965517241,
    "neg_prec": 0.46130653266331656,
    "pos_prec": 0.8649789029535865,
    "neg_rec": 0.8038528896672504,
    "pos_rec": 0.5723972875947347,
    "neg_f": 0.5862068965517241,
    "pos_f": 0.6889102256361018,
    "tn": 918,
    "fp": 224,
    "fn": 1072,
    "tp": 1435,
    "sensitivity": 0.5723972875947347,
    "specificity": 0.8038528896672504,
    "acc": 0.6448342011510003
}