{
    "fbeta-1.0": 0.48219674109837063,
    "neg_prec": 0.4035353535353535,
    "pos_prec": 0.6794487717195926,
    "neg_rec": 0.5989505247376312,
    "pos_rec": 0.4898488120950324,
    "neg_f": 0.48219674109837063,
    "pos_f": 0.569277108433735,
    "tn": 799,
    "fp": 535,
    "fn": 1181,
    "tp": 1134,
    "sensitivity": 0.4898488120950324,
    "specificity": 0.5989505247376312,
    "acc": 0.5297341737462319
}