{
    "fbeta-1.0": 0.6275659824046921,
    "neg_prec": 0.5252822778595975,
    "pos_prec": 0.8120347394540943,
    "neg_rec": 0.7793153678077204,
    "pos_rec": 0.5751318101933216,
    "neg_f": 0.6275659824046921,
    "pos_f": 0.6733539094650206,
    "tn": 1070,
    "fp": 303,
    "fn": 967,
    "tp": 1309,
    "sensitivity": 0.5751318101933216,
    "specificity": 0.7793153678077204,
    "acc": 0.6519594409427241
}