{
    "fbeta-1.0": 0.6319630260277305,
    "neg_prec": 0.5446540880503145,
    "pos_prec": 0.6621835443037974,
    "neg_rec": 0.7526071842410197,
    "pos_rec": 0.43525741029641185,
    "neg_f": 0.6319630260277305,
    "pos_f": 0.5252588641355507,
    "tn": 1299,
    "fp": 427,
    "fn": 1086,
    "tp": 837,
    "sensitivity": 0.43525741029641185,
    "specificity": 0.7526071842410197,
    "acc": 0.5853658536585366
}