{
    "fbeta-1.0": 0.5866039952996475,
    "neg_prec": 0.463768115942029,
    "pos_prec": 0.6701461377870563,
    "neg_rec": 0.7979539641943734,
    "pos_rec": 0.3079136690647482,
    "neg_f": 0.5866039952996475,
    "pos_f": 0.42195202103187646,
    "tn": 1248,
    "fp": 316,
    "fn": 1443,
    "tp": 642,
    "sensitivity": 0.3079136690647482,
    "specificity": 0.7979539641943734,
    "acc": 0.517950123321458
}