{
    "fbeta-1.0": 0.5588161524956108,
    "neg_prec": 0.43669149353194825,
    "pos_prec": 0.7067395264116576,
    "neg_rec": 0.775766016713092,
    "pos_rec": 0.350655219159512,
    "neg_f": 0.5588161524956108,
    "pos_f": 0.46874056176381756,
    "tn": 1114,
    "fp": 322,
    "fn": 1437,
    "tp": 776,
    "sensitivity": 0.350655219159512,
    "specificity": 0.775766016713092,
    "acc": 0.517950123321458
}