{
    "fbeta-1.0": 0.5596282911719154,
    "neg_prec": 0.42845849802371544,
    "pos_prec": 0.7676496872207328,
    "neg_rec": 0.8065476190476191,
    "pos_rec": 0.3726681127982646,
    "neg_f": 0.5596282911719154,
    "pos_f": 0.5017523364485982,
    "tn": 1084,
    "fp": 260,
    "fn": 1446,
    "tp": 859,
    "sensitivity": 0.3726681127982646,
    "specificity": 0.8065476190476191,
    "acc": 0.5324746505892025
}