{
    "fbeta-1.0": 0.5826271186440678,
    "neg_prec": 0.47109207708779444,
    "pos_prec": 0.7404870624048706,
    "neg_rec": 0.7633587786259542,
    "pos_rec": 0.44067028985507245,
    "neg_f": 0.5826271186440678,
    "pos_f": 0.552526973310619,
    "tn": 1100,
    "fp": 341,
    "fn": 1235,
    "tp": 973,
    "sensitivity": 0.44067028985507245,
    "specificity": 0.7633587786259542,
    "acc": 0.5681008495478214
}