{
    "fbeta-1.0": 0.5795616282379732,
    "neg_prec": 0.551462621885157,
    "pos_prec": 0.6400443704936217,
    "neg_rec": 0.6106778644271146,
    "pos_rec": 0.5822401614530777,
    "neg_f": 0.5795616282379732,
    "pos_f": 0.6097754293262879,
    "tn": 1018,
    "fp": 649,
    "fn": 828,
    "tp": 1154,
    "sensitivity": 0.5822401614530777,
    "specificity": 0.6106778644271146,
    "acc": 0.595231570293231
}