{
    "fbeta-1.0": 0.5738194859533772,
    "neg_prec": 0.5039370078740157,
    "pos_prec": 0.724197247706422,
    "neg_rec": 0.666204024982651,
    "pos_rec": 0.5720108695652174,
    "neg_f": 0.5738194859533772,
    "pos_f": 0.6391700404858299,
    "tn": 960,
    "fp": 481,
    "fn": 945,
    "tp": 1263,
    "sensitivity": 0.5720108695652174,
    "specificity": 0.666204024982651,
    "acc": 0.6092080021923815
}