{
    "fbeta-1.0": 0.5818181818181817,
    "neg_prec": 0.5017994858611825,
    "pos_prec": 0.7453051643192489,
    "neg_rec": 0.6921985815602837,
    "pos_rec": 0.5672175078159892,
    "neg_f": 0.5818181818181817,
    "pos_f": 0.6441795587116409,
    "tn": 976,
    "fp": 434,
    "fn": 969,
    "tp": 1270,
    "sensitivity": 0.5672175078159892,
    "specificity": 0.6921985815602837,
    "acc": 0.615511098931214
}