{
    "fbeta-1.0": 0.6170461179217747,
    "neg_prec": 0.5062260536398467,
    "pos_prec": 0.8199871877001922,
    "neg_rec": 0.7899850523168909,
    "pos_rec": 0.553872782345305,
    "neg_f": 0.6170461179217747,
    "pos_f": 0.6611570247933884,
    "tn": 1057,
    "fp": 281,
    "fn": 1031,
    "tp": 1280,
    "sensitivity": 0.553872782345305,
    "specificity": 0.7899850523168909,
    "acc": 0.6404494382022472
}