{
    "fbeta-1.0": 0.6338244996701121,
    "neg_prec": 0.5093672675857194,
    "pos_prec": 0.6621951219512195,
    "neg_rec": 0.8387660069848661,
    "pos_rec": 0.2812014500258933,
    "neg_f": 0.6338244996701121,
    "pos_f": 0.3947655398037077,
    "tn": 1441,
    "fp": 277,
    "fn": 1388,
    "tp": 543,
    "sensitivity": 0.2812014500258933,
    "specificity": 0.8387660069848661,
    "acc": 0.5437106056453823
}