{
    "fbeta-1.0": 0.594137839978875,
    "neg_prec": 0.4656456953642384,
    "pos_prec": 0.8004866180048662,
    "neg_rec": 0.8205689277899344,
    "pos_rec": 0.43327480245829675,
    "neg_f": 0.594137839978875,
    "pos_f": 0.5622329820563943,
    "tn": 1125,
    "fp": 246,
    "fn": 1291,
    "tp": 987,
    "sensitivity": 0.43327480245829675,
    "specificity": 0.8205689277899344,
    "acc": 0.5787887092354069
}