{
    "fbeta-1.0": 0.5193821043427571,
    "neg_prec": 0.4408708560118753,
    "pos_prec": 0.6812039312039312,
    "neg_rec": 0.6319148936170212,
    "pos_rec": 0.4953104064314426,
    "neg_f": 0.5193821043427571,
    "pos_f": 0.5735712438582881,
    "tn": 891,
    "fp": 519,
    "fn": 1130,
    "tp": 1109,
    "sensitivity": 0.4953104064314426,
    "specificity": 0.6319148936170212,
    "acc": 0.5480953685941354
}