{
    "fbeta-1.0": 0.5506619832477709,
    "neg_prec": 0.4640255009107468,
    "pos_prec": 0.6655196145905025,
    "neg_rec": 0.6770764119601329,
    "pos_rec": 0.4510261194029851,
    "neg_f": 0.5506619832477709,
    "pos_f": 0.5376702807895468,
    "tn": 1019,
    "fp": 486,
    "fn": 1177,
    "tp": 967,
    "sensitivity": 0.4510261194029851,
    "specificity": 0.6770764119601329,
    "acc": 0.5442587010139764
}