{
    "fbeta-1.0": 0.5948561242678889,
    "neg_prec": 0.4673869547819128,
    "pos_prec": 0.7739130434782608,
    "neg_rec": 0.8179271708683473,
    "pos_rec": 0.4007203962179199,
    "neg_f": 0.5948561242678889,
    "pos_f": 0.5280332245624444,
    "tn": 1168,
    "fp": 260,
    "fn": 1331,
    "tp": 890,
    "sensitivity": 0.4007203962179199,
    "specificity": 0.8179271708683473,
    "acc": 0.5639901342833653
}