{
    "fbeta-1.0": 0.686461454644511,
    "neg_prec": 0.6092843326885881,
    "pos_prec": 0.7830487033523087,
    "neg_rec": 0.7860262008733624,
    "pos_rec": 0.6050830889540567,
    "neg_f": 0.686461454644511,
    "pos_f": 0.6826578439481665,
    "tn": 1260,
    "fp": 343,
    "fn": 808,
    "tp": 1238,
    "sensitivity": 0.6050830889540567,
    "specificity": 0.7860262008733624,
    "acc": 0.6845711153740751
}