{
    "fbeta-1.0": 0.5348246059989832,
    "neg_prec": 0.41077704021866457,
    "pos_prec": 0.7049632352941176,
    "neg_rec": 0.7662053896576839,
    "pos_rec": 0.3369947275922671,
    "neg_f": 0.5348246059989832,
    "pos_f": 0.45600475624256825,
    "tn": 1052,
    "fp": 321,
    "fn": 1509,
    "tp": 767,
    "sensitivity": 0.3369947275922671,
    "specificity": 0.7662053896576839,
    "acc": 0.49849273773636615
}