{
    "fbeta-1.0": 0.5950413223140496,
    "neg_prec": 0.4638255698711596,
    "pos_prec": 0.882280809319436,
    "neg_rec": 0.8297872340425532,
    "pos_rec": 0.5708052360174534,
    "neg_f": 0.5950413223140496,
    "pos_f": 0.6931599229287091,
    "tn": 936,
    "fp": 192,
    "fn": 1082,
    "tp": 1439,
    "sensitivity": 0.5708052360174534,
    "specificity": 0.8297872340425532,
    "acc": 0.6508632502055358
}