{
    "fbeta-1.0": 0.6076527698458024,
    "neg_prec": 0.5602948920484465,
    "pos_prec": 0.692,
    "neg_rec": 0.6637554585152838,
    "pos_rec": 0.5918866080156403,
    "neg_f": 0.6076527698458024,
    "pos_f": 0.6380400421496312,
    "tn": 1064,
    "fp": 539,
    "fn": 835,
    "tp": 1211,
    "sensitivity": 0.5918866080156403,
    "specificity": 0.6637554585152838,
    "acc": 0.623458481775829
}