{
    "fbeta-1.0": 0.648980912326108,
    "neg_prec": 0.603126879134095,
    "pos_prec": 0.7860020140986909,
    "neg_rec": 0.7023809523809523,
    "pos_rec": 0.7028365601080594,
    "neg_f": 0.648980912326108,
    "pos_f": 0.7420965058236273,
    "tn": 1003,
    "fp": 425,
    "fn": 660,
    "tp": 1561,
    "sensitivity": 0.7028365601080594,
    "specificity": 0.7023809523809523,
    "acc": 0.7026582625376816
}