{
    "fbeta-1.0": 0.5388888888888889,
    "neg_prec": 0.41212823483970645,
    "pos_prec": 0.7132075471698113,
    "neg_rec": 0.7782640408460978,
    "pos_rec": 0.33187006145741876,
    "neg_f": 0.5388888888888889,
    "pos_f": 0.4529658478130617,
    "tn": 1067,
    "fp": 304,
    "fn": 1522,
    "tp": 756,
    "sensitivity": 0.33187006145741876,
    "specificity": 0.7782640408460978,
    "acc": 0.4995889284735544
}