{
    "fbeta-1.0": 0.5473506200676438,
    "neg_prec": 0.4470534069981584,
    "pos_prec": 0.7257955314827352,
    "neg_rec": 0.7056686046511628,
    "pos_rec": 0.471623405191377,
    "neg_f": 0.5473506200676438,
    "pos_f": 0.5717333333333333,
    "tn": 971,
    "fp": 405,
    "fn": 1201,
    "tp": 1072,
    "sensitivity": 0.471623405191377,
    "specificity": 0.7056686046511628,
    "acc": 0.5598794190189093
}