{
    "fbeta-1.0": 0.596823891917516,
    "neg_prec": 0.4638909358879882,
    "pos_prec": 0.7368983957219252,
    "neg_rec": 0.8365448504983388,
    "pos_rec": 0.32136194029850745,
    "neg_f": 0.596823891917516,
    "pos_f": 0.4475479051640143,
    "tn": 1259,
    "fp": 246,
    "fn": 1455,
    "tp": 689,
    "sensitivity": 0.32136194029850745,
    "specificity": 0.8365448504983388,
    "acc": 0.5338448890106878
}