{
    "fbeta-1.0": 0.6471686372121968,
    "neg_prec": 0.5040387722132472,
    "pos_prec": 0.7003610108303249,
    "neg_rec": 0.9038238702201622,
    "pos_rec": 0.2017680707228289,
    "neg_f": 0.6471686372121968,
    "pos_f": 0.3132821962050868,
    "tn": 1560,
    "fp": 166,
    "fn": 1535,
    "tp": 388,
    "sensitivity": 0.2017680707228289,
    "specificity": 0.9038238702201622,
    "acc": 0.5338448890106878
}