{
    "fbeta-1.0": 0.5834328001909763,
    "neg_prec": 0.4571642349420127,
    "pos_prec": 0.6987704918032787,
    "neg_rec": 0.8060686015831134,
    "pos_rec": 0.3197374589779653,
    "neg_f": 0.5834328001909763,
    "pos_f": 0.4387262785461563,
    "tn": 1222,
    "fp": 294,
    "fn": 1451,
    "tp": 682,
    "sensitivity": 0.3197374589779653,
    "specificity": 0.8060686015831134,
    "acc": 0.5217867909016168
}