{
    "fbeta-1.0": 0.6283095723014257,
    "neg_prec": 0.512884455527847,
    "pos_prec": 0.7683024939662108,
    "neg_rec": 0.8107752956636005,
    "pos_rec": 0.44898918664786086,
    "neg_f": 0.6283095723014257,
    "pos_f": 0.5667655786350149,
    "tn": 1234,
    "fp": 288,
    "fn": 1172,
    "tp": 955,
    "sensitivity": 0.44898918664786086,
    "specificity": 0.8107752956636005,
    "acc": 0.5998903809262812
}