{
    "fbeta-1.0": 0.578552117753079,
    "neg_prec": 0.4474907063197026,
    "pos_prec": 0.8570474281897128,
    "neg_rec": 0.8181818181818182,
    "pos_rec": 0.5190129449838188,
    "neg_f": 0.578552117753079,
    "pos_f": 0.6465104560342656,
    "tn": 963,
    "fp": 214,
    "fn": 1189,
    "tp": 1283,
    "sensitivity": 0.5190129449838188,
    "specificity": 0.8181818181818182,
    "acc": 0.615511098931214
}