{
    "fbeta-1.0": 0.6568730325288562,
    "neg_prec": 0.5569395017793595,
    "pos_prec": 0.7773019271948608,
    "neg_rec": 0.8005115089514067,
    "pos_rec": 0.5223021582733813,
    "neg_f": 0.6568730325288562,
    "pos_f": 0.6247848537005163,
    "tn": 1252,
    "fp": 312,
    "fn": 996,
    "tp": 1089,
    "sensitivity": 0.5223021582733813,
    "specificity": 0.8005115089514067,
    "acc": 0.6415456289394355
}