{
    "fbeta-1.0": 0.6167006109979634,
    "neg_prec": 0.45809379727685323,
    "pos_prec": 0.7354651162790697,
    "neg_rec": 0.9433021806853582,
    "pos_rec": 0.12377690802348336,
    "neg_f": 0.6167006109979634,
    "pos_f": 0.211892797319933,
    "tn": 1514,
    "fp": 91,
    "fn": 1791,
    "tp": 253,
    "sensitivity": 0.12377690802348336,
    "specificity": 0.9433021806853582,
    "acc": 0.4842422581529186
}