{
    "fbeta-1.0": 0.5756509500351864,
    "neg_prec": 0.47724620770128356,
    "pos_prec": 0.8397932816537468,
    "neg_rec": 0.725177304964539,
    "pos_rec": 0.6445854819516065,
    "neg_f": 0.5756509500351864,
    "pos_f": 0.7293536804308798,
    "tn": 818,
    "fp": 310,
    "fn": 896,
    "tp": 1625,
    "sensitivity": 0.6445854819516065,
    "specificity": 0.725177304964539,
    "acc": 0.6694984927377363
}