{
    "fbeta-1.0": 0.6190336749633968,
    "neg_prec": 0.5341081354219303,
    "pos_prec": 0.7730538922155689,
    "neg_rec": 0.7360724233983287,
    "pos_rec": 0.5833709896068685,
    "neg_f": 0.6190336749633968,
    "pos_f": 0.6649497810970899,
    "tn": 1057,
    "fp": 379,
    "fn": 922,
    "tp": 1291,
    "sensitivity": 0.5833709896068685,
    "specificity": 0.7360724233983287,
    "acc": 0.6434639627295149
}