{
    "fbeta-1.0": 0.5971181556195966,
    "neg_prec": 0.5689181768259198,
    "pos_prec": 0.6646608315098468,
    "neg_rec": 0.6282595512431777,
    "pos_rec": 0.6075,
    "neg_f": 0.5971181556195966,
    "pos_f": 0.6347962382445141,
    "tn": 1036,
    "fp": 613,
    "fn": 785,
    "tp": 1215,
    "sensitivity": 0.6075,
    "specificity": 0.6282595512431777,
    "acc": 0.6168813373526993
}