{
    "fbeta-1.0": 0.6071428571428571,
    "neg_prec": 0.5004145936981758,
    "pos_prec": 0.7113985448666128,
    "neg_rec": 0.7717391304347826,
    "pos_rec": 0.42206235011990406,
    "neg_f": 0.6071428571428571,
    "pos_f": 0.5298013245033112,
    "tn": 1207,
    "fp": 357,
    "fn": 1205,
    "tp": 880,
    "sensitivity": 0.42206235011990406,
    "specificity": 0.7717391304347826,
    "acc": 0.5719375171279802
}