{
    "fbeta-1.0": 0.6261501210653754,
    "neg_prec": 0.5120792079207921,
    "pos_prec": 0.7224199288256228,
    "neg_rec": 0.805607476635514,
    "pos_rec": 0.3972602739726027,
    "neg_f": 0.6261501210653754,
    "pos_f": 0.5126262626262625,
    "tn": 1293,
    "fp": 312,
    "fn": 1232,
    "tp": 812,
    "sensitivity": 0.3972602739726027,
    "specificity": 0.805607476635514,
    "acc": 0.5768703754453275
}