{
    "fbeta-1.0": 0.5917542441390461,
    "neg_prec": 0.46153846153846156,
    "pos_prec": 0.815748031496063,
    "neg_rec": 0.8243243243243243,
    "pos_rec": 0.4471299093655589,
    "neg_f": 0.5917542441390461,
    "pos_f": 0.5776414831335378,
    "tn": 1098,
    "fp": 234,
    "fn": 1281,
    "tp": 1036,
    "sensitivity": 0.4471299093655589,
    "specificity": 0.8243243243243243,
    "acc": 0.5848177582899424
}