{
    "fbeta-1.0": 0.5834559905799234,
    "neg_prec": 0.5400544959128065,
    "pos_prec": 0.685226019845645,
    "neg_rec": 0.6344430217669654,
    "pos_rec": 0.5955917585050311,
    "neg_f": 0.5834559905799234,
    "pos_f": 0.6372724942322481,
    "tn": 991,
    "fp": 571,
    "fn": 844,
    "tp": 1243,
    "sensitivity": 0.5955917585050311,
    "specificity": 0.6344430217669654,
    "acc": 0.6122225267196493
}