{
    "fbeta-1.0": 0.6169621875667592,
    "neg_prec": 0.4762532981530343,
    "pos_prec": 0.6677471636952999,
    "neg_rec": 0.8756822316555488,
    "pos_rec": 0.206,
    "neg_f": 0.6169621875667592,
    "pos_f": 0.31486434849063816,
    "tn": 1444,
    "fp": 205,
    "fn": 1588,
    "tp": 412,
    "sensitivity": 0.206,
    "specificity": 0.8756822316555488,
    "acc": 0.5086325020553576
}