{
    "fbeta-1.0": 0.6809831824062096,
    "neg_prec": 0.6064516129032258,
    "pos_prec": 0.7437457741717377,
    "neg_rec": 0.776401179941003,
    "pos_rec": 0.5629477993858751,
    "neg_f": 0.6809831824062096,
    "pos_f": 0.6408389163996505,
    "tn": 1316,
    "fp": 379,
    "fn": 854,
    "tp": 1100,
    "sensitivity": 0.5629477993858751,
    "specificity": 0.776401179941003,
    "acc": 0.6620992052617155
}