{
    "fbeta-1.0": 0.6049716957912872,
    "neg_prec": 0.48252846486062034,
    "pos_prec": 0.7395644283121597,
    "neg_rec": 0.8106860158311345,
    "pos_rec": 0.3820909517112049,
    "neg_f": 0.6049716957912872,
    "pos_f": 0.5038639876352397,
    "tn": 1229,
    "fp": 287,
    "fn": 1318,
    "tp": 815,
    "sensitivity": 0.3820909517112049,
    "specificity": 0.8106860158311345,
    "acc": 0.5601534667032063
}