{
    "fbeta-1.0": 0.6260257913247362,
    "neg_prec": 0.5241460541813898,
    "pos_prec": 0.6524500907441017,
    "neg_rec": 0.7770663562281723,
    "pos_rec": 0.3723459347488348,
    "neg_f": 0.6260257913247362,
    "pos_f": 0.4741180349488955,
    "tn": 1335,
    "fp": 383,
    "fn": 1212,
    "tp": 719,
    "sensitivity": 0.3723459347488348,
    "specificity": 0.7770663562281723,
    "acc": 0.5628939435461771
}