{
    "fbeta-1.0": 0.6157079064880483,
    "neg_prec": 0.49535080304311074,
    "pos_prec": 0.7903351519875292,
    "neg_rec": 0.813324080499653,
    "pos_rec": 0.4592391304347826,
    "neg_f": 0.6157079064880483,
    "pos_f": 0.580922371813234,
    "tn": 1172,
    "fp": 269,
    "fn": 1194,
    "tp": 1014,
    "sensitivity": 0.4592391304347826,
    "specificity": 0.813324080499653,
    "acc": 0.5990682378733899
}