{
    "fbeta-1.0": 0.664775657555441,
    "neg_prec": 0.5989776951672863,
    "pos_prec": 0.7080828323313293,
    "neg_rec": 0.7468134414831982,
    "pos_rec": 0.5512220488819553,
    "neg_f": 0.664775657555441,
    "pos_f": 0.6198830409356725,
    "tn": 1289,
    "fp": 437,
    "fn": 863,
    "tp": 1060,
    "sensitivity": 0.5512220488819553,
    "specificity": 0.7468134414831982,
    "acc": 0.643738010413812
}