{
    "fbeta-1.0": 0.596969696969697,
    "neg_prec": 0.511954261954262,
    "pos_prec": 0.7733333333333333,
    "neg_rec": 0.715843023255814,
    "pos_rec": 0.5868895732512098,
    "neg_f": 0.596969696969697,
    "pos_f": 0.6673336668334166,
    "tn": 985,
    "fp": 391,
    "fn": 939,
    "tp": 1334,
    "sensitivity": 0.5868895732512098,
    "specificity": 0.715843023255814,
    "acc": 0.6355165798849
}