{
    "fbeta-1.0": 0.5863354037267081,
    "neg_prec": 0.47143427886536154,
    "pos_prec": 0.7015706806282722,
    "neg_rec": 0.7752956636005256,
    "pos_rec": 0.37799717912552894,
    "neg_f": 0.5863354037267081,
    "pos_f": 0.49129239230064153,
    "tn": 1180,
    "fp": 342,
    "fn": 1323,
    "tp": 804,
    "sensitivity": 0.37799717912552894,
    "specificity": 0.7752956636005256,
    "acc": 0.5437106056453823
}