{
    "fbeta-1.0": 0.5405254332029067,
    "neg_prec": 0.45144724556489263,
    "pos_prec": 0.6887856668878567,
    "neg_rec": 0.6733983286908078,
    "pos_rec": 0.46904654315408945,
    "neg_f": 0.5405254332029067,
    "pos_f": 0.5580645161290323,
    "tn": 967,
    "fp": 469,
    "fn": 1175,
    "tp": 1038,
    "sensitivity": 0.46904654315408945,
    "specificity": 0.6733983286908078,
    "acc": 0.5494656070156207
}