{
    "fbeta-1.0": 0.6643417611159547,
    "neg_prec": 0.6378348214285714,
    "pos_prec": 0.7275175013462574,
    "neg_rec": 0.6931473620375985,
    "pos_rec": 0.6755,
    "neg_f": 0.6643417611159547,
    "pos_f": 0.7005444646098004,
    "tn": 1143,
    "fp": 506,
    "fn": 649,
    "tp": 1351,
    "sensitivity": 0.6755,
    "specificity": 0.6931473620375985,
    "acc": 0.6834749246368869
}