{
    "fbeta-1.0": 0.5825676682393842,
    "neg_prec": 0.4527209571593979,
    "pos_prec": 0.7514177693761814,
    "neg_rec": 0.8168523676880223,
    "pos_rec": 0.359240849525531,
    "neg_f": 0.5825676682393842,
    "pos_f": 0.4860898807704066,
    "tn": 1173,
    "fp": 263,
    "fn": 1418,
    "tp": 795,
    "sensitivity": 0.359240849525531,
    "specificity": 0.8168523676880223,
    "acc": 0.5393258426966292
}