{
    "fbeta-1.0": 0.6251874062968515,
    "neg_prec": 0.5316617084572886,
    "pos_prec": 0.6929012345679012,
    "neg_rec": 0.758641600970285,
    "pos_rec": 0.449,
    "neg_f": 0.6251874062968515,
    "pos_f": 0.5449029126213593,
    "tn": 1251,
    "fp": 398,
    "fn": 1102,
    "tp": 898,
    "sensitivity": 0.449,
    "specificity": 0.758641600970285,
    "acc": 0.5889284735543985
}