{
    "fbeta-1.0": 0.4695065890285014,
    "neg_prec": 0.36115040075436117,
    "pos_prec": 0.7539267015706806,
    "neg_rec": 0.670753064798599,
    "pos_rec": 0.45951336258476266,
    "neg_f": 0.4695065890285014,
    "pos_f": 0.571003717472119,
    "tn": 766,
    "fp": 376,
    "fn": 1355,
    "tp": 1152,
    "sensitivity": 0.45951336258476266,
    "specificity": 0.670753064798599,
    "acc": 0.5256234584817758
}