{
    "fbeta-1.0": 0.4843991350015446,
    "neg_prec": 0.3717401612138454,
    "pos_prec": 0.7766233766233767,
    "neg_rec": 0.6950354609929078,
    "pos_rec": 0.47441491471638236,
    "neg_f": 0.4843991350015446,
    "pos_f": 0.5890174833784781,
    "tn": 784,
    "fp": 344,
    "fn": 1325,
    "tp": 1196,
    "sensitivity": 0.47441491471638236,
    "specificity": 0.6950354609929078,
    "acc": 0.5426144149081941
}