{
    "fbeta-1.0": 0.5922144224633057,
    "neg_prec": 0.4741951967296883,
    "pos_prec": 0.8528368794326241,
    "neg_rec": 0.7884451996601529,
    "pos_rec": 0.5837378640776699,
    "neg_f": 0.5922144224633057,
    "pos_f": 0.6930835734870318,
    "tn": 928,
    "fp": 249,
    "fn": 1029,
    "tp": 1443,
    "sensitivity": 0.5837378640776699,
    "specificity": 0.7884451996601529,
    "acc": 0.6497670594683475
}