{
    "fbeta-1.0": 0.6194272217301448,
    "neg_prec": 0.5134605971610376,
    "pos_prec": 0.8163138231631383,
    "neg_rec": 0.7805059523809523,
    "pos_rec": 0.568763557483731,
    "neg_f": 0.6194272217301448,
    "pos_f": 0.6704167732037841,
    "tn": 1049,
    "fp": 295,
    "fn": 994,
    "tp": 1311,
    "sensitivity": 0.568763557483731,
    "specificity": 0.7805059523809523,
    "acc": 0.6467525349410798
}