{
    "fbeta-1.0": 0.6071428571428572,
    "neg_prec": 0.46980552712384854,
    "pos_prec": 0.6824512534818942,
    "neg_rec": 0.8579439252336448,
    "pos_rec": 0.23972602739726026,
    "neg_f": 0.6071428571428572,
    "pos_f": 0.35481535119478635,
    "tn": 1377,
    "fp": 228,
    "fn": 1554,
    "tp": 490,
    "sensitivity": 0.23972602739726026,
    "specificity": 0.8579439252336448,
    "acc": 0.5116470265826254
}