{
    "fbeta-1.0": 0.5028332836266031,
    "neg_prec": 0.4175334323922734,
    "pos_prec": 0.6987730061349693,
    "neg_rec": 0.6319340329835083,
    "pos_rec": 0.4920086393088553,
    "neg_f": 0.5028332836266031,
    "pos_f": 0.5774397972116604,
    "tn": 843,
    "fp": 491,
    "fn": 1176,
    "tp": 1139,
    "sensitivity": 0.4920086393088553,
    "specificity": 0.6319340329835083,
    "acc": 0.5431625102767882
}