{
    "fbeta-1.0": 0.6590779738190096,
    "neg_prec": 0.5932377049180327,
    "pos_prec": 0.7619328226281673,
    "neg_rec": 0.7413572343149808,
    "pos_rec": 0.6195495927168184,
    "neg_f": 0.6590779738190096,
    "pos_f": 0.6834038054968288,
    "tn": 1158,
    "fp": 404,
    "fn": 794,
    "tp": 1293,
    "sensitivity": 0.6195495927168184,
    "specificity": 0.7413572343149808,
    "acc": 0.6716908742121129
}