{
    "fbeta-1.0": 0.4615861214374225,
    "neg_prec": 0.3632374451487079,
    "pos_prec": 0.7296620775969962,
    "neg_rec": 0.632965165675446,
    "pos_rec": 0.4716828478964401,
    "neg_f": 0.4615861214374225,
    "pos_f": 0.5729729729729729,
    "tn": 745,
    "fp": 432,
    "fn": 1306,
    "tp": 1166,
    "sensitivity": 0.4716828478964401,
    "specificity": 0.632965165675446,
    "acc": 0.5237051246916964
}